evidence_id,mapping_type,factor_1,factor_2,factor_1_display,factor_2_display,factor_aliases,factor_mapping_status,risk_factor_raw,space,space_categories,space_raw,recommendation,expected_effect,evidence_text,evidence_type_raw,evidence_type_standard,evidence_score,sms,tier,eligible,target_object,source,source_file,source_file_match_status,doi,source_url,search_text,review_status,review_note
E0001,single,일상생활의 불편함_시력,,시력,,시력|일상생활의 불편함_시력|시각기능,대표모델명_자동매핑,시력,침실,침실|주방|거실|복도|주거공간 전반,주거공간 전반(거실·주방·침실·복도 등),"거주지 내 주요 활동 공간에 밝고 고르게 분포된 조명 설치(추가 천장등, 작업등 및 간접조명 등으로 조명 균일화 및 국소 작업등 보완)하여 물체 식별성, 대비감 및 깊이 지각 향상",가정 내 조도 개선과 IADL 수행 난이도 감소(논문: 평균 조도 증가가 IADL 어려움 감소와 유의하게 연관됨); 물체 식별·대비 및 깊이 지각 향상,"공간: 침실. 개선전략: 거주지 내 주요 활동 공간에 밝고 고르게 분포된 조명 설치(추가 천장등, 작업등 및 간접조명 등으로 조명 균일화 및 국소 작업등 보완)하여 물체 식별성, 대비감 및 깊이 지각 향상. 기대효과: 가정 내 조도 개선과 IADL 수행 난이도 감소(논문: 평균 조도 증가가 IADL 어려움 감소와 유의하게 연관됨); 물체 식별·대비 및 깊이 지각 향상",단면연구,탐색적/관찰 연구,1,0.333,Tier 3,TRUE,조명,Relationship Between Home Environment Features and Dif?culty in Instrumental Activities of Daily Living and Other Patient-Reported Measures in Persons With Glaucoma,,미확인_0.45,10.1016/j.ajo.2026.02.049,https://doi.org/10.1016/j.ajo.2026.02.049,"위험요인=시력 | 모델요인=일상생활의 불편함_시력 | 별칭=시력|일상생활의 불편함_시력|시각기능 | 공간=침실|주방|거실|복도|주거공간 전반 | 개선대상=조명 | 개선전략=거주지 내 주요 활동 공간에 밝고 고르게 분포된 조명 설치(추가 천장등, 작업등 및 간접조명 등으로 조명 균일화 및 국소 작업등 보완)하여 물체 식별성, 대비감 및 깊이 지각 향상 | 기대효과=가정 내 조도 개선과 IADL 수행 난이도 감소(논문: 평균 조도 증가가 IADL 어려움 감소와 유의하게 연관됨); 물체 식별·대비 및 깊이 지각 향상 | 근거유형=탐색적/관찰 연구 | 출처=Relationship Between Home Environment Features and Dif?culty in Instrumental Activities of Daily Living and Other Patient-Reported Measures in Persons With Glaucoma",자동분류완료,
E0002,single,IADL,,IADL,,IADL|도구적 일상생활수행능력,대표모델명_자동매핑,IADL,침실,침실|주방|거실|복도|주거공간 전반,주거공간 전반(거실·주방·침실·복도 등),"일상 사용 상태로 조명 스위치/차광을 설정한 후 각 실의 조도를 디지털 광도계로 측정하여 평균 실내 조도 수준을 평가하고, 평가 결과에 따라 조명기구 교체·추가 설치 등을 통해 평균 조도 향상 유도",주택 평균 조도 파악을 통한 조명 개선으로 IADL 수행 난이도 감소 가능성(논문에서 평균 조도 증가와 IADL 어려움 감소 연관성 보고),"공간: 침실. 개선전략: 일상 사용 상태로 조명 스위치/차광을 설정한 후 각 실의 조도를 디지털 광도계로 측정하여 평균 실내 조도 수준을 평가하고, 평가 결과에 따라 조명기구 교체·추가 설치 등을 통해 평균 조도 향상 유도. 기대효과: 주택 평균 조도 파악을 통한 조명 개선으로 IADL 수행 난이도 감소 가능성(논문에서 평균 조도 증가와 IADL 어려움 감소 연관성 보고)",단면연구,탐색적/관찰 연구,1,0.333,Tier 3,TRUE,조명,Relationship Between Home Environment Features and Dif?culty in Instrumental Activities of Daily Living and Other Patient-Reported Measures in Persons With Glaucoma,,미확인_0.45,10.1016/j.ajo.2026.02.049,https://doi.org/10.1016/j.ajo.2026.02.049,"위험요인=IADL | 모델요인=IADL | 별칭=IADL|도구적 일상생활수행능력 | 공간=침실|주방|거실|복도|주거공간 전반 | 개선대상=조명 | 개선전략=일상 사용 상태로 조명 스위치/차광을 설정한 후 각 실의 조도를 디지털 광도계로 측정하여 평균 실내 조도 수준을 평가하고, 평가 결과에 따라 조명기구 교체·추가 설치 등을 통해 평균 조도 향상 유도 | 기대효과=주택 평균 조도 파악을 통한 조명 개선으로 IADL 수행 난이도 감소 가능성(논문에서 평균 조도 증가와 IADL 어려움 감소 연관성 보고) | 근거유형=탐색적/관찰 연구 | 출처=Relationship Between Home Environment Features and Dif?culty in Instrumental Activities of Daily Living and Other Patient-Reported Measures in Persons With Glaucoma",자동분류완료,
E0003,single,근력상태_의자나 침대에 앉았다가 일어나기 5회 반복,,근력상태_의자나 침대에 앉았다가 일어나기 5회 반복,,근력상태_의자나 침대에 앉았다가 일어나기 5회 반복,원문명_유지,근력상태_의자나 침대에 앉았다가 일어나기 5회 반복,욕실,욕실,"욕실, 화장실","변기 좌석 높이를 약 40 cm(comfort height)로 높이고(필요 시 교체), 변기 측면에 앉았다 일어설 때 잡을 수 있도록 벽체 보강 후 높이 80 cm의 안전손잡이 설치",앉고 일어설 때의 근력 부담 감소로 화장실 사용 시 안정성 및 독립적 수행성 향상(논문에서 변기 높이·손잡이 설치 권고 및 욕실 안전 강조),"공간: 욕실. 개선전략: 변기 좌석 높이를 약 40 cm(comfort height)로 높이고(필요 시 교체), 변기 측면에 앉았다 일어설 때 잡을 수 있도록 벽체 보강 후 높이 80 cm의 안전손잡이 설치. 기대효과: 앉고 일어설 때의 근력 부담 감소로 화장실 사용 시 안정성 및 독립적 수행성 향상(논문에서 변기 높이·손잡이 설치 권고 및 욕실 안전 강조)",,미분류,,,검토 필요,FALSE,"변기, 손잡이, 벽체",What is the evidence to support home environmental adaptation in Parkinson's disease? A call for multidisciplinary interventions,,미확인_0.46,10.1016/j.parkreldis.2015.08.025,https://doi.org/10.1016/j.parkreldis.2015.08.025,"위험요인=근력상태_의자나 침대에 앉았다가 일어나기 5회 반복 | 모델요인=근력상태_의자나 침대에 앉았다가 일어나기 5회 반복 | 별칭=근력상태_의자나 침대에 앉았다가 일어나기 5회 반복 | 공간=욕실 | 개선대상=변기, 손잡이, 벽체 | 개선전략=변기 좌석 높이를 약 40 cm(comfort height)로 높이고(필요 시 교체), 변기 측면에 앉았다 일어설 때 잡을 수 있도록 벽체 보강 후 높이 80 cm의 안전손잡이 설치 | 기대효과=앉고 일어설 때의 근력 부담 감소로 화장실 사용 시 안정성 및 독립적 수행성 향상(논문에서 변기 높이·손잡이 설치 권고 및 욕실 안전 강조) | 근거유형=미분류 | 출처=What is the evidence to support home environmental adaptation in Parkinson's disease? A call for multidisciplinary interventions",검토필요_근거유형없음,원문 논문에서 연구설계를 확인한 뒤 evidence_score를 입력해야 함
E0004,single,ADL,,ADL,,ADL|일상생활수행능력,대표모델명_자동매핑,ADL,욕실,욕실,욕실(샤워),"문턱 없는(curbless) 통합 샤워 공간 조성, 샤워 벤치 설치, 샤워 출입구 폭 확대 및 실내 회전반경 1.5 m 확보(휠체어 사용 가능성 고려)",욕실 내 이동 및 개인위생 활동의 사용성(Usability) 향상으로 ADL 수행 편의성 증가(논문에서 욕실 공간 확보·벤치 설치 권고),"공간: 욕실. 개선전략: 문턱 없는(curbless) 통합 샤워 공간 조성, 샤워 벤치 설치, 샤워 출입구 폭 확대 및 실내 회전반경 1.5 m 확보(휠체어 사용 가능성 고려). 기대효과: 욕실 내 이동 및 개인위생 활동의 사용성(Usability) 향상으로 ADL 수행 편의성 증가(논문에서 욕실 공간 확보·벤치 설치 권고)",,미분류,,,검토 필요,FALSE,"샤워, 샤워 벤치, 출입구",What is the evidence to support home environmental adaptation in Parkinson's disease? A call for multidisciplinary interventions,,미확인_0.46,10.1016/j.parkreldis.2015.08.025,https://doi.org/10.1016/j.parkreldis.2015.08.025,"위험요인=ADL | 모델요인=ADL | 별칭=ADL|일상생활수행능력 | 공간=욕실 | 개선대상=샤워, 샤워 벤치, 출입구 | 개선전략=문턱 없는(curbless) 통합 샤워 공간 조성, 샤워 벤치 설치, 샤워 출입구 폭 확대 및 실내 회전반경 1.5 m 확보(휠체어 사용 가능성 고려) | 기대효과=욕실 내 이동 및 개인위생 활동의 사용성(Usability) 향상으로 ADL 수행 편의성 증가(논문에서 욕실 공간 확보·벤치 설치 권고) | 근거유형=미분류 | 출처=What is the evidence to support home environmental adaptation in Parkinson's disease? A call for multidisciplinary interventions",검토필요_근거유형없음,원문 논문에서 연구설계를 확인한 뒤 evidence_score를 입력해야 함
E0005,single,낙상 경험,,낙상 경험,,낙상 경험|낙상경험|과거 낙상,대표모델명_자동매핑,낙상 경험,계단,계단|주거 외부,주거 외부 및 계단,"외부 계단 및 내부 계단에 견고한 난간(손잡이) 설치, 계단 가장자리에 엣징(가시적 표시) 적용, 외부 및 계단 표면에 미끄럼 방지 재질(논슬립) 적용",계단 관련 낙상·부상 위험 감소에 기여(논문에서 손잡이·엣징·미끄럼 방지 등을 포함한 저비용 개조군에서 부상률 26% 감소 보고),"공간: 계단. 개선전략: 외부 계단 및 내부 계단에 견고한 난간(손잡이) 설치, 계단 가장자리에 엣징(가시적 표시) 적용, 외부 및 계단 표면에 미끄럼 방지 재질(논슬립) 적용. 기대효과: 계단 관련 낙상·부상 위험 감소에 기여(논문에서 손잡이·엣징·미끄럼 방지 등을 포함한 저비용 개조군에서 부상률 26% 감소 보고)",클러스터 무작위 대조시험(논문에서 Keall et al.의 클러스터 RCT 결과 인용),2차 인용 RCT 근거,2,0.667,Tier 2,TRUE,"난간(손잡이), 계단 엣지, 바닥 표면",What is the evidence to support home environmental adaptation in Parkinson's disease? A call for multidisciplinary interventions,,미확인_0.46,10.1016/j.parkreldis.2015.08.025,https://doi.org/10.1016/j.parkreldis.2015.08.025,"위험요인=낙상 경험 | 모델요인=낙상 경험 | 별칭=낙상 경험|낙상경험|과거 낙상 | 공간=계단|주거 외부 | 개선대상=난간(손잡이), 계단 엣지, 바닥 표면 | 개선전략=외부 계단 및 내부 계단에 견고한 난간(손잡이) 설치, 계단 가장자리에 엣징(가시적 표시) 적용, 외부 및 계단 표면에 미끄럼 방지 재질(논슬립) 적용 | 기대효과=계단 관련 낙상·부상 위험 감소에 기여(논문에서 손잡이·엣징·미끄럼 방지 등을 포함한 저비용 개조군에서 부상률 26% 감소 보고) | 근거유형=2차 인용 RCT 근거 | 출처=What is the evidence to support home environmental adaptation in Parkinson's disease? A call for multidisciplinary interventions",검토필요_2차인용,"해당 행의 원 출처가 직접 RCT인지, 다른 RCT를 인용한 문헌인지 확인 필요"
E0006,single,일상생활의 불편함_시력,,시력,,시력|일상생활의 불편함_시력|시각기능,대표모델명_자동매핑,시력,계단,계단|현관|주거 외부|주거공간 전반,"주거 외부(현관), 계단, 주거 전체",외부 진입로 및 계단에 충분한 야간 조명(예: 센서등) 설치하고 계단 모서리·문틀·바닥 경계에 대비(명암) 높은 색 대비 표식 적용,야간 및 저시력 상황에서 시인성 향상으로 주거 내 이동 중 위험 감소(논문에서 외부 조명·대비 표식 권고),공간: 계단. 개선전략: 외부 진입로 및 계단에 충분한 야간 조명(예: 센서등) 설치하고 계단 모서리·문틀·바닥 경계에 대비(명암) 높은 색 대비 표식 적용. 기대효과: 야간 및 저시력 상황에서 시인성 향상으로 주거 내 이동 중 위험 감소(논문에서 외부 조명·대비 표식 권고),클러스터 무작위 대조시험(논문에서 Keall et al.의 개입 항목으로 외부 조명 포함 보고),2차 인용 RCT 근거,2,0.667,Tier 2,TRUE,"조명, 계단 모서리 표식",What is the evidence to support home environmental adaptation in Parkinson's disease? A call for multidisciplinary interventions,,미확인_0.46,10.1016/j.parkreldis.2015.08.025,https://doi.org/10.1016/j.parkreldis.2015.08.025,"위험요인=시력 | 모델요인=일상생활의 불편함_시력 | 별칭=시력|일상생활의 불편함_시력|시각기능 | 공간=계단|현관|주거 외부|주거공간 전반 | 개선대상=조명, 계단 모서리 표식 | 개선전략=외부 진입로 및 계단에 충분한 야간 조명(예: 센서등) 설치하고 계단 모서리·문틀·바닥 경계에 대비(명암) 높은 색 대비 표식 적용 | 기대효과=야간 및 저시력 상황에서 시인성 향상으로 주거 내 이동 중 위험 감소(논문에서 외부 조명·대비 표식 권고) | 근거유형=2차 인용 RCT 근거 | 출처=What is the evidence to support home environmental adaptation in Parkinson's disease? A call for multidisciplinary interventions",검토필요_2차인용,"해당 행의 원 출처가 직접 RCT인지, 다른 RCT를 인용한 문헌인지 확인 필요"
E0007,single,동작수행 어려움_머리보다 높은 곳에 있는 것 손 뻗쳐 닿기,,동작수행 어려움_머리보다 높은 곳에 있는 것 손 뻗쳐 닿기,,동작수행 어려움_머리보다 높은 곳에 있는 것 손 뻗쳐 닿기,원문명_유지,동작수행 어려움_머리보다 높은 곳에 있는 것 손 뻗쳐 닿기,주방,주방,"주방, 수납공간","자주 사용하는 물품은 허리~어깨 높이 수납으로 재배치하고, 상부 수납은 풀다운 선반(내리면 접근 가능한 레일식 선반)으로 교체하여 머리 위 물품 접근 최소화",위쪽 물건을 손 뻗어 꺼내는 동작 감소로 상지 사용 부담과 낙상 위험 감소에 기여(논문에서 머리 위 접근 문제와 HEA 필요성 언급),"공간: 주방. 개선전략: 자주 사용하는 물품은 허리~어깨 높이 수납으로 재배치하고, 상부 수납은 풀다운 선반(내리면 접근 가능한 레일식 선반)으로 교체하여 머리 위 물품 접근 최소화. 기대효과: 위쪽 물건을 손 뻗어 꺼내는 동작 감소로 상지 사용 부담과 낙상 위험 감소에 기여(논문에서 머리 위 접근 문제와 HEA 필요성 언급)",,미분류,,,검토 필요,FALSE,"수납장, 선반, 풀다운 선반",What is the evidence to support home environmental adaptation in Parkinson's disease? A call for multidisciplinary interventions,,미확인_0.46,10.1016/j.parkreldis.2015.08.025,https://doi.org/10.1016/j.parkreldis.2015.08.025,"위험요인=동작수행 어려움_머리보다 높은 곳에 있는 것 손 뻗쳐 닿기 | 모델요인=동작수행 어려움_머리보다 높은 곳에 있는 것 손 뻗쳐 닿기 | 별칭=동작수행 어려움_머리보다 높은 곳에 있는 것 손 뻗쳐 닿기 | 공간=주방 | 개선대상=수납장, 선반, 풀다운 선반 | 개선전략=자주 사용하는 물품은 허리~어깨 높이 수납으로 재배치하고, 상부 수납은 풀다운 선반(내리면 접근 가능한 레일식 선반)으로 교체하여 머리 위 물품 접근 최소화 | 기대효과=위쪽 물건을 손 뻗어 꺼내는 동작 감소로 상지 사용 부담과 낙상 위험 감소에 기여(논문에서 머리 위 접근 문제와 HEA 필요성 언급) | 근거유형=미분류 | 출처=What is the evidence to support home environmental adaptation in Parkinson's disease? A call for multidisciplinary interventions",검토필요_근거유형없음,원문 논문에서 연구설계를 확인한 뒤 evidence_score를 입력해야 함
E0008,single,동작수행 어려움_몸 구부리거나 쭈그려 앉거나 무릎 꿇기,,동작수행 어려움_몸 구부리거나 쭈그려 앉거나 무릎 꿇기,,동작수행 어려움_몸 구부리거나 쭈그려 앉거나 무릎 꿇기,원문명_유지,동작수행 어려움_몸 구부리거나 쭈그려 앉거나 무릎 꿇기,주방,주방,"주방, 세탁실, 수납공간",작업대 및 수납 위치를 허리 높이로 설계·배치하여 바닥 수납 최소화하고 굽히거나 쪼그려야 하는 작업을 줄임,굽힘·쪼그림 동작 감소로 일상 작업 수행의 신체적 부담 경감,공간: 주방. 개선전략: 작업대 및 수납 위치를 허리 높이로 설계·배치하여 바닥 수납 최소화하고 굽히거나 쪼그려야 하는 작업을 줄임. 기대효과: 굽힘·쪼그림 동작 감소로 일상 작업 수행의 신체적 부담 경감,,미분류,,,검토 필요,FALSE,"작업대, 수납장",What is the evidence to support home environmental adaptation in Parkinson's disease? A call for multidisciplinary interventions,,미확인_0.46,10.1016/j.parkreldis.2015.08.025,https://doi.org/10.1016/j.parkreldis.2015.08.025,"위험요인=동작수행 어려움_몸 구부리거나 쭈그려 앉거나 무릎 꿇기 | 모델요인=동작수행 어려움_몸 구부리거나 쭈그려 앉거나 무릎 꿇기 | 별칭=동작수행 어려움_몸 구부리거나 쭈그려 앉거나 무릎 꿇기 | 공간=주방 | 개선대상=작업대, 수납장 | 개선전략=작업대 및 수납 위치를 허리 높이로 설계·배치하여 바닥 수납 최소화하고 굽히거나 쪼그려야 하는 작업을 줄임 | 기대효과=굽힘·쪼그림 동작 감소로 일상 작업 수행의 신체적 부담 경감 | 근거유형=미분류 | 출처=What is the evidence to support home environmental adaptation in Parkinson's disease? A call for multidisciplinary interventions",검토필요_근거유형없음,원문 논문에서 연구설계를 확인한 뒤 evidence_score를 입력해야 함
E0009,single,인지기능_총점,,인지기능,,인지기능|인지기능_총점|인지저하,대표모델명_자동매핑,인지기능,침실,침실|거실|복도,"침실, 거실, 복도","바닥에 수평선 형태의 시각적 큐(폭 약 10 cm, 간격 약 30 cm) 또는 대비 표식을 설치하여 동결현상(freezing) 발생 지점에서 보행 유도","홈 기반 시각적 큐 사용이 보행속도·보폭 및 동결 현상 개선에 기여(논문에서 가정 내 큐잉이 gait, freezing, balance 개선 보고)","공간: 침실. 개선전략: 바닥에 수평선 형태의 시각적 큐(폭 약 10 cm, 간격 약 30 cm) 또는 대비 표식을 설치하여 동결현상(freezing) 발생 지점에서 보행 유도. 기대효과: 홈 기반 시각적 큐 사용이 보행속도·보폭 및 동결 현상 개선에 기여(논문에서 가정 내 큐잉이 gait, freezing, balance 개선 보고)",무작위 교차설계 임상시험(논문에서 RESCUE trial 인용),2차 인용 RCT 근거,2,0.667,Tier 2,TRUE,바닥 표시(시각적 큐),What is the evidence to support home environmental adaptation in Parkinson's disease? A call for multidisciplinary interventions,,미확인_0.46,10.1016/j.parkreldis.2015.08.025,https://doi.org/10.1016/j.parkreldis.2015.08.025,"위험요인=인지기능 | 모델요인=인지기능_총점 | 별칭=인지기능|인지기능_총점|인지저하 | 공간=침실|거실|복도 | 개선대상=바닥 표시(시각적 큐) | 개선전략=바닥에 수평선 형태의 시각적 큐(폭 약 10 cm, 간격 약 30 cm) 또는 대비 표식을 설치하여 동결현상(freezing) 발생 지점에서 보행 유도 | 기대효과=홈 기반 시각적 큐 사용이 보행속도·보폭 및 동결 현상 개선에 기여(논문에서 가정 내 큐잉이 gait, freezing, balance 개선 보고) | 근거유형=2차 인용 RCT 근거 | 출처=What is the evidence to support home environmental adaptation in Parkinson's disease? A call for multidisciplinary interventions",검토필요_2차인용,"해당 행의 원 출처가 직접 RCT인지, 다른 RCT를 인용한 문헌인지 확인 필요"
E0010,single,ADL,,ADL,,ADL|일상생활수행능력,대표모델명_자동매핑,ADL,침실,침실|거실|복도,"거실, 복도, 침실",실내의 문턱·높은 문턱·단차 및 불규칙한 바닥면을 제거해 평탄한 동선 확보하고 회전·조작을 위한 최소 공간(예: 문 앞·회전 지점 확보) 마련,주거 접근성 및 사용성(Usability) 향상으로 ADL 수행의 제약 완화(논문에서 P-E fit 문제와 ADL 제한 연관 보고),공간: 침실. 개선전략: 실내의 문턱·높은 문턱·단차 및 불규칙한 바닥면을 제거해 평탄한 동선 확보하고 회전·조작을 위한 최소 공간(예: 문 앞·회전 지점 확보) 마련. 기대효과: 주거 접근성 및 사용성(Usability) 향상으로 ADL 수행의 제약 완화(논문에서 P-E fit 문제와 ADL 제한 연관 보고),,미분류,,,검토 필요,FALSE,"문턱, 바닥",What is the evidence to support home environmental adaptation in Parkinson's disease? A call for multidisciplinary interventions,,미확인_0.46,10.1016/j.parkreldis.2015.08.025,https://doi.org/10.1016/j.parkreldis.2015.08.025,"위험요인=ADL | 모델요인=ADL | 별칭=ADL|일상생활수행능력 | 공간=침실|거실|복도 | 개선대상=문턱, 바닥 | 개선전략=실내의 문턱·높은 문턱·단차 및 불규칙한 바닥면을 제거해 평탄한 동선 확보하고 회전·조작을 위한 최소 공간(예: 문 앞·회전 지점 확보) 마련 | 기대효과=주거 접근성 및 사용성(Usability) 향상으로 ADL 수행의 제약 완화(논문에서 P-E fit 문제와 ADL 제한 연관 보고) | 근거유형=미분류 | 출처=What is the evidence to support home environmental adaptation in Parkinson's disease? A call for multidisciplinary interventions",검토필요_근거유형없음,원문 논문에서 연구설계를 확인한 뒤 evidence_score를 입력해야 함
E0011,single,ADL,,ADL,,ADL|일상생활수행능력,대표모델명_자동매핑,ADL,욕실,욕실|주거공간 전반,주거 전반(욕실·화장실 등),필요 장소의 벽체를 보강하여 향후 안전손잡이 설치가 가능하도록 사전 개조(벽체 보강·고정 지점 확보),추후 보조기구(손잡이) 설치 시 안정적 고정으로 안전성 및 ADL 수행 보조 가능(논문에서 손잡이 설치 권고 및 벽체 보강 언급),공간: 욕실. 개선전략: 필요 장소의 벽체를 보강하여 향후 안전손잡이 설치가 가능하도록 사전 개조(벽체 보강·고정 지점 확보). 기대효과: 추후 보조기구(손잡이) 설치 시 안정적 고정으로 안전성 및 ADL 수행 보조 가능(논문에서 손잡이 설치 권고 및 벽체 보강 언급),,미분류,,,검토 필요,FALSE,"벽체, 손잡이 고정부",What is the evidence to support home environmental adaptation in Parkinson's disease? A call for multidisciplinary interventions,,미확인_0.46,10.1016/j.parkreldis.2015.08.025,https://doi.org/10.1016/j.parkreldis.2015.08.025,"위험요인=ADL | 모델요인=ADL | 별칭=ADL|일상생활수행능력 | 공간=욕실|주거공간 전반 | 개선대상=벽체, 손잡이 고정부 | 개선전략=필요 장소의 벽체를 보강하여 향후 안전손잡이 설치가 가능하도록 사전 개조(벽체 보강·고정 지점 확보) | 기대효과=추후 보조기구(손잡이) 설치 시 안정적 고정으로 안전성 및 ADL 수행 보조 가능(논문에서 손잡이 설치 권고 및 벽체 보강 언급) | 근거유형=미분류 | 출처=What is the evidence to support home environmental adaptation in Parkinson's disease? A call for multidisciplinary interventions",검토필요_근거유형없음,원문 논문에서 연구설계를 확인한 뒤 evidence_score를 입력해야 함
E0012,single,근력상태_의자나 침대에 앉았다가 일어나기 5회 반복,,근력상태_의자나 침대에 앉았다가 일어나기 5회 반복,,근력상태_의자나 침대에 앉았다가 일어나기 5회 반복,원문명_유지,근력상태_의자나 침대에 앉았다가 일어나기 5회 반복,침실,침실,침실,침대 높이를 사용자의 무릎 높이에 맞추거나 가구 올림기구(furniture raisers)를 설치하고 필요시 침대 호이스트(bed hoist)를 제공하여 침대에서 앉고 일어나기 쉽게 조정,침대에서의 앉기·일어서기(기립) 용이성 향상,공간: 침실. 개선전략: 침대 높이를 사용자의 무릎 높이에 맞추거나 가구 올림기구(furniture raisers)를 설치하고 필요시 침대 호이스트(bed hoist)를 제공하여 침대에서 앉고 일어나기 쉽게 조정. 기대효과: 침대에서의 앉기·일어서기(기립) 용이성 향상,무작위 대조시험 (수정된 코호트 설계),수정 코호트 기반 중재연구,2,0.667,Tier 2,TRUE,"침대, 가구 올림기구, 침대 호이스트",Home hazard assessment and environmental modification to prevent falls in older people: the OTIS trial,,미확인_0.47,10.12688/f1000research.52313.1,https://doi.org/10.12688/f1000research.52313.1,"위험요인=근력상태_의자나 침대에 앉았다가 일어나기 5회 반복 | 모델요인=근력상태_의자나 침대에 앉았다가 일어나기 5회 반복 | 별칭=근력상태_의자나 침대에 앉았다가 일어나기 5회 반복 | 공간=침실 | 개선대상=침대, 가구 올림기구, 침대 호이스트 | 개선전략=침대 높이를 사용자의 무릎 높이에 맞추거나 가구 올림기구(furniture raisers)를 설치하고 필요시 침대 호이스트(bed hoist)를 제공하여 침대에서 앉고 일어나기 쉽게 조정 | 기대효과=침대에서의 앉기·일어서기(기립) 용이성 향상 | 근거유형=수정 코호트 기반 중재연구 | 출처=Home hazard assessment and environmental modification to prevent falls in older people: the OTIS trial",검토필요_혼합설계,순수 RCT가 아니므로 보수적으로 Tier 2 부여
E0013,single,근력상태_의자나 침대에 앉았다가 일어나기 5회 반복,,근력상태_의자나 침대에 앉았다가 일어나기 5회 반복,,근력상태_의자나 침대에 앉았다가 일어나기 5회 반복,원문명_유지,근력상태_의자나 침대에 앉았다가 일어나기 5회 반복,욕실,욕실,욕실/화장실,변기 높이를 높이는 높임 변기시트(raised toilet seat) 또는 변기 프레임(toilet frame) 설치 및 변기 옆에 안정된 안전손잡이(grab rail) 부착,변기에서의 앉고 일어서기 전이(transfer) 시 안정성 및 자립성 향상,공간: 욕실. 개선전략: 변기 높이를 높이는 높임 변기시트(raised toilet seat) 또는 변기 프레임(toilet frame) 설치 및 변기 옆에 안정된 안전손잡이(grab rail) 부착. 기대효과: 변기에서의 앉고 일어서기 전이(transfer) 시 안정성 및 자립성 향상,무작위 대조시험 (수정된 코호트 설계),수정 코호트 기반 중재연구,2,0.667,Tier 2,TRUE,"변기, 변기 프레임, 손잡이",Home hazard assessment and environmental modification to prevent falls in older people: the OTIS trial,,미확인_0.47,10.12688/f1000research.52313.1,https://doi.org/10.12688/f1000research.52313.1,"위험요인=근력상태_의자나 침대에 앉았다가 일어나기 5회 반복 | 모델요인=근력상태_의자나 침대에 앉았다가 일어나기 5회 반복 | 별칭=근력상태_의자나 침대에 앉았다가 일어나기 5회 반복 | 공간=욕실 | 개선대상=변기, 변기 프레임, 손잡이 | 개선전략=변기 높이를 높이는 높임 변기시트(raised toilet seat) 또는 변기 프레임(toilet frame) 설치 및 변기 옆에 안정된 안전손잡이(grab rail) 부착 | 기대효과=변기에서의 앉고 일어서기 전이(transfer) 시 안정성 및 자립성 향상 | 근거유형=수정 코호트 기반 중재연구 | 출처=Home hazard assessment and environmental modification to prevent falls in older people: the OTIS trial",검토필요_혼합설계,순수 RCT가 아니므로 보수적으로 Tier 2 부여
E0014,single,근력상태_의자나 침대에 앉았다가 일어나기 5회 반복,,근력상태_의자나 침대에 앉았다가 일어나기 5회 반복,,근력상태_의자나 침대에 앉았다가 일어나기 5회 반복,원문명_유지,근력상태_의자나 침대에 앉았다가 일어나기 5회 반복,욕실,욕실,욕실,"샤워 레일 및 욕조 안전 손잡이(shower rails/bath safety bars) 설치, 욕조 이용이 어려운 경우 욕조 리프트(bath lift) 또는 탈착식 욕조 보드(removable bath board) 제공",욕실 이용 시 전이 안정성 향상 및 욕조 이용 중 미끄러짐·추락 위험 감소,"공간: 욕실. 개선전략: 샤워 레일 및 욕조 안전 손잡이(shower rails/bath safety bars) 설치, 욕조 이용이 어려운 경우 욕조 리프트(bath lift) 또는 탈착식 욕조 보드(removable bath board) 제공. 기대효과: 욕실 이용 시 전이 안정성 향상 및 욕조 이용 중 미끄러짐·추락 위험 감소",무작위 대조시험 (수정된 코호트 설계),수정 코호트 기반 중재연구,2,0.667,Tier 2,TRUE,"욕조, 샤워 레일, 욕조 리프트, 욕조 보드",Home hazard assessment and environmental modification to prevent falls in older people: the OTIS trial,,미확인_0.47,10.12688/f1000research.52313.1,https://doi.org/10.12688/f1000research.52313.1,"위험요인=근력상태_의자나 침대에 앉았다가 일어나기 5회 반복 | 모델요인=근력상태_의자나 침대에 앉았다가 일어나기 5회 반복 | 별칭=근력상태_의자나 침대에 앉았다가 일어나기 5회 반복 | 공간=욕실 | 개선대상=욕조, 샤워 레일, 욕조 리프트, 욕조 보드 | 개선전략=샤워 레일 및 욕조 안전 손잡이(shower rails/bath safety bars) 설치, 욕조 이용이 어려운 경우 욕조 리프트(bath lift) 또는 탈착식 욕조 보드(removable bath board) 제공 | 기대효과=욕실 이용 시 전이 안정성 향상 및 욕조 이용 중 미끄러짐·추락 위험 감소 | 근거유형=수정 코호트 기반 중재연구 | 출처=Home hazard assessment and environmental modification to prevent falls in older people: the OTIS trial",검토필요_혼합설계,순수 RCT가 아니므로 보수적으로 Tier 2 부여
E0015,single,동작수행 어려움_쉬지않고 10계단 오르기,,동작수행 어려움_쉬지않고 10계단 오르기,,동작수행 어려움_쉬지않고 10계단 오르기,원문명_유지,동작수행 어려움_쉬지않고 10계단 오르기,계단,계단|현관|주거 외부,계단/현관/외부 보행로,"계단과 외부 접근로에 난간(외부 레일) 및 보조 난간 설치, 필요시 경사로(ramp) 설치 또는 계단 단계 보수로 안전한 보행로 확보",계단 및 외부 이동 시 지지감과 접근성 향상으로 보행 부담 완화,"공간: 계단. 개선전략: 계단과 외부 접근로에 난간(외부 레일) 및 보조 난간 설치, 필요시 경사로(ramp) 설치 또는 계단 단계 보수로 안전한 보행로 확보. 기대효과: 계단 및 외부 이동 시 지지감과 접근성 향상으로 보행 부담 완화",무작위 대조시험 (수정된 코호트 설계),수정 코호트 기반 중재연구,2,0.667,Tier 2,TRUE,"난간, 외부 레일, 경사로",Home hazard assessment and environmental modification to prevent falls in older people: the OTIS trial,,미확인_0.47,10.12688/f1000research.52313.1,https://doi.org/10.12688/f1000research.52313.1,"위험요인=동작수행 어려움_쉬지않고 10계단 오르기 | 모델요인=동작수행 어려움_쉬지않고 10계단 오르기 | 별칭=동작수행 어려움_쉬지않고 10계단 오르기 | 공간=계단|현관|주거 외부 | 개선대상=난간, 외부 레일, 경사로 | 개선전략=계단과 외부 접근로에 난간(외부 레일) 및 보조 난간 설치, 필요시 경사로(ramp) 설치 또는 계단 단계 보수로 안전한 보행로 확보 | 기대효과=계단 및 외부 이동 시 지지감과 접근성 향상으로 보행 부담 완화 | 근거유형=수정 코호트 기반 중재연구 | 출처=Home hazard assessment and environmental modification to prevent falls in older people: the OTIS trial",검토필요_혼합설계,순수 RCT가 아니므로 보수적으로 Tier 2 부여
E0016,single,일상생활의 불편함_시력,,시력,,시력|일상생활의 불편함_시력|시각기능,대표모델명_자동매핑,시력,욕실,욕실|침실|복도|주거 외부,"침실, 복도, 화장실, 야외 진입로","야간 센서·원격 조작 조명(sensor-operated or remote control lights) 및 실내·실외 조명 개선(적절한 전구 교체 포함), 특히 침실에서 화장실로 이어지는 동선에 야간 센서등 설치 권고",야간 및 저조도 환경에서 시인성 향상으로 위험한 이동 시 인지·시각 정보 개선,"공간: 욕실. 개선전략: 야간 센서·원격 조작 조명(sensor-operated or remote control lights) 및 실내·실외 조명 개선(적절한 전구 교체 포함), 특히 침실에서 화장실로 이어지는 동선에 야간 센서등 설치 권고. 기대효과: 야간 및 저조도 환경에서 시인성 향상으로 위험한 이동 시 인지·시각 정보 개선",무작위 대조시험 (수정된 코호트 설계),수정 코호트 기반 중재연구,2,0.667,Tier 2,TRUE,"조명, 야간 센서등, 전구",Home hazard assessment and environmental modification to prevent falls in older people: the OTIS trial,,미확인_0.47,10.12688/f1000research.52313.1,https://doi.org/10.12688/f1000research.52313.1,"위험요인=시력 | 모델요인=일상생활의 불편함_시력 | 별칭=시력|일상생활의 불편함_시력|시각기능 | 공간=욕실|침실|복도|주거 외부 | 개선대상=조명, 야간 센서등, 전구 | 개선전략=야간 센서·원격 조작 조명(sensor-operated or remote control lights) 및 실내·실외 조명 개선(적절한 전구 교체 포함), 특히 침실에서 화장실로 이어지는 동선에 야간 센서등 설치 권고 | 기대효과=야간 및 저조도 환경에서 시인성 향상으로 위험한 이동 시 인지·시각 정보 개선 | 근거유형=수정 코호트 기반 중재연구 | 출처=Home hazard assessment and environmental modification to prevent falls in older people: the OTIS trial",검토필요_혼합설계,순수 RCT가 아니므로 보수적으로 Tier 2 부여
E0017,single,ADL,,ADL,,ADL|일상생활수행능력,대표모델명_자동매핑,ADL,주거공간 전반,주거공간 전반,주거공간 전반,보행 보조기 및 휠체어 제공과 함께 보행기 고정용 주차장치(walking aid parking devices) 및 보조기구용 펠렛/페룰(ferrules) 제공하여 보조기구 사용 편의성 향상,일상 생활 동작 수행 중 이동성과 자립성 향상,공간: 주거공간 전반. 개선전략: 보행 보조기 및 휠체어 제공과 함께 보행기 고정용 주차장치(walking aid parking devices) 및 보조기구용 펠렛/페룰(ferrules) 제공하여 보조기구 사용 편의성 향상. 기대효과: 일상 생활 동작 수행 중 이동성과 자립성 향상,무작위 대조시험 (수정된 코호트 설계),수정 코호트 기반 중재연구,2,0.667,Tier 2,TRUE,"보조기구(보행기, 휠체어), 보행기 주차장치, ferrules",Home hazard assessment and environmental modification to prevent falls in older people: the OTIS trial,,미확인_0.47,10.12688/f1000research.52313.1,https://doi.org/10.12688/f1000research.52313.1,"위험요인=ADL | 모델요인=ADL | 별칭=ADL|일상생활수행능력 | 공간=주거공간 전반 | 개선대상=보조기구(보행기, 휠체어), 보행기 주차장치, ferrules | 개선전략=보행 보조기 및 휠체어 제공과 함께 보행기 고정용 주차장치(walking aid parking devices) 및 보조기구용 펠렛/페룰(ferrules) 제공하여 보조기구 사용 편의성 향상 | 기대효과=일상 생활 동작 수행 중 이동성과 자립성 향상 | 근거유형=수정 코호트 기반 중재연구 | 출처=Home hazard assessment and environmental modification to prevent falls in older people: the OTIS trial",검토필요_혼합설계,순수 RCT가 아니므로 보수적으로 Tier 2 부여
E0018,single,낙상 경험,,낙상 경험,,낙상 경험|낙상경험|과거 낙상,대표모델명_자동매핑,낙상 경험,주거공간 전반,주거공간 전반,주거공간 전반(바닥),"카펫 접착제 사용으로 카펫 가장자리 고정, 반사형 미끄럼 방지 테이프(reflective anti-slip tape) 부착 등 바닥 고정 및 미끄럼 방지 처리 시행",바닥에서의 걸림 및 미끄러짐 위험 감소,"공간: 주거공간 전반. 개선전략: 카펫 접착제 사용으로 카펫 가장자리 고정, 반사형 미끄럼 방지 테이프(reflective anti-slip tape) 부착 등 바닥 고정 및 미끄럼 방지 처리 시행. 기대효과: 바닥에서의 걸림 및 미끄러짐 위험 감소",무작위 대조시험 (수정된 코호트 설계),수정 코호트 기반 중재연구,2,0.667,Tier 2,TRUE,"바닥, 카펫, 미끄럼 방지 테이프",Home hazard assessment and environmental modification to prevent falls in older people: the OTIS trial,,미확인_0.47,10.12688/f1000research.52313.1,https://doi.org/10.12688/f1000research.52313.1,"위험요인=낙상 경험 | 모델요인=낙상 경험 | 별칭=낙상 경험|낙상경험|과거 낙상 | 공간=주거공간 전반 | 개선대상=바닥, 카펫, 미끄럼 방지 테이프 | 개선전략=카펫 접착제 사용으로 카펫 가장자리 고정, 반사형 미끄럼 방지 테이프(reflective anti-slip tape) 부착 등 바닥 고정 및 미끄럼 방지 처리 시행 | 기대효과=바닥에서의 걸림 및 미끄러짐 위험 감소 | 근거유형=수정 코호트 기반 중재연구 | 출처=Home hazard assessment and environmental modification to prevent falls in older people: the OTIS trial",검토필요_혼합설계,순수 RCT가 아니므로 보수적으로 Tier 2 부여
E0019,single,ADL,,ADL,,ADL|일상생활수행능력,대표모델명_자동매핑,ADL,주거공간 전반,주거공간 전반,주거공간 전반,문턱·단차 보수 및 작은 단계(step) 설치 또는 제거 등 주거 내 이동 장벽 제거와 주택 구조(알터레이션) 개선 권고,실내 이동 경로의 연속성 확보로 이동 부담 감소 및 일상 활동 수행 개선,공간: 주거공간 전반. 개선전략: 문턱·단차 보수 및 작은 단계(step) 설치 또는 제거 등 주거 내 이동 장벽 제거와 주택 구조(알터레이션) 개선 권고. 기대효과: 실내 이동 경로의 연속성 확보로 이동 부담 감소 및 일상 활동 수행 개선,무작위 대조시험 (수정된 코호트 설계),수정 코호트 기반 중재연구,2,0.667,Tier 2,TRUE,"문턱, 계단 작은 단계, 주택 구조(개조)",Home hazard assessment and environmental modification to prevent falls in older people: the OTIS trial,,미확인_0.47,10.12688/f1000research.52313.1,https://doi.org/10.12688/f1000research.52313.1,"위험요인=ADL | 모델요인=ADL | 별칭=ADL|일상생활수행능력 | 공간=주거공간 전반 | 개선대상=문턱, 계단 작은 단계, 주택 구조(개조) | 개선전략=문턱·단차 보수 및 작은 단계(step) 설치 또는 제거 등 주거 내 이동 장벽 제거와 주택 구조(알터레이션) 개선 권고 | 기대효과=실내 이동 경로의 연속성 확보로 이동 부담 감소 및 일상 활동 수행 개선 | 근거유형=수정 코호트 기반 중재연구 | 출처=Home hazard assessment and environmental modification to prevent falls in older people: the OTIS trial",검토필요_혼합설계,순수 RCT가 아니므로 보수적으로 Tier 2 부여
E0020,single,독거 또는 사회적 고립,,독거 또는 사회적 고립,,독거 또는 사회적 고립|독거|사회적 고립,대표모델명_자동매핑,독거 또는 사회적 고립,주거공간 전반,주거공간 전반,주거공간 전반,비상호출장치(emergency alarms) 및 보조 기술(assistive technology) 설치와 함께 출입·안전용 키세이프(key safe) 설치 권고로 비상시 연락 및 지원 체계 확보,독거 상태에서의 비상 대응성 및 안전감 향상,공간: 주거공간 전반. 개선전략: 비상호출장치(emergency alarms) 및 보조 기술(assistive technology) 설치와 함께 출입·안전용 키세이프(key safe) 설치 권고로 비상시 연락 및 지원 체계 확보. 기대효과: 독거 상태에서의 비상 대응성 및 안전감 향상,무작위 대조시험 (수정된 코호트 설계),수정 코호트 기반 중재연구,2,0.667,Tier 2,TRUE,"비상알람, 보조기술 기기, 키세이프",Home hazard assessment and environmental modification to prevent falls in older people: the OTIS trial,,미확인_0.47,10.12688/f1000research.52313.1,https://doi.org/10.12688/f1000research.52313.1,"위험요인=독거 또는 사회적 고립 | 모델요인=독거 또는 사회적 고립 | 별칭=독거 또는 사회적 고립|독거|사회적 고립 | 공간=주거공간 전반 | 개선대상=비상알람, 보조기술 기기, 키세이프 | 개선전략=비상호출장치(emergency alarms) 및 보조 기술(assistive technology) 설치와 함께 출입·안전용 키세이프(key safe) 설치 권고로 비상시 연락 및 지원 체계 확보 | 기대효과=독거 상태에서의 비상 대응성 및 안전감 향상 | 근거유형=수정 코호트 기반 중재연구 | 출처=Home hazard assessment and environmental modification to prevent falls in older people: the OTIS trial",검토필요_혼합설계,순수 RCT가 아니므로 보수적으로 Tier 2 부여
E0021,single,ADL,,ADL,,ADL|일상생활수행능력,대표모델명_자동매핑,ADL,복도,복도,복도,복도 벽면에 부착형 손잡이(난간)를 설치하여 보행 시 지지할 수 있도록 함.,쇠약(요구 돌봄 수준)의 진행 억제 및 사망률 감소와의 연관성(논문에서 보고된 결과).,공간: 복도. 개선전략: 복도 벽면에 부착형 손잡이(난간)를 설치하여 보행 시 지지할 수 있도록 함.. 기대효과: 쇠약(요구 돌봄 수준)의 진행 억제 및 사망률 감소와의 연관성(논문에서 보고된 결과).,코호트 연구,코호트/비무작위 중재연구,2,0.667,Tier 2,TRUE,손잡이(난간),Home Modification and Prevention of Frailty Progression in Older Adults: A Japanese Prospective Cohort Study,Abstract_Home Modification and Prevention of Frailty Progression in Older Adults A Japanese Prospective Cohort Study.pdf,자동매칭_0.96,,,위험요인=ADL | 모델요인=ADL | 별칭=ADL|일상생활수행능력 | 공간=복도 | 개선대상=손잡이(난간) | 개선전략=복도 벽면에 부착형 손잡이(난간)를 설치하여 보행 시 지지할 수 있도록 함. | 기대효과=쇠약(요구 돌봄 수준)의 진행 억제 및 사망률 감소와의 연관성(논문에서 보고된 결과). | 근거유형=코호트/비무작위 중재연구 | 출처=Home Modification and Prevention of Frailty Progression in Older Adults: A Japanese Prospective Cohort Study,자동분류완료,
E0022,single,근력상태_의자나 침대에 앉았다가 일어나기 5회 반복,,근력상태_의자나 침대에 앉았다가 일어나기 5회 반복,,근력상태_의자나 침대에 앉았다가 일어나기 5회 반복,원문명_유지,근력상태_의자나 침대에 앉았다가 일어나기 5회 반복,주거공간 전반,주거공간 전반,주거공간 전반,욕실·화장실·계단 출입구 및 좌식 가구 주변 등 이동 경로에 보조 손잡이(그랩레일)를 설치하여 앉고 일어설 때 지지 제공,"환경수정 후 12개월 추적에서 낙상자 비율 및 전체 낙상수 유의하게 감소(낙상자 비율 22.6%→9.5%, 전체 낙상수 121→45)","공간: 주거공간 전반. 개선전략: 욕실·화장실·계단 출입구 및 좌식 가구 주변 등 이동 경로에 보조 손잡이(그랩레일)를 설치하여 앉고 일어설 때 지지 제공. 기대효과: 환경수정 후 12개월 추적에서 낙상자 비율 및 전체 낙상수 유의하게 감소(낙상자 비율 22.6%→9.5%, 전체 낙상수 121→45)",비무작위 중재연구,코호트/비무작위 중재연구,2,0.667,Tier 2,TRUE,손잡이,Preventing falls in the elderly at home: a community-based program,Abstract_Preventing falls in the elderly at home a community-based program.pdf,자동매칭_0.94,,,"위험요인=근력상태_의자나 침대에 앉았다가 일어나기 5회 반복 | 모델요인=근력상태_의자나 침대에 앉았다가 일어나기 5회 반복 | 별칭=근력상태_의자나 침대에 앉았다가 일어나기 5회 반복 | 공간=주거공간 전반 | 개선대상=손잡이 | 개선전략=욕실·화장실·계단 출입구 및 좌식 가구 주변 등 이동 경로에 보조 손잡이(그랩레일)를 설치하여 앉고 일어설 때 지지 제공 | 기대효과=환경수정 후 12개월 추적에서 낙상자 비율 및 전체 낙상수 유의하게 감소(낙상자 비율 22.6%→9.5%, 전체 낙상수 121→45) | 근거유형=코호트/비무작위 중재연구 | 출처=Preventing falls in the elderly at home: a community-based program",자동분류완료,
E0023,single,ADL,,ADL,,ADL|일상생활수행능력,대표모델명_자동매핑,ADL,주거공간 전반,주거공간 전반,주거공간 전반,욕실 및 주거 내부 통로의 바닥에 미끄럼 방지 마감(비슬립 타일 또는 미끄럼 방지 코팅) 적용하여 미끄러짐 위험 감소,"환경수정 후 12개월 추적에서 낙상자 비율 및 전체 낙상수 유의하게 감소(낙상자 비율 22.6%→9.5%, 전체 낙상수 121→45)","공간: 주거공간 전반. 개선전략: 욕실 및 주거 내부 통로의 바닥에 미끄럼 방지 마감(비슬립 타일 또는 미끄럼 방지 코팅) 적용하여 미끄러짐 위험 감소. 기대효과: 환경수정 후 12개월 추적에서 낙상자 비율 및 전체 낙상수 유의하게 감소(낙상자 비율 22.6%→9.5%, 전체 낙상수 121→45)",비무작위 중재연구,코호트/비무작위 중재연구,2,0.667,Tier 2,TRUE,바닥,Preventing falls in the elderly at home: a community-based program,Abstract_Preventing falls in the elderly at home a community-based program.pdf,자동매칭_0.94,,,"위험요인=ADL | 모델요인=ADL | 별칭=ADL|일상생활수행능력 | 공간=주거공간 전반 | 개선대상=바닥 | 개선전략=욕실 및 주거 내부 통로의 바닥에 미끄럼 방지 마감(비슬립 타일 또는 미끄럼 방지 코팅) 적용하여 미끄러짐 위험 감소 | 기대효과=환경수정 후 12개월 추적에서 낙상자 비율 및 전체 낙상수 유의하게 감소(낙상자 비율 22.6%→9.5%, 전체 낙상수 121→45) | 근거유형=코호트/비무작위 중재연구 | 출처=Preventing falls in the elderly at home: a community-based program",자동분류완료,
E0024,single,ADL,,ADL,,ADL|일상생활수행능력,대표모델명_자동매핑,ADL,현관,현관,현관/출입구,현관 출입문에 자동문 개폐장치(automatic door opener)를 설치하여 문 여닫이에 필요한 힘과 동작을 줄임.,집 드나들기 관련 난이도 감소 및 안전감 향상(자가보고된 개선; 'Get in and out of home' 난이도·안전성 개선 보고).,공간: 현관. 개선전략: 현관 출입문에 자동문 개폐장치(automatic door opener)를 설치하여 문 여닫이에 필요한 힘과 동작을 줄임.. 기대효과: 집 드나들기 관련 난이도 감소 및 안전감 향상(자가보고된 개선; 'Get in and out of home' 난이도·안전성 개선 보고).,비무작위 중재연구,코호트/비무작위 중재연구,2,0.667,Tier 2,TRUE,출입문/자동문,IMPACT OF HOME MODIFICATION SERVICES ON ABILITY IN EVERYDAY LIFE FOR PEOPLE AGEING WITH DISABILITIES,,미확인_0.59,10.2340/16501977-0160,https://doi.org/10.2340/16501977-0160,위험요인=ADL | 모델요인=ADL | 별칭=ADL|일상생활수행능력 | 공간=현관 | 개선대상=출입문/자동문 | 개선전략=현관 출입문에 자동문 개폐장치(automatic door opener)를 설치하여 문 여닫이에 필요한 힘과 동작을 줄임. | 기대효과=집 드나들기 관련 난이도 감소 및 안전감 향상(자가보고된 개선; 'Get in and out of home' 난이도·안전성 개선 보고). | 근거유형=코호트/비무작위 중재연구 | 출처=IMPACT OF HOME MODIFICATION SERVICES ON ABILITY IN EVERYDAY LIFE FOR PEOPLE AGEING WITH DISABILITIES,자동분류완료,
E0025,single,ADL,,ADL,,ADL|일상생활수행능력,대표모델명_자동매핑,ADL,욕실,욕실,욕실,욕실 리모델링 및 샤워 설비 설치(샤워공간 개조·접근성 개선)를 통해 샤워 이용 시의 물리적 장벽을 제거.,목욕/샤워 관련 난이도 감소 및 안전감 향상(자가보고된 개선; 'Bath/shower' 난이도·안전성 개선 보고).,공간: 욕실. 개선전략: 욕실 리모델링 및 샤워 설비 설치(샤워공간 개조·접근성 개선)를 통해 샤워 이용 시의 물리적 장벽을 제거.. 기대효과: 목욕/샤워 관련 난이도 감소 및 안전감 향상(자가보고된 개선; 'Bath/shower' 난이도·안전성 개선 보고).,비무작위 중재연구,코호트/비무작위 중재연구,2,0.667,Tier 2,TRUE,샤워/욕실,IMPACT OF HOME MODIFICATION SERVICES ON ABILITY IN EVERYDAY LIFE FOR PEOPLE AGEING WITH DISABILITIES,,미확인_0.59,10.2340/16501977-0160,https://doi.org/10.2340/16501977-0160,위험요인=ADL | 모델요인=ADL | 별칭=ADL|일상생활수행능력 | 공간=욕실 | 개선대상=샤워/욕실 | 개선전략=욕실 리모델링 및 샤워 설비 설치(샤워공간 개조·접근성 개선)를 통해 샤워 이용 시의 물리적 장벽을 제거. | 기대효과=목욕/샤워 관련 난이도 감소 및 안전감 향상(자가보고된 개선; 'Bath/shower' 난이도·안전성 개선 보고). | 근거유형=코호트/비무작위 중재연구 | 출처=IMPACT OF HOME MODIFICATION SERVICES ON ABILITY IN EVERYDAY LIFE FOR PEOPLE AGEING WITH DISABILITIES,자동분류완료,
E0026,single,ADL,,ADL,,ADL|일상생활수행능력,대표모델명_자동매핑,ADL,욕실,욕실,욕실/화장실,변기 및 화장실 공간 개조(변기 위치·높이 조정 등)를 통해 변기 이용 시 전이를 지원하도록 환경을 조정.,변기 전이(Transfer to toilet) 관련 난이도 감소 및 안전감 향상(자가보고된 개선).,공간: 욕실. 개선전략: 변기 및 화장실 공간 개조(변기 위치·높이 조정 등)를 통해 변기 이용 시 전이를 지원하도록 환경을 조정.. 기대효과: 변기 전이(Transfer to toilet) 관련 난이도 감소 및 안전감 향상(자가보고된 개선).,비무작위 중재연구,코호트/비무작위 중재연구,2,0.667,Tier 2,TRUE,변기/화장실,IMPACT OF HOME MODIFICATION SERVICES ON ABILITY IN EVERYDAY LIFE FOR PEOPLE AGEING WITH DISABILITIES,,미확인_0.59,10.2340/16501977-0160,https://doi.org/10.2340/16501977-0160,위험요인=ADL | 모델요인=ADL | 별칭=ADL|일상생활수행능력 | 공간=욕실 | 개선대상=변기/화장실 | 개선전략=변기 및 화장실 공간 개조(변기 위치·높이 조정 등)를 통해 변기 이용 시 전이를 지원하도록 환경을 조정. | 기대효과=변기 전이(Transfer to toilet) 관련 난이도 감소 및 안전감 향상(자가보고된 개선). | 근거유형=코호트/비무작위 중재연구 | 출처=IMPACT OF HOME MODIFICATION SERVICES ON ABILITY IN EVERYDAY LIFE FOR PEOPLE AGEING WITH DISABILITIES,자동분류완료,
E0027,single,동작수행 어려움_쉬지않고 10계단 오르기,,동작수행 어려움_쉬지않고 10계단 오르기,,동작수행 어려움_쉬지않고 10계단 오르기,원문명_유지,동작수행 어려움_쉬지않고 10계단 오르기,계단,계단|현관,계단/현관,계단 이용을 대체하거나 완화하기 위해 경사로(ramp)를 설치하여 계단 오르내리기 요구를 줄임.,계단 이용 및 출입 관련 난이도 감소·안전감 향상(자가보고된 개선; 'Managing stairs' 및 'Get in and out of home' 개선과 연관됨).,공간: 계단. 개선전략: 계단 이용을 대체하거나 완화하기 위해 경사로(ramp)를 설치하여 계단 오르내리기 요구를 줄임.. 기대효과: 계단 이용 및 출입 관련 난이도 감소·안전감 향상(자가보고된 개선; 'Managing stairs' 및 'Get in and out of home' 개선과 연관됨).,비무작위 중재연구,코호트/비무작위 중재연구,2,0.667,Tier 2,TRUE,경사로/계단,IMPACT OF HOME MODIFICATION SERVICES ON ABILITY IN EVERYDAY LIFE FOR PEOPLE AGEING WITH DISABILITIES,,미확인_0.59,10.2340/16501977-0160,https://doi.org/10.2340/16501977-0160,위험요인=동작수행 어려움_쉬지않고 10계단 오르기 | 모델요인=동작수행 어려움_쉬지않고 10계단 오르기 | 별칭=동작수행 어려움_쉬지않고 10계단 오르기 | 공간=계단|현관 | 개선대상=경사로/계단 | 개선전략=계단 이용을 대체하거나 완화하기 위해 경사로(ramp)를 설치하여 계단 오르내리기 요구를 줄임. | 기대효과=계단 이용 및 출입 관련 난이도 감소·안전감 향상(자가보고된 개선; 'Managing stairs' 및 'Get in and out of home' 개선과 연관됨). | 근거유형=코호트/비무작위 중재연구 | 출처=IMPACT OF HOME MODIFICATION SERVICES ON ABILITY IN EVERYDAY LIFE FOR PEOPLE AGEING WITH DISABILITIES,자동분류완료,
E0028,single,동작수행 어려움_쉬지않고 10계단 오르기,,동작수행 어려움_쉬지않고 10계단 오르기,,동작수행 어려움_쉬지않고 10계단 오르기,원문명_유지,동작수행 어려움_쉬지않고 10계단 오르기,계단,계단,계단,계단 측면에 난간(handrail)을 설치하여 오르내릴 때 지지와 균형 보조를 제공.,계단 이용 시 안전감 향상(자가보고된 개선; 'Managing stairs' 안전성 개선 보고).,공간: 계단. 개선전략: 계단 측면에 난간(handrail)을 설치하여 오르내릴 때 지지와 균형 보조를 제공.. 기대효과: 계단 이용 시 안전감 향상(자가보고된 개선; 'Managing stairs' 안전성 개선 보고).,비무작위 중재연구,코호트/비무작위 중재연구,2,0.667,Tier 2,TRUE,손잡이/난간,IMPACT OF HOME MODIFICATION SERVICES ON ABILITY IN EVERYDAY LIFE FOR PEOPLE AGEING WITH DISABILITIES,,미확인_0.59,10.2340/16501977-0160,https://doi.org/10.2340/16501977-0160,위험요인=동작수행 어려움_쉬지않고 10계단 오르기 | 모델요인=동작수행 어려움_쉬지않고 10계단 오르기 | 별칭=동작수행 어려움_쉬지않고 10계단 오르기 | 공간=계단 | 개선대상=손잡이/난간 | 개선전략=계단 측면에 난간(handrail)을 설치하여 오르내릴 때 지지와 균형 보조를 제공. | 기대효과=계단 이용 시 안전감 향상(자가보고된 개선; 'Managing stairs' 안전성 개선 보고). | 근거유형=코호트/비무작위 중재연구 | 출처=IMPACT OF HOME MODIFICATION SERVICES ON ABILITY IN EVERYDAY LIFE FOR PEOPLE AGEING WITH DISABILITIES,자동분류완료,
E0029,single,근력상태_의자나 침대에 앉았다가 일어나기 5회 반복,,근력상태_의자나 침대에 앉았다가 일어나기 5회 반복,,근력상태_의자나 침대에 앉았다가 일어나기 5회 반복,원문명_유지,근력상태_의자나 침대에 앉았다가 일어나기 5회 반복,욕실,욕실|침실,욕실/화장실/침실,변기·샤워·침대 주변 등 전이 지점에 보조 손잡이(그랩바/난간)를 설치하여 앉고 일어서는 동작을 지지하도록 함.,"전이 동작(침대·의자·변기에서의 앉기-일어서기) 관련 난이도 감소 및 안전감 향상(자가보고된 개선; 'Move in and out of bed', 'Transfer to toilet' 등 개선 보고).","공간: 욕실. 개선전략: 변기·샤워·침대 주변 등 전이 지점에 보조 손잡이(그랩바/난간)를 설치하여 앉고 일어서는 동작을 지지하도록 함.. 기대효과: 전이 동작(침대·의자·변기에서의 앉기-일어서기) 관련 난이도 감소 및 안전감 향상(자가보고된 개선; 'Move in and out of bed', 'Transfer to toilet' 등 개선 보고).",비무작위 중재연구,코호트/비무작위 중재연구,2,0.667,Tier 2,TRUE,손잡이/난간,IMPACT OF HOME MODIFICATION SERVICES ON ABILITY IN EVERYDAY LIFE FOR PEOPLE AGEING WITH DISABILITIES,,미확인_0.59,10.2340/16501977-0160,https://doi.org/10.2340/16501977-0160,"위험요인=근력상태_의자나 침대에 앉았다가 일어나기 5회 반복 | 모델요인=근력상태_의자나 침대에 앉았다가 일어나기 5회 반복 | 별칭=근력상태_의자나 침대에 앉았다가 일어나기 5회 반복 | 공간=욕실|침실 | 개선대상=손잡이/난간 | 개선전략=변기·샤워·침대 주변 등 전이 지점에 보조 손잡이(그랩바/난간)를 설치하여 앉고 일어서는 동작을 지지하도록 함. | 기대효과=전이 동작(침대·의자·변기에서의 앉기-일어서기) 관련 난이도 감소 및 안전감 향상(자가보고된 개선; 'Move in and out of bed', 'Transfer to toilet' 등 개선 보고). | 근거유형=코호트/비무작위 중재연구 | 출처=IMPACT OF HOME MODIFICATION SERVICES ON ABILITY IN EVERYDAY LIFE FOR PEOPLE AGEING WITH DISABILITIES",자동분류완료,
E0030,single,IADL,,IADL,,IADL|도구적 일상생활수행능력,대표모델명_자동매핑,IADL,주거공간 전반,주거공간 전반,주거공간 전반,욕실 리모델링·출입구 자동문·경사로·난간 등 복합적 주택 개조를 통해 집 안의 물리적 장벽을 광범위하게 제거(복합적 환경개선 제공).,"외출·보행 관련 과제(예: 'Walk a block', 장보기 등)에서의 자가보고된 난이도 감소 및 안전감 향상(논문에서 간접 효과로 보고됨).","공간: 주거공간 전반. 개선전략: 욕실 리모델링·출입구 자동문·경사로·난간 등 복합적 주택 개조를 통해 집 안의 물리적 장벽을 광범위하게 제거(복합적 환경개선 제공).. 기대효과: 외출·보행 관련 과제(예: 'Walk a block', 장보기 등)에서의 자가보고된 난이도 감소 및 안전감 향상(논문에서 간접 효과로 보고됨).",비무작위 중재연구,코호트/비무작위 중재연구,2,0.667,Tier 2,TRUE,,IMPACT OF HOME MODIFICATION SERVICES ON ABILITY IN EVERYDAY LIFE FOR PEOPLE AGEING WITH DISABILITIES,,미확인_0.59,10.2340/16501977-0160,https://doi.org/10.2340/16501977-0160,"위험요인=IADL | 모델요인=IADL | 별칭=IADL|도구적 일상생활수행능력 | 공간=주거공간 전반 | 개선대상= | 개선전략=욕실 리모델링·출입구 자동문·경사로·난간 등 복합적 주택 개조를 통해 집 안의 물리적 장벽을 광범위하게 제거(복합적 환경개선 제공). | 기대효과=외출·보행 관련 과제(예: 'Walk a block', 장보기 등)에서의 자가보고된 난이도 감소 및 안전감 향상(논문에서 간접 효과로 보고됨). | 근거유형=코호트/비무작위 중재연구 | 출처=IMPACT OF HOME MODIFICATION SERVICES ON ABILITY IN EVERYDAY LIFE FOR PEOPLE AGEING WITH DISABILITIES",자동분류완료,
E0031,single,일상생활의 불편함_시력,,시력,,시력|일상생활의 불편함_시력|시각기능,대표모델명_자동매핑,시력,욕실,욕실|침실|복도|현관|주거공간 전반,"주거공간 전반 (현관, 복도, 침실, 욕실)","고대비 트림(문·가구 가장자리 등)과 눈부심이 적은 바닥재를 적용하고, 침실에서 욕실로 이어지는 이동 경로 및 복도·현관에 모션센서 또는 야간 센서등을 설치하여 어두운 시간대 시인성 확보","야간 및 실내 시인성 향상, 시각 정보 판독성 개선","공간: 욕실. 개선전략: 고대비 트림(문·가구 가장자리 등)과 눈부심이 적은 바닥재를 적용하고, 침실에서 욕실로 이어지는 이동 경로 및 복도·현관에 모션센서 또는 야간 센서등을 설치하여 어두운 시간대 시인성 확보. 기대효과: 야간 및 실내 시인성 향상, 시각 정보 판독성 개선",리뷰,비체계적 리뷰/문헌고찰,1,0.333,Tier 3,TRUE,"조명, 바닥, 현관, 복도",Assessing and Adapting the Home Environment to Reduce Falls and Meet the Changing Capacity of Older Adults,Assessing and Adapting the Home Environment to Reduce Falls and Meet the Changing Capacity of Older Adults.pdf,자동매칭_1.00,10.1080/02763893.2012.673382,https://doi.org/10.1080/02763893.2012.673382,"위험요인=시력 | 모델요인=일상생활의 불편함_시력 | 별칭=시력|일상생활의 불편함_시력|시각기능 | 공간=욕실|침실|복도|현관|주거공간 전반 | 개선대상=조명, 바닥, 현관, 복도 | 개선전략=고대비 트림(문·가구 가장자리 등)과 눈부심이 적은 바닥재를 적용하고, 침실에서 욕실로 이어지는 이동 경로 및 복도·현관에 모션센서 또는 야간 센서등을 설치하여 어두운 시간대 시인성 확보 | 기대효과=야간 및 실내 시인성 향상, 시각 정보 판독성 개선 | 근거유형=비체계적 리뷰/문헌고찰 | 출처=Assessing and Adapting the Home Environment to Reduce Falls and Meet the Changing Capacity of Older Adults",검토필요_리뷰유형모호,체계적 문헌고찰인지 서술적 리뷰인지 원문 확인 필요
E0032,single,근력상태_의자나 침대에 앉았다가 일어나기 5회 반복,,근력상태_의자나 침대에 앉았다가 일어나기 5회 반복,,근력상태_의자나 침대에 앉았다가 일어나기 5회 반복,원문명_유지,근력상태_의자나 침대에 앉았다가 일어나기 5회 반복,욕실,욕실|침실,욕실·화장실 및 침실 주변 이동 경로,"화장실과 욕조·샤워 주변, 침실 전이 지점 등 전이(앉기/일어서기)가 일어나는 지점에 견고한 손잡이(grab bars)와 난간을 설치하여 전이 시 지지 제공",기립 및 전이 시 안정성 향상·전이 수행 부담 감소,"공간: 욕실. 개선전략: 화장실과 욕조·샤워 주변, 침실 전이 지점 등 전이(앉기/일어서기)가 일어나는 지점에 견고한 손잡이(grab bars)와 난간을 설치하여 전이 시 지지 제공. 기대효과: 기립 및 전이 시 안정성 향상·전이 수행 부담 감소",리뷰,비체계적 리뷰/문헌고찰,1,0.333,Tier 3,TRUE,"손잡이(그랩바), 난간, 변기 주변",Assessing and Adapting the Home Environment to Reduce Falls and Meet the Changing Capacity of Older Adults,Assessing and Adapting the Home Environment to Reduce Falls and Meet the Changing Capacity of Older Adults.pdf,자동매칭_1.00,10.1080/02763893.2012.673382,https://doi.org/10.1080/02763893.2012.673382,"위험요인=근력상태_의자나 침대에 앉았다가 일어나기 5회 반복 | 모델요인=근력상태_의자나 침대에 앉았다가 일어나기 5회 반복 | 별칭=근력상태_의자나 침대에 앉았다가 일어나기 5회 반복 | 공간=욕실|침실 | 개선대상=손잡이(그랩바), 난간, 변기 주변 | 개선전략=화장실과 욕조·샤워 주변, 침실 전이 지점 등 전이(앉기/일어서기)가 일어나는 지점에 견고한 손잡이(grab bars)와 난간을 설치하여 전이 시 지지 제공 | 기대효과=기립 및 전이 시 안정성 향상·전이 수행 부담 감소 | 근거유형=비체계적 리뷰/문헌고찰 | 출처=Assessing and Adapting the Home Environment to Reduce Falls and Meet the Changing Capacity of Older Adults",검토필요_리뷰유형모호,체계적 문헌고찰인지 서술적 리뷰인지 원문 확인 필요
E0033,single,동작수행 어려움_머리보다 높은 곳에 있는 것 손 뻗쳐 닿기,,동작수행 어려움_머리보다 높은 곳에 있는 것 손 뻗쳐 닿기,,동작수행 어려움_머리보다 높은 곳에 있는 것 손 뻗쳐 닿기,원문명_유지,동작수행 어려움_머리보다 높은 곳에 있는 것 손 뻗쳐 닿기,주방,주방,주방 및 수납공간,"자주 사용하는 물품을 머리 위 선반이 아닌 손이 닿기 쉬운 낮은 선반이나 허리 높이 수납으로 재배치하고, 필요 시 리처(reacher) 등 저기술 보조기구를 제공","높은 곳에 손을 뻗는 동작 감소로 균형·과신전 상황 회피, 보행·전이 부담 감소","공간: 주방. 개선전략: 자주 사용하는 물품을 머리 위 선반이 아닌 손이 닿기 쉬운 낮은 선반이나 허리 높이 수납으로 재배치하고, 필요 시 리처(reacher) 등 저기술 보조기구를 제공. 기대효과: 높은 곳에 손을 뻗는 동작 감소로 균형·과신전 상황 회피, 보행·전이 부담 감소",리뷰,비체계적 리뷰/문헌고찰,1,0.333,Tier 3,TRUE,"수납장, 조리도구, 보조기구(리처)",Assessing and Adapting the Home Environment to Reduce Falls and Meet the Changing Capacity of Older Adults,Assessing and Adapting the Home Environment to Reduce Falls and Meet the Changing Capacity of Older Adults.pdf,자동매칭_1.00,10.1080/02763893.2012.673382,https://doi.org/10.1080/02763893.2012.673382,"위험요인=동작수행 어려움_머리보다 높은 곳에 있는 것 손 뻗쳐 닿기 | 모델요인=동작수행 어려움_머리보다 높은 곳에 있는 것 손 뻗쳐 닿기 | 별칭=동작수행 어려움_머리보다 높은 곳에 있는 것 손 뻗쳐 닿기 | 공간=주방 | 개선대상=수납장, 조리도구, 보조기구(리처) | 개선전략=자주 사용하는 물품을 머리 위 선반이 아닌 손이 닿기 쉬운 낮은 선반이나 허리 높이 수납으로 재배치하고, 필요 시 리처(reacher) 등 저기술 보조기구를 제공 | 기대효과=높은 곳에 손을 뻗는 동작 감소로 균형·과신전 상황 회피, 보행·전이 부담 감소 | 근거유형=비체계적 리뷰/문헌고찰 | 출처=Assessing and Adapting the Home Environment to Reduce Falls and Meet the Changing Capacity of Older Adults",검토필요_리뷰유형모호,체계적 문헌고찰인지 서술적 리뷰인지 원문 확인 필요
E0034,single,동작수행 어려움_쌀 1말(8kg) 정도 물건 들어 올리거나 옮기기,,동작수행 어려움_쌀 1말(8kg) 정도 물건 들어 올리거나 옮기기,,동작수행 어려움_쌀 1말(8kg) 정도 물건 들어 올리거나 옮기기,원문명_유지,동작수행 어려움_쌀 1말(8kg) 정도 물건 들어 올리거나 옮기기,주방,주방,주방·저장공간,"무거운 물품은 허리 높이의 접근 가능한 수납에 배치하고, 무거운 물건 취급을 줄이기 위해 물품 위치를 조정하거나 필요 시 보조기구 사용 또는 협력 이동을 권장",중량물 취급 시 신체적 부담 및 넘어짐 위험 감소,"공간: 주방. 개선전략: 무거운 물품은 허리 높이의 접근 가능한 수납에 배치하고, 무거운 물건 취급을 줄이기 위해 물품 위치를 조정하거나 필요 시 보조기구 사용 또는 협력 이동을 권장. 기대효과: 중량물 취급 시 신체적 부담 및 넘어짐 위험 감소",리뷰,비체계적 리뷰/문헌고찰,1,0.333,Tier 3,TRUE,"수납장, 조리대",Assessing and Adapting the Home Environment to Reduce Falls and Meet the Changing Capacity of Older Adults,Assessing and Adapting the Home Environment to Reduce Falls and Meet the Changing Capacity of Older Adults.pdf,자동매칭_1.00,10.1080/02763893.2012.673382,https://doi.org/10.1080/02763893.2012.673382,"위험요인=동작수행 어려움_쌀 1말(8kg) 정도 물건 들어 올리거나 옮기기 | 모델요인=동작수행 어려움_쌀 1말(8kg) 정도 물건 들어 올리거나 옮기기 | 별칭=동작수행 어려움_쌀 1말(8kg) 정도 물건 들어 올리거나 옮기기 | 공간=주방 | 개선대상=수납장, 조리대 | 개선전략=무거운 물품은 허리 높이의 접근 가능한 수납에 배치하고, 무거운 물건 취급을 줄이기 위해 물품 위치를 조정하거나 필요 시 보조기구 사용 또는 협력 이동을 권장 | 기대효과=중량물 취급 시 신체적 부담 및 넘어짐 위험 감소 | 근거유형=비체계적 리뷰/문헌고찰 | 출처=Assessing and Adapting the Home Environment to Reduce Falls and Meet the Changing Capacity of Older Adults",검토필요_리뷰유형모호,체계적 문헌고찰인지 서술적 리뷰인지 원문 확인 필요
E0035,single,동작수행 어려움_쉬지않고 10계단 오르기,,동작수행 어려움_쉬지않고 10계단 오르기,,동작수행 어려움_쉬지않고 10계단 오르기,원문명_유지,동작수행 어려움_쉬지않고 10계단 오르기,계단,계단|현관,"계단, 현관","계단 양측에 견고한 난간을 설치하고 계단 조명을 개선하며 미끄럼 방지 표면을 적용하거나 가능한 경우 제로-스텝(zero-step) 출입, 경사로 설치 또는 계단 글라이드 설치를 검토",계단 이용 시 안정성 향상 및 보행 부담 감소,"공간: 계단. 개선전략: 계단 양측에 견고한 난간을 설치하고 계단 조명을 개선하며 미끄럼 방지 표면을 적용하거나 가능한 경우 제로-스텝(zero-step) 출입, 경사로 설치 또는 계단 글라이드 설치를 검토. 기대효과: 계단 이용 시 안정성 향상 및 보행 부담 감소",리뷰,비체계적 리뷰/문헌고찰,1,0.333,Tier 3,TRUE,"계단, 난간, 문턱, 계단 표면, 경사로/계단 글라이드",Assessing and Adapting the Home Environment to Reduce Falls and Meet the Changing Capacity of Older Adults,Assessing and Adapting the Home Environment to Reduce Falls and Meet the Changing Capacity of Older Adults.pdf,자동매칭_1.00,10.1080/02763893.2012.673382,https://doi.org/10.1080/02763893.2012.673382,"위험요인=동작수행 어려움_쉬지않고 10계단 오르기 | 모델요인=동작수행 어려움_쉬지않고 10계단 오르기 | 별칭=동작수행 어려움_쉬지않고 10계단 오르기 | 공간=계단|현관 | 개선대상=계단, 난간, 문턱, 계단 표면, 경사로/계단 글라이드 | 개선전략=계단 양측에 견고한 난간을 설치하고 계단 조명을 개선하며 미끄럼 방지 표면을 적용하거나 가능한 경우 제로-스텝(zero-step) 출입, 경사로 설치 또는 계단 글라이드 설치를 검토 | 기대효과=계단 이용 시 안정성 향상 및 보행 부담 감소 | 근거유형=비체계적 리뷰/문헌고찰 | 출처=Assessing and Adapting the Home Environment to Reduce Falls and Meet the Changing Capacity of Older Adults",검토필요_리뷰유형모호,체계적 문헌고찰인지 서술적 리뷰인지 원문 확인 필요
E0036,single,ADL,,ADL,,ADL|일상생활수행능력,대표모델명_자동매핑,ADL,욕실,욕실|주방|거실|복도|주거공간 전반,주거공간 전반(복도·거실·주방·욕실),"가구 재배치로 동선 확보 및 빈번한 동선은 짧고 넓게 설계하고, 불안정한 깔개·장애물 제거(감법), 문턱 제거·문 폭 확대 등 구조적 변경(변환적 조치)을 통해 일상 동작 수행을 용이하게 함",일상생활 수행 능력(ADL) 지원 및 이동 경로의 장애물 감소,"공간: 욕실. 개선전략: 가구 재배치로 동선 확보 및 빈번한 동선은 짧고 넓게 설계하고, 불안정한 깔개·장애물 제거(감법), 문턱 제거·문 폭 확대 등 구조적 변경(변환적 조치)을 통해 일상 동작 수행을 용이하게 함. 기대효과: 일상생활 수행 능력(ADL) 지원 및 이동 경로의 장애물 감소",리뷰,비체계적 리뷰/문헌고찰,1,0.333,Tier 3,TRUE,"바닥, 가구, 문턱, 문",Assessing and Adapting the Home Environment to Reduce Falls and Meet the Changing Capacity of Older Adults,Assessing and Adapting the Home Environment to Reduce Falls and Meet the Changing Capacity of Older Adults.pdf,자동매칭_1.00,10.1080/02763893.2012.673382,https://doi.org/10.1080/02763893.2012.673382,"위험요인=ADL | 모델요인=ADL | 별칭=ADL|일상생활수행능력 | 공간=욕실|주방|거실|복도|주거공간 전반 | 개선대상=바닥, 가구, 문턱, 문 | 개선전략=가구 재배치로 동선 확보 및 빈번한 동선은 짧고 넓게 설계하고, 불안정한 깔개·장애물 제거(감법), 문턱 제거·문 폭 확대 등 구조적 변경(변환적 조치)을 통해 일상 동작 수행을 용이하게 함 | 기대효과=일상생활 수행 능력(ADL) 지원 및 이동 경로의 장애물 감소 | 근거유형=비체계적 리뷰/문헌고찰 | 출처=Assessing and Adapting the Home Environment to Reduce Falls and Meet the Changing Capacity of Older Adults",검토필요_리뷰유형모호,체계적 문헌고찰인지 서술적 리뷰인지 원문 확인 필요
E0037,single,인지기능_총점,,인지기능,,인지기능|인지기능_총점|인지저하,대표모델명_자동매핑,인지기능,욕실,욕실|침실|주거공간 전반,주거공간 전반(특히 욕실·침실),"움직임·넘어짐 징후를 감지하는 센서와 카메라, 분위기(ambiance) 장치 등을 개인 응급호출시스템(PERS)과 연동하여 위험 행동을 조기 탐지·알림하도록 설치하고, 단순·비침습적 UI를 적용하여 사용 장벽을 낮춤",위험행동의 조기 탐지 및 보호자/서비스 제공자 알림으로 안전관리 보조,"공간: 욕실. 개선전략: 움직임·넘어짐 징후를 감지하는 센서와 카메라, 분위기(ambiance) 장치 등을 개인 응급호출시스템(PERS)과 연동하여 위험 행동을 조기 탐지·알림하도록 설치하고, 단순·비침습적 UI를 적용하여 사용 장벽을 낮춤. 기대효과: 위험행동의 조기 탐지 및 보호자/서비스 제공자 알림으로 안전관리 보조",리뷰,비체계적 리뷰/문헌고찰,1,0.333,Tier 3,TRUE,"센서, 카메라, 개인응급호출시스템(PERS), 조명",Assessing and Adapting the Home Environment to Reduce Falls and Meet the Changing Capacity of Older Adults,Assessing and Adapting the Home Environment to Reduce Falls and Meet the Changing Capacity of Older Adults.pdf,자동매칭_1.00,10.1080/02763893.2012.673382,https://doi.org/10.1080/02763893.2012.673382,"위험요인=인지기능 | 모델요인=인지기능_총점 | 별칭=인지기능|인지기능_총점|인지저하 | 공간=욕실|침실|주거공간 전반 | 개선대상=센서, 카메라, 개인응급호출시스템(PERS), 조명 | 개선전략=움직임·넘어짐 징후를 감지하는 센서와 카메라, 분위기(ambiance) 장치 등을 개인 응급호출시스템(PERS)과 연동하여 위험 행동을 조기 탐지·알림하도록 설치하고, 단순·비침습적 UI를 적용하여 사용 장벽을 낮춤 | 기대효과=위험행동의 조기 탐지 및 보호자/서비스 제공자 알림으로 안전관리 보조 | 근거유형=비체계적 리뷰/문헌고찰 | 출처=Assessing and Adapting the Home Environment to Reduce Falls and Meet the Changing Capacity of Older Adults",검토필요_리뷰유형모호,체계적 문헌고찰인지 서술적 리뷰인지 원문 확인 필요
E0038,single,낙상 경험,,낙상 경험,,낙상 경험|낙상경험|과거 낙상,대표모델명_자동매핑,낙상 경험,주거공간 전반,주거공간 전반,주거공간 전반,"작업치료사(또는 전문평가자)가 수행하는 포괄적 가정환경 평가 후 우선순위에 따라 추가(손잡이·조명 설치), 제거(깔개·장애물 제거), 구조적 변환(문폭 확장·경사로) 및 보조기술 연계 등 맞춤형 주택수정과 추적관리를 시행",문헌에서 보고된 바와 같이 환경요소를 포함한 다요인 중재 후 낙상률 감소(리뷰에서 참조된 메타분석: 전체 집단에서 약 21% 감소 등 보고),"공간: 주거공간 전반. 개선전략: 작업치료사(또는 전문평가자)가 수행하는 포괄적 가정환경 평가 후 우선순위에 따라 추가(손잡이·조명 설치), 제거(깔개·장애물 제거), 구조적 변환(문폭 확장·경사로) 및 보조기술 연계 등 맞춤형 주택수정과 추적관리를 시행. 기대효과: 문헌에서 보고된 바와 같이 환경요소를 포함한 다요인 중재 후 낙상률 감소(리뷰에서 참조된 메타분석: 전체 집단에서 약 21% 감소 등 보고)",메타분석·리뷰(문헌고찰) 참조,체계적 문헌고찰/메타분석,3,1.000,Tier 1,TRUE,"손잡이, 조명, 바닥, 수납, 가구",Assessing and Adapting the Home Environment to Reduce Falls and Meet the Changing Capacity of Older Adults,Assessing and Adapting the Home Environment to Reduce Falls and Meet the Changing Capacity of Older Adults.pdf,자동매칭_1.00,10.1080/02763893.2012.673382,https://doi.org/10.1080/02763893.2012.673382,"위험요인=낙상 경험 | 모델요인=낙상 경험 | 별칭=낙상 경험|낙상경험|과거 낙상 | 공간=주거공간 전반 | 개선대상=손잡이, 조명, 바닥, 수납, 가구 | 개선전략=작업치료사(또는 전문평가자)가 수행하는 포괄적 가정환경 평가 후 우선순위에 따라 추가(손잡이·조명 설치), 제거(깔개·장애물 제거), 구조적 변환(문폭 확장·경사로) 및 보조기술 연계 등 맞춤형 주택수정과 추적관리를 시행 | 기대효과=문헌에서 보고된 바와 같이 환경요소를 포함한 다요인 중재 후 낙상률 감소(리뷰에서 참조된 메타분석: 전체 집단에서 약 21% 감소 등 보고) | 근거유형=체계적 문헌고찰/메타분석 | 출처=Assessing and Adapting the Home Environment to Reduce Falls and Meet the Changing Capacity of Older Adults",자동분류완료,
E0039,single,동작수행 어려움_운동장 한 바퀴(400m)정도 걷기,,동작수행 어려움_운동장 한 바퀴(400m)정도 걷기,,동작수행 어려움_운동장 한 바퀴(400m)정도 걷기,원문명_유지,동작수행 어려움_운동장 한 바퀴(400m)정도 걷기,거실,거실|복도,복도·거실·주거 동선 전반,"복도와 통로를 짧고 넓게 확보하도록 가구를 재배치하고, 느슨하거나 깊은 깔개 및 닳은 카펫을 제거하며 미끄럼 방지·평탄한 바닥재를 적용하여 연속적인 보행 동선 확보",장거리 보행 시 보행 부담 감소 및 동선의 안전성 향상,"공간: 거실. 개선전략: 복도와 통로를 짧고 넓게 확보하도록 가구를 재배치하고, 느슨하거나 깊은 깔개 및 닳은 카펫을 제거하며 미끄럼 방지·평탄한 바닥재를 적용하여 연속적인 보행 동선 확보. 기대효과: 장거리 보행 시 보행 부담 감소 및 동선의 안전성 향상",리뷰,비체계적 리뷰/문헌고찰,1,0.333,Tier 3,TRUE,"바닥, 가구, 복도",Assessing and Adapting the Home Environment to Reduce Falls and Meet the Changing Capacity of Older Adults,Assessing and Adapting the Home Environment to Reduce Falls and Meet the Changing Capacity of Older Adults.pdf,자동매칭_1.00,10.1080/02763893.2012.673382,https://doi.org/10.1080/02763893.2012.673382,"위험요인=동작수행 어려움_운동장 한 바퀴(400m)정도 걷기 | 모델요인=동작수행 어려움_운동장 한 바퀴(400m)정도 걷기 | 별칭=동작수행 어려움_운동장 한 바퀴(400m)정도 걷기 | 공간=거실|복도 | 개선대상=바닥, 가구, 복도 | 개선전략=복도와 통로를 짧고 넓게 확보하도록 가구를 재배치하고, 느슨하거나 깊은 깔개 및 닳은 카펫을 제거하며 미끄럼 방지·평탄한 바닥재를 적용하여 연속적인 보행 동선 확보 | 기대효과=장거리 보행 시 보행 부담 감소 및 동선의 안전성 향상 | 근거유형=비체계적 리뷰/문헌고찰 | 출처=Assessing and Adapting the Home Environment to Reduce Falls and Meet the Changing Capacity of Older Adults",검토필요_리뷰유형모호,체계적 문헌고찰인지 서술적 리뷰인지 원문 확인 필요
E0040,single,낙상 경험,,낙상 경험,,22. 낙상 경험|낙상 경험|낙상경험|과거 낙상,대표모델명_자동매핑,22. 낙상 경험,주거공간 전반,주거공간 전반,주거공간 전반,"작업치료사(OT)에 의한 가정 환경 평가 후 권고된 설치/제거 작업(러그·매트 제거, 욕실 비슬립 매트·손잡이 설치, 변기 높이 조절 등)을 실제로 시행하도록 지원하고(필요시 추가 방문/전화 추적 포함) 수정 이행을 돕는다.",낙상 이력이 있는 대상자에서 권고사항 중 1개 이상을 이행한 경우 낙상률이 유의하게 감소함(리뷰에 인용된 무작위 대조시험 결과에 근거).,"공간: 주거공간 전반. 개선전략: 작업치료사(OT)에 의한 가정 환경 평가 후 권고된 설치/제거 작업(러그·매트 제거, 욕실 비슬립 매트·손잡이 설치, 변기 높이 조절 등)을 실제로 시행하도록 지원하고(필요시 추가 방문/전화 추적 포함) 수정 이행을 돕는다.. 기대효과: 낙상 이력이 있는 대상자에서 권고사항 중 1개 이상을 이행한 경우 낙상률이 유의하게 감소함(리뷰에 인용된 무작위 대조시험 결과에 근거).",무작위 대조시험,무작위 대조시험,3,1.000,Tier 1,TRUE,"바닥(러그/매트), 욕실 비슬립 매트, 손잡이, 변기 높이",The environment and falls prevention: Do environmental modifications make a difference?,Aus Occup Therapy J - 2005 - Tse - The environment and falls prevention  Do environmental modifications make a difference.pdf,자동매칭_0.92,10.1111/j.1440-1630.2005.00525.x,https://doi.org/10.1111/j.1440-1630.2005.00525.x,"위험요인=낙상 경험 | 모델요인=낙상 경험 | 별칭=22. 낙상 경험|낙상 경험|낙상경험|과거 낙상 | 공간=주거공간 전반 | 개선대상=바닥(러그/매트), 욕실 비슬립 매트, 손잡이, 변기 높이 | 개선전략=작업치료사(OT)에 의한 가정 환경 평가 후 권고된 설치/제거 작업(러그·매트 제거, 욕실 비슬립 매트·손잡이 설치, 변기 높이 조절 등)을 실제로 시행하도록 지원하고(필요시 추가 방문/전화 추적 포함) 수정 이행을 돕는다. | 기대효과=낙상 이력이 있는 대상자에서 권고사항 중 1개 이상을 이행한 경우 낙상률이 유의하게 감소함(리뷰에 인용된 무작위 대조시험 결과에 근거). | 근거유형=무작위 대조시험 | 출처=The environment and falls prevention: Do environmental modifications make a difference?",자동분류완료,
E0041,single,낙상 경험,,낙상 경험,,22. 낙상 경험|낙상 경험|낙상경험|과거 낙상,대표모델명_자동매핑,22. 낙상 경험,주거공간 전반,주거공간 전반,주거공간 전반,거주지 내부의 느슨한 러그·카펫·바닥 매트를 제거하거나 고정하여 걸림(trip) 위험을 제거한다.,"집안 위험요소(걸림/미끄러짐) 수가 유의하게 감소하였으나, 건강한 표본에서는 단독으로 낙상률 감소에 미치지 못한 연구도 보고됨(연구별 상이).","공간: 주거공간 전반. 개선전략: 거주지 내부의 느슨한 러그·카펫·바닥 매트를 제거하거나 고정하여 걸림(trip) 위험을 제거한다.. 기대효과: 집안 위험요소(걸림/미끄러짐) 수가 유의하게 감소하였으나, 건강한 표본에서는 단독으로 낙상률 감소에 미치지 못한 연구도 보고됨(연구별 상이).",무작위 대조시험,무작위 대조시험,3,1.000,Tier 1,TRUE,"러그, 매트, 바닥",The environment and falls prevention: Do environmental modifications make a difference?,Aus Occup Therapy J - 2005 - Tse - The environment and falls prevention  Do environmental modifications make a difference.pdf,자동매칭_0.92,10.1111/j.1440-1630.2005.00525.x,https://doi.org/10.1111/j.1440-1630.2005.00525.x,"위험요인=낙상 경험 | 모델요인=낙상 경험 | 별칭=22. 낙상 경험|낙상 경험|낙상경험|과거 낙상 | 공간=주거공간 전반 | 개선대상=러그, 매트, 바닥 | 개선전략=거주지 내부의 느슨한 러그·카펫·바닥 매트를 제거하거나 고정하여 걸림(trip) 위험을 제거한다. | 기대효과=집안 위험요소(걸림/미끄러짐) 수가 유의하게 감소하였으나, 건강한 표본에서는 단독으로 낙상률 감소에 미치지 못한 연구도 보고됨(연구별 상이). | 근거유형=무작위 대조시험 | 출처=The environment and falls prevention: Do environmental modifications make a difference?",자동분류완료,
E0042,single,근력상태_의자나 침대에 앉았다가 일어나기 5회 반복,,근력상태_의자나 침대에 앉았다가 일어나기 5회 반복,,1. 근력상태_의자나 침대에 앉았다가 일어나기 5회 반복|근력상태_의자나 침대에 앉았다가 일어나기 5회 반복,원문명_유지,1. 근력상태_의자나 침대에 앉았다가 일어나기 5회 반복,욕실,욕실,욕실,변기 측면과 샤워/욕조 주변에 견고한 보조 손잡이(고정식 손잡이)를 설치하여 앉았다 일어서기 및 지지 시 손잡이를 이용하게 한다.,"욕실의 전형적 권고항목으로, 다수의 개입 연구에서 사용되며 권고 이행 시 이동·이전(transfers) 관련 안전성 향상과 낙상 관련 위험 감소에 기여함(리뷰 근거).","공간: 욕실. 개선전략: 변기 측면과 샤워/욕조 주변에 견고한 보조 손잡이(고정식 손잡이)를 설치하여 앉았다 일어서기 및 지지 시 손잡이를 이용하게 한다.. 기대효과: 욕실의 전형적 권고항목으로, 다수의 개입 연구에서 사용되며 권고 이행 시 이동·이전(transfers) 관련 안전성 향상과 낙상 관련 위험 감소에 기여함(리뷰 근거).",무작위 대조시험,무작위 대조시험,3,1.000,Tier 1,TRUE,욕실용 보조손잡이(그래브 레일),The environment and falls prevention: Do environmental modifications make a difference?,Aus Occup Therapy J - 2005 - Tse - The environment and falls prevention  Do environmental modifications make a difference.pdf,자동매칭_0.92,10.1111/j.1440-1630.2005.00525.x,https://doi.org/10.1111/j.1440-1630.2005.00525.x,"위험요인=근력상태_의자나 침대에 앉았다가 일어나기 5회 반복 | 모델요인=근력상태_의자나 침대에 앉았다가 일어나기 5회 반복 | 별칭=1. 근력상태_의자나 침대에 앉았다가 일어나기 5회 반복|근력상태_의자나 침대에 앉았다가 일어나기 5회 반복 | 공간=욕실 | 개선대상=욕실용 보조손잡이(그래브 레일) | 개선전략=변기 측면과 샤워/욕조 주변에 견고한 보조 손잡이(고정식 손잡이)를 설치하여 앉았다 일어서기 및 지지 시 손잡이를 이용하게 한다. | 기대효과=욕실의 전형적 권고항목으로, 다수의 개입 연구에서 사용되며 권고 이행 시 이동·이전(transfers) 관련 안전성 향상과 낙상 관련 위험 감소에 기여함(리뷰 근거). | 근거유형=무작위 대조시험 | 출처=The environment and falls prevention: Do environmental modifications make a difference?",자동분류완료,
E0043,single,근력상태_의자나 침대에 앉았다가 일어나기 5회 반복,,근력상태_의자나 침대에 앉았다가 일어나기 5회 반복,,1. 근력상태_의자나 침대에 앉았다가 일어나기 5회 반복|근력상태_의자나 침대에 앉았다가 일어나기 5회 반복,원문명_유지,1. 근력상태_의자나 침대에 앉았다가 일어나기 5회 반복,욕실,욕실,욕실,변기 좌석 높이를 사용자의 무릎 높이에 맞추어 연장형 좌석 또는 변기 높임장치를 설치한다.,"여러 연구에서 자주 권고된 항목이며, 권고사항을 이행한 참가자군에서 전체 낙상률 감소에 기여한 것으로 보고됨(리뷰 인용).","공간: 욕실. 개선전략: 변기 좌석 높이를 사용자의 무릎 높이에 맞추어 연장형 좌석 또는 변기 높임장치를 설치한다.. 기대효과: 여러 연구에서 자주 권고된 항목이며, 권고사항을 이행한 참가자군에서 전체 낙상률 감소에 기여한 것으로 보고됨(리뷰 인용).",무작위 대조시험,무작위 대조시험,3,1.000,Tier 1,TRUE,변기(좌석 높임장치),The environment and falls prevention: Do environmental modifications make a difference?,Aus Occup Therapy J - 2005 - Tse - The environment and falls prevention  Do environmental modifications make a difference.pdf,자동매칭_0.92,10.1111/j.1440-1630.2005.00525.x,https://doi.org/10.1111/j.1440-1630.2005.00525.x,"위험요인=근력상태_의자나 침대에 앉았다가 일어나기 5회 반복 | 모델요인=근력상태_의자나 침대에 앉았다가 일어나기 5회 반복 | 별칭=1. 근력상태_의자나 침대에 앉았다가 일어나기 5회 반복|근력상태_의자나 침대에 앉았다가 일어나기 5회 반복 | 공간=욕실 | 개선대상=변기(좌석 높임장치) | 개선전략=변기 좌석 높이를 사용자의 무릎 높이에 맞추어 연장형 좌석 또는 변기 높임장치를 설치한다. | 기대효과=여러 연구에서 자주 권고된 항목이며, 권고사항을 이행한 참가자군에서 전체 낙상률 감소에 기여한 것으로 보고됨(리뷰 인용). | 근거유형=무작위 대조시험 | 출처=The environment and falls prevention: Do environmental modifications make a difference?",자동분류완료,
E0044,single,근력상태_의자나 침대에 앉았다가 일어나기 5회 반복,,근력상태_의자나 침대에 앉았다가 일어나기 5회 반복,,1. 근력상태_의자나 침대에 앉았다가 일어나기 5회 반복|근력상태_의자나 침대에 앉았다가 일어나기 5회 반복,원문명_유지,1. 근력상태_의자나 침대에 앉았다가 일어나기 5회 반복,욕실,욕실,욕실,샤워 시 앉아 목욕할 수 있도록 접이식 또는 이동식 샤워 의자를 제공·설치하고 사용법을 교육한다.,"샤워의자 권고는 높은 순응도를 보인 항목으로 보고되었으며(리뷰 인용), 권고 이행자는 낙상 위험 감소와 연관됨.","공간: 욕실. 개선전략: 샤워 시 앉아 목욕할 수 있도록 접이식 또는 이동식 샤워 의자를 제공·설치하고 사용법을 교육한다.. 기대효과: 샤워의자 권고는 높은 순응도를 보인 항목으로 보고되었으며(리뷰 인용), 권고 이행자는 낙상 위험 감소와 연관됨.",무작위 대조시험,무작위 대조시험,3,1.000,Tier 1,TRUE,샤워 의자,The environment and falls prevention: Do environmental modifications make a difference?,Aus Occup Therapy J - 2005 - Tse - The environment and falls prevention  Do environmental modifications make a difference.pdf,자동매칭_0.92,10.1111/j.1440-1630.2005.00525.x,https://doi.org/10.1111/j.1440-1630.2005.00525.x,"위험요인=근력상태_의자나 침대에 앉았다가 일어나기 5회 반복 | 모델요인=근력상태_의자나 침대에 앉았다가 일어나기 5회 반복 | 별칭=1. 근력상태_의자나 침대에 앉았다가 일어나기 5회 반복|근력상태_의자나 침대에 앉았다가 일어나기 5회 반복 | 공간=욕실 | 개선대상=샤워 의자 | 개선전략=샤워 시 앉아 목욕할 수 있도록 접이식 또는 이동식 샤워 의자를 제공·설치하고 사용법을 교육한다. | 기대효과=샤워의자 권고는 높은 순응도를 보인 항목으로 보고되었으며(리뷰 인용), 권고 이행자는 낙상 위험 감소와 연관됨. | 근거유형=무작위 대조시험 | 출처=The environment and falls prevention: Do environmental modifications make a difference?",자동분류완료,
E0045,single,ADL,,ADL,,8. ADL|ADL|일상생활수행능력,대표모델명_자동매핑,8. ADL,욕실,욕실,욕실,욕조·샤워·욕실 바닥에 미끄럼 방지 매트를 깔거나 바닥 표면에 비슬립 처리를 적용한다(비슬립 매트/논슬립 표면 설치).,"욕실 내 환경위험(미끄러짐) 감소에 기여하며, 일부 연구에서는 권고 이행 시 낙상 위험 완화에 기여한 것으로 보고됨.","공간: 욕실. 개선전략: 욕조·샤워·욕실 바닥에 미끄럼 방지 매트를 깔거나 바닥 표면에 비슬립 처리를 적용한다(비슬립 매트/논슬립 표면 설치).. 기대효과: 욕실 내 환경위험(미끄러짐) 감소에 기여하며, 일부 연구에서는 권고 이행 시 낙상 위험 완화에 기여한 것으로 보고됨.",무작위 대조시험,무작위 대조시험,3,1.000,Tier 1,TRUE,"욕실 바닥, 비슬립 매트",The environment and falls prevention: Do environmental modifications make a difference?,Aus Occup Therapy J - 2005 - Tse - The environment and falls prevention  Do environmental modifications make a difference.pdf,자동매칭_0.92,10.1111/j.1440-1630.2005.00525.x,https://doi.org/10.1111/j.1440-1630.2005.00525.x,"위험요인=ADL | 모델요인=ADL | 별칭=8. ADL|ADL|일상생활수행능력 | 공간=욕실 | 개선대상=욕실 바닥, 비슬립 매트 | 개선전략=욕조·샤워·욕실 바닥에 미끄럼 방지 매트를 깔거나 바닥 표면에 비슬립 처리를 적용한다(비슬립 매트/논슬립 표면 설치). | 기대효과=욕실 내 환경위험(미끄러짐) 감소에 기여하며, 일부 연구에서는 권고 이행 시 낙상 위험 완화에 기여한 것으로 보고됨. | 근거유형=무작위 대조시험 | 출처=The environment and falls prevention: Do environmental modifications make a difference?",자동분류완료,
E0046,single,낙상 경험,,낙상 경험,,22. 낙상 경험|낙상 경험|낙상경험|과거 낙상,대표모델명_자동매핑,22. 낙상 경험,거실,거실|복도,병실·요양시설(복도·거실),요양·재활 환경에서 바닥재 유형을 고려하여 비닐 바닥 혹은 카펫 등 표면 재질을 환경·대상 특성에 따라 선택(연구에서는 비닐이 낙상 빈도 감소를 제안하는 반면 카펫은 낙상 시 상해 감소를 제안함).,"연구별로 권고가 상이함: 일부 RCT에서는 비닐 바닥이 낙상 빈도 감소를 제안했고, 종단자료에서는 카펫이 낙상 시 부상 감소와 연관되었으나 통계적 유의성·일반화에는 제한이 있음.","공간: 거실. 개선전략: 요양·재활 환경에서 바닥재 유형을 고려하여 비닐 바닥 혹은 카펫 등 표면 재질을 환경·대상 특성에 따라 선택(연구에서는 비닐이 낙상 빈도 감소를 제안하는 반면 카펫은 낙상 시 상해 감소를 제안함).. 기대효과: 연구별로 권고가 상이함: 일부 RCT에서는 비닐 바닥이 낙상 빈도 감소를 제안했고, 종단자료에서는 카펫이 낙상 시 부상 감소와 연관되었으나 통계적 유의성·일반화에는 제한이 있음.",무작위 대조시험 / 종단연구,무작위 대조시험,3,1.000,Tier 1,TRUE,"바닥(비닐, 카펫)",The environment and falls prevention: Do environmental modifications make a difference?,Aus Occup Therapy J - 2005 - Tse - The environment and falls prevention  Do environmental modifications make a difference.pdf,자동매칭_0.92,10.1111/j.1440-1630.2005.00525.x,https://doi.org/10.1111/j.1440-1630.2005.00525.x,"위험요인=낙상 경험 | 모델요인=낙상 경험 | 별칭=22. 낙상 경험|낙상 경험|낙상경험|과거 낙상 | 공간=거실|복도 | 개선대상=바닥(비닐, 카펫) | 개선전략=요양·재활 환경에서 바닥재 유형을 고려하여 비닐 바닥 혹은 카펫 등 표면 재질을 환경·대상 특성에 따라 선택(연구에서는 비닐이 낙상 빈도 감소를 제안하는 반면 카펫은 낙상 시 상해 감소를 제안함). | 기대효과=연구별로 권고가 상이함: 일부 RCT에서는 비닐 바닥이 낙상 빈도 감소를 제안했고, 종단자료에서는 카펫이 낙상 시 부상 감소와 연관되었으나 통계적 유의성·일반화에는 제한이 있음. | 근거유형=무작위 대조시험 | 출처=The environment and falls prevention: Do environmental modifications make a difference?",자동분류완료,
E0047,single,ADL,,ADL,,8. ADL|ADL|일상생활수행능력,대표모델명_자동매핑,8. ADL,침실,침실,요양시설 침실/병실,야간 퇴근 시(취침 시) 미끄럼 방지 기능이 있는 슬리퍼형 양말을 착용하도록 제공·권장한다.,한 임상 사례 연구에서 요로(오줌)로 인한 미끄러짐 관련 낙상 비율이 사례 전후 비교에서 크게 감소(예: 38%→5%)한 것으로 보고됨.,공간: 침실. 개선전략: 야간 퇴근 시(취침 시) 미끄럼 방지 기능이 있는 슬리퍼형 양말을 착용하도록 제공·권장한다.. 기대효과: 한 임상 사례 연구에서 요로(오줌)로 인한 미끄러짐 관련 낙상 비율이 사례 전후 비교에서 크게 감소(예: 38%→5%)한 것으로 보고됨.,임상 사례 연구,탐색적/관찰 연구,1,0.333,Tier 3,TRUE,슬리퍼형 양말,The environment and falls prevention: Do environmental modifications make a difference?,Aus Occup Therapy J - 2005 - Tse - The environment and falls prevention  Do environmental modifications make a difference.pdf,자동매칭_0.92,10.1111/j.1440-1630.2005.00525.x,https://doi.org/10.1111/j.1440-1630.2005.00525.x,위험요인=ADL | 모델요인=ADL | 별칭=8. ADL|ADL|일상생활수행능력 | 공간=침실 | 개선대상=슬리퍼형 양말 | 개선전략=야간 퇴근 시(취침 시) 미끄럼 방지 기능이 있는 슬리퍼형 양말을 착용하도록 제공·권장한다. | 기대효과=한 임상 사례 연구에서 요로(오줌)로 인한 미끄러짐 관련 낙상 비율이 사례 전후 비교에서 크게 감소(예: 38%→5%)한 것으로 보고됨. | 근거유형=탐색적/관찰 연구 | 출처=The environment and falls prevention: Do environmental modifications make a difference?,자동분류완료,
E0048,single,근력상태_의자나 침대에 앉았다가 일어나기 5회 반복,,근력상태_의자나 침대에 앉았다가 일어나기 5회 반복,,1. 근력상태_의자나 침대에 앉았다가 일어나기 5회 반복|근력상태_의자나 침대에 앉았다가 일어나기 5회 반복,원문명_유지,1. 근력상태_의자나 침대에 앉았다가 일어나기 5회 반복,기타/검토필요,기타/검토필요,병실/침대 주변,압력감지식 침대 패드(기상 시 간호사실에 시각·청각 알람 전달되는 베드 알람)를 설치·운영한다.,"패드는 환자가 침대에서 일어날 때 적절히 간호사에게 경고함을 보였으나, 소규모 RCT에서는 낙상 발생률 자체 감소는 통계적으로 유의하지 않음.","공간: 기타/검토필요. 개선전략: 압력감지식 침대 패드(기상 시 간호사실에 시각·청각 알람 전달되는 베드 알람)를 설치·운영한다.. 기대효과: 패드는 환자가 침대에서 일어날 때 적절히 간호사에게 경고함을 보였으나, 소규모 RCT에서는 낙상 발생률 자체 감소는 통계적으로 유의하지 않음.",무작위 대조시험,무작위 대조시험,3,1.000,Tier 1,TRUE,압력감지 패드(침대),The environment and falls prevention: Do environmental modifications make a difference?,Aus Occup Therapy J - 2005 - Tse - The environment and falls prevention  Do environmental modifications make a difference.pdf,자동매칭_0.92,10.1111/j.1440-1630.2005.00525.x,https://doi.org/10.1111/j.1440-1630.2005.00525.x,"위험요인=근력상태_의자나 침대에 앉았다가 일어나기 5회 반복 | 모델요인=근력상태_의자나 침대에 앉았다가 일어나기 5회 반복 | 별칭=1. 근력상태_의자나 침대에 앉았다가 일어나기 5회 반복|근력상태_의자나 침대에 앉았다가 일어나기 5회 반복 | 공간=기타/검토필요 | 개선대상=압력감지 패드(침대) | 개선전략=압력감지식 침대 패드(기상 시 간호사실에 시각·청각 알람 전달되는 베드 알람)를 설치·운영한다. | 기대효과=패드는 환자가 침대에서 일어날 때 적절히 간호사에게 경고함을 보였으나, 소규모 RCT에서는 낙상 발생률 자체 감소는 통계적으로 유의하지 않음. | 근거유형=무작위 대조시험 | 출처=The environment and falls prevention: Do environmental modifications make a difference?",자동분류완료,
E0049,single,일상생활의 불편함_시력,,시력,,10. 시력|시력|일상생활의 불편함_시력|시각기능,대표모델명_자동매핑,10. 시력,욕실,욕실|침실,침실→화장실 이동경로,침실에서 화장실로 이어지는 이동 경로 및 실내 통로에 센서식 야간등/야간 조명 및 화장실 내 비상조명을 설치하여 야간 시인성을 확보한다.,야간 시인성 향상으로 야간 이동 시 걸림·미끄러짐 위험을 줄여주는 것으로 권고됨(여러 가정 개조 연구에서 권장 항목).,공간: 욕실. 개선전략: 침실에서 화장실로 이어지는 이동 경로 및 실내 통로에 센서식 야간등/야간 조명 및 화장실 내 비상조명을 설치하여 야간 시인성을 확보한다.. 기대효과: 야간 시인성 향상으로 야간 이동 시 걸림·미끄러짐 위험을 줄여주는 것으로 권고됨(여러 가정 개조 연구에서 권장 항목).,무작위 대조시험,무작위 대조시험,3,1.000,Tier 1,TRUE,야간등(센서등),The environment and falls prevention: Do environmental modifications make a difference?,Aus Occup Therapy J - 2005 - Tse - The environment and falls prevention  Do environmental modifications make a difference.pdf,자동매칭_0.92,10.1111/j.1440-1630.2005.00525.x,https://doi.org/10.1111/j.1440-1630.2005.00525.x,위험요인=시력 | 모델요인=일상생활의 불편함_시력 | 별칭=10. 시력|시력|일상생활의 불편함_시력|시각기능 | 공간=욕실|침실 | 개선대상=야간등(센서등) | 개선전략=침실에서 화장실로 이어지는 이동 경로 및 실내 통로에 센서식 야간등/야간 조명 및 화장실 내 비상조명을 설치하여 야간 시인성을 확보한다. | 기대효과=야간 시인성 향상으로 야간 이동 시 걸림·미끄러짐 위험을 줄여주는 것으로 권고됨(여러 가정 개조 연구에서 권장 항목). | 근거유형=무작위 대조시험 | 출처=The environment and falls prevention: Do environmental modifications make a difference?,자동분류완료,
E0050,single,일상생활의 불편함_시력,,시력,,10. 시력|시력|일상생활의 불편함_시력|시각기능,대표모델명_자동매핑,10. 시력,계단,계단,계단/단차,계단 및 실내·야외 단차의 앞단에 대비색(콘트라스트)으로 엣지 표시를 하여 시각적 식별을 용이하게 한다.,시각적 대비 증대로 단차 인지 향상에 기여하여 환경 관련 낙상 위험을 줄이는 것으로 권고됨.,공간: 계단. 개선전략: 계단 및 실내·야외 단차의 앞단에 대비색(콘트라스트)으로 엣지 표시를 하여 시각적 식별을 용이하게 한다.. 기대효과: 시각적 대비 증대로 단차 인지 향상에 기여하여 환경 관련 낙상 위험을 줄이는 것으로 권고됨.,무작위 대조시험,무작위 대조시험,3,1.000,Tier 1,TRUE,"계단 모서리(엣지 마킹), 단차",The environment and falls prevention: Do environmental modifications make a difference?,Aus Occup Therapy J - 2005 - Tse - The environment and falls prevention  Do environmental modifications make a difference.pdf,자동매칭_0.92,10.1111/j.1440-1630.2005.00525.x,https://doi.org/10.1111/j.1440-1630.2005.00525.x,"위험요인=시력 | 모델요인=일상생활의 불편함_시력 | 별칭=10. 시력|시력|일상생활의 불편함_시력|시각기능 | 공간=계단 | 개선대상=계단 모서리(엣지 마킹), 단차 | 개선전략=계단 및 실내·야외 단차의 앞단에 대비색(콘트라스트)으로 엣지 표시를 하여 시각적 식별을 용이하게 한다. | 기대효과=시각적 대비 증대로 단차 인지 향상에 기여하여 환경 관련 낙상 위험을 줄이는 것으로 권고됨. | 근거유형=무작위 대조시험 | 출처=The environment and falls prevention: Do environmental modifications make a difference?",자동분류완료,
E0051,single,동작수행 어려움_쉬지않고 10계단 오르기,,동작수행 어려움_쉬지않고 10계단 오르기,,3. 동작수행 어려움_쉬지않고 10계단 오르기|동작수행 어려움_쉬지않고 10계단 오르기,원문명_유지,3. 동작수행 어려움_쉬지않고 10계단 오르기,계단,계단,계단,계단 양측(또는 최소 한쪽)에 견고한 난간을 설치하고 손잡이 연장 및 적절한 높이·지지력 확보를 통해 계단 오르내리기 시 지지 제공.,계단 이용 시 안정성 향상 및 환경적 요인에 기인한 낙상 위험 완화(다수의 다요인 RCT에서 계단 난간 설치가 권고 항목으로 포함됨).,공간: 계단. 개선전략: 계단 양측(또는 최소 한쪽)에 견고한 난간을 설치하고 손잡이 연장 및 적절한 높이·지지력 확보를 통해 계단 오르내리기 시 지지 제공.. 기대효과: 계단 이용 시 안정성 향상 및 환경적 요인에 기인한 낙상 위험 완화(다수의 다요인 RCT에서 계단 난간 설치가 권고 항목으로 포함됨).,무작위 대조시험,무작위 대조시험,3,1.000,Tier 1,TRUE,계단 난간/손잡이,The environment and falls prevention: Do environmental modifications make a difference?,Aus Occup Therapy J - 2005 - Tse - The environment and falls prevention  Do environmental modifications make a difference.pdf,자동매칭_0.92,10.1111/j.1440-1630.2005.00525.x,https://doi.org/10.1111/j.1440-1630.2005.00525.x,위험요인=동작수행 어려움_쉬지않고 10계단 오르기 | 모델요인=동작수행 어려움_쉬지않고 10계단 오르기 | 별칭=3. 동작수행 어려움_쉬지않고 10계단 오르기|동작수행 어려움_쉬지않고 10계단 오르기 | 공간=계단 | 개선대상=계단 난간/손잡이 | 개선전략=계단 양측(또는 최소 한쪽)에 견고한 난간을 설치하고 손잡이 연장 및 적절한 높이·지지력 확보를 통해 계단 오르내리기 시 지지 제공. | 기대효과=계단 이용 시 안정성 향상 및 환경적 요인에 기인한 낙상 위험 완화(다수의 다요인 RCT에서 계단 난간 설치가 권고 항목으로 포함됨). | 근거유형=무작위 대조시험 | 출처=The environment and falls prevention: Do environmental modifications make a difference?,자동분류완료,
E0052,single,동작수행 어려움_운동장 한 바퀴(400m)정도 걷기,,동작수행 어려움_운동장 한 바퀴(400m)정도 걷기,,2. 동작수행 어려움_운동장 한 바퀴(400m)정도 걷기|동작수행 어려움_운동장 한 바퀴(400m)정도 걷기,원문명_유지,2. 동작수행 어려움_운동장 한 바퀴(400m)정도 걷기,주거 외부,주거 외부|주거공간 전반,주거공간 전반 / 외부 보행경로,보행 보조기(예: 롤레이터) 제공 및 사용 교육을 포함하여 보행 보조기구를 적절히 선택·설치·훈련한다.,보행 보조기 제공 및 사용 이행자는 다수 연구의 다요인 개입에서 보행 안전성 향상 및 낙상율 감소에 기여한 것으로 보고됨.,공간: 주거 외부. 개선전략: 보행 보조기(예: 롤레이터) 제공 및 사용 교육을 포함하여 보행 보조기구를 적절히 선택·설치·훈련한다.. 기대효과: 보행 보조기 제공 및 사용 이행자는 다수 연구의 다요인 개입에서 보행 안전성 향상 및 낙상율 감소에 기여한 것으로 보고됨.,무작위 대조시험,무작위 대조시험,3,1.000,Tier 1,TRUE,롤레이터(보행 보조기),The environment and falls prevention: Do environmental modifications make a difference?,Aus Occup Therapy J - 2005 - Tse - The environment and falls prevention  Do environmental modifications make a difference.pdf,자동매칭_0.92,10.1111/j.1440-1630.2005.00525.x,https://doi.org/10.1111/j.1440-1630.2005.00525.x,위험요인=동작수행 어려움_운동장 한 바퀴(400m)정도 걷기 | 모델요인=동작수행 어려움_운동장 한 바퀴(400m)정도 걷기 | 별칭=2. 동작수행 어려움_운동장 한 바퀴(400m)정도 걷기|동작수행 어려움_운동장 한 바퀴(400m)정도 걷기 | 공간=주거 외부|주거공간 전반 | 개선대상=롤레이터(보행 보조기) | 개선전략=보행 보조기(예: 롤레이터) 제공 및 사용 교육을 포함하여 보행 보조기구를 적절히 선택·설치·훈련한다. | 기대효과=보행 보조기 제공 및 사용 이행자는 다수 연구의 다요인 개입에서 보행 안전성 향상 및 낙상율 감소에 기여한 것으로 보고됨. | 근거유형=무작위 대조시험 | 출처=The environment and falls prevention: Do environmental modifications make a difference?,자동분류완료,
E0053,single,낙상 경험,,낙상 경험,,22. 낙상 경험|낙상 경험|낙상경험|과거 낙상,대표모델명_자동매핑,22. 낙상 경험,주거공간 전반,주거공간 전반,병실 / 주거공간 전반,"침대 측 이동용 변기(야간용 침대 측 변기) 배치, 간호사실과의 근접 배치 또는 개인용 응급 호출장치(비상 버튼·펜던트)를 설치하여 신속 대응 체계를 마련한다.",응급 호출·침대측 배치 등은 신속 대응 가능성을 높여 낙상 후 피해 최소화 및 안전성 확보에 기여할 수 있음(문헌에서 권고됨).,"공간: 주거공간 전반. 개선전략: 침대 측 이동용 변기(야간용 침대 측 변기) 배치, 간호사실과의 근접 배치 또는 개인용 응급 호출장치(비상 버튼·펜던트)를 설치하여 신속 대응 체계를 마련한다.. 기대효과: 응급 호출·침대측 배치 등은 신속 대응 가능성을 높여 낙상 후 피해 최소화 및 안전성 확보에 기여할 수 있음(문헌에서 권고됨).",문헌고찰,비체계적 리뷰/문헌고찰,1,0.333,Tier 3,TRUE,"응급호출장치(펜던트), 이동식 변기(침대사이드)",The environment and falls prevention: Do environmental modifications make a difference?,Aus Occup Therapy J - 2005 - Tse - The environment and falls prevention  Do environmental modifications make a difference.pdf,자동매칭_0.92,10.1111/j.1440-1630.2005.00525.x,https://doi.org/10.1111/j.1440-1630.2005.00525.x,"위험요인=낙상 경험 | 모델요인=낙상 경험 | 별칭=22. 낙상 경험|낙상 경험|낙상경험|과거 낙상 | 공간=주거공간 전반 | 개선대상=응급호출장치(펜던트), 이동식 변기(침대사이드) | 개선전략=침대 측 이동용 변기(야간용 침대 측 변기) 배치, 간호사실과의 근접 배치 또는 개인용 응급 호출장치(비상 버튼·펜던트)를 설치하여 신속 대응 체계를 마련한다. | 기대효과=응급 호출·침대측 배치 등은 신속 대응 가능성을 높여 낙상 후 피해 최소화 및 안전성 확보에 기여할 수 있음(문헌에서 권고됨). | 근거유형=비체계적 리뷰/문헌고찰 | 출처=The environment and falls prevention: Do environmental modifications make a difference?",검토필요_리뷰유형모호,체계적 문헌고찰인지 서술적 리뷰인지 원문 확인 필요
E0054,single,동작수행 어려움_운동장 한 바퀴(400m)정도 걷기,,동작수행 어려움_운동장 한 바퀴(400m)정도 걷기,,동작수행 어려움_운동장 한 바퀴(400m)정도 걷기,원문명_유지,동작수행 어려움_운동장 한 바퀴(400m)정도 걷기,침실,침실|주방|거실|주거공간 전반,침실/주방/거실 등 주거공간 전반(통행경로),"통행경로(침대·화장실·주방으로 이어지는 동선 포함)에서 물건, 전선, 잡동사니를 정리하여 통로를 항상 확보하고 넓은 보행 공간 유지",통행로 장애물(걸림 요소) 감소로 일상 보행 시 안전성 향상,"공간: 침실. 개선전략: 통행경로(침대·화장실·주방으로 이어지는 동선 포함)에서 물건, 전선, 잡동사니를 정리하여 통로를 항상 확보하고 넓은 보행 공간 유지. 기대효과: 통행로 장애물(걸림 요소) 감소로 일상 보행 시 안전성 향상",스코핑 리뷰,탐색적/관찰 연구,1,0.333,Tier 3,TRUE,"통행로(바닥), 전선, 잡동품",A scoping review of fall hazards in the homes of older adults and development of a framework for assessment and intervention,,미확인_0.68,10.1111/1440-1630.12682,https://doi.org/10.1111/1440-1630.12682,"위험요인=동작수행 어려움_운동장 한 바퀴(400m)정도 걷기 | 모델요인=동작수행 어려움_운동장 한 바퀴(400m)정도 걷기 | 별칭=동작수행 어려움_운동장 한 바퀴(400m)정도 걷기 | 공간=침실|주방|거실|주거공간 전반 | 개선대상=통행로(바닥), 전선, 잡동품 | 개선전략=통행경로(침대·화장실·주방으로 이어지는 동선 포함)에서 물건, 전선, 잡동사니를 정리하여 통로를 항상 확보하고 넓은 보행 공간 유지 | 기대효과=통행로 장애물(걸림 요소) 감소로 일상 보행 시 안전성 향상 | 근거유형=탐색적/관찰 연구 | 출처=A scoping review of fall hazards in the homes of older adults and development of a framework for assessment and intervention",자동분류완료,
E0055,single,동작수행 어려움_운동장 한 바퀴(400m)정도 걷기,,동작수행 어려움_운동장 한 바퀴(400m)정도 걷기,,동작수행 어려움_운동장 한 바퀴(400m)정도 걷기,원문명_유지,동작수행 어려움_운동장 한 바퀴(400m)정도 걷기,침실,침실|주방|거실,침실/거실/주방(바닥 전이 구역),느슨한 러그·카펫 가장자리 및 바닥 전이 구간을 제거하거나 가장자리를 고정(미끄럼 방지 패드 사용 등)하여 카펫과 바닥 간 전이 시 걸림·미끄럼 위험 감소,카펫·러그 전이 구간에서의 걸림 및 미끄럼 위험 감소,공간: 침실. 개선전략: 느슨한 러그·카펫 가장자리 및 바닥 전이 구간을 제거하거나 가장자리를 고정(미끄럼 방지 패드 사용 등)하여 카펫과 바닥 간 전이 시 걸림·미끄럼 위험 감소. 기대효과: 카펫·러그 전이 구간에서의 걸림 및 미끄럼 위험 감소,스코핑 리뷰,탐색적/관찰 연구,1,0.333,Tier 3,TRUE,러그/카펫(가장자리),A scoping review of fall hazards in the homes of older adults and development of a framework for assessment and intervention,,미확인_0.68,10.1111/1440-1630.12682,https://doi.org/10.1111/1440-1630.12682,위험요인=동작수행 어려움_운동장 한 바퀴(400m)정도 걷기 | 모델요인=동작수행 어려움_운동장 한 바퀴(400m)정도 걷기 | 별칭=동작수행 어려움_운동장 한 바퀴(400m)정도 걷기 | 공간=침실|주방|거실 | 개선대상=러그/카펫(가장자리) | 개선전략=느슨한 러그·카펫 가장자리 및 바닥 전이 구간을 제거하거나 가장자리를 고정(미끄럼 방지 패드 사용 등)하여 카펫과 바닥 간 전이 시 걸림·미끄럼 위험 감소 | 기대효과=카펫·러그 전이 구간에서의 걸림 및 미끄럼 위험 감소 | 근거유형=탐색적/관찰 연구 | 출처=A scoping review of fall hazards in the homes of older adults and development of a framework for assessment and intervention,자동분류완료,
E0056,single,동작수행 어려움_머리보다 높은 곳에 있는 것 손 뻗쳐 닿기,,동작수행 어려움_머리보다 높은 곳에 있는 것 손 뻗쳐 닿기,,동작수행 어려움_머리보다 높은 곳에 있는 것 손 뻗쳐 닿기,원문명_유지,동작수행 어려움_머리보다 높은 곳에 있는 것 손 뻗쳐 닿기,주방,주방,주방/수납장,"자주 사용하는 물품은 무릎~어깨 높이 범위에 재배치하고, 고위·저위 수납물은 접근하기 쉬운 선반 또는 자주 쓰는 위치로 재정리하여 높은 곳에 오르거나 과도하게 몸을 굽히는 동작을 줄임",높은 곳·낮은 곳에서 물건을 꺼낼 때 발생하는 균형 붕괴 및 낙상 위험 감소,"공간: 주방. 개선전략: 자주 사용하는 물품은 무릎~어깨 높이 범위에 재배치하고, 고위·저위 수납물은 접근하기 쉬운 선반 또는 자주 쓰는 위치로 재정리하여 높은 곳에 오르거나 과도하게 몸을 굽히는 동작을 줄임. 기대효과: 높은 곳·낮은 곳에서 물건을 꺼낼 때 발생하는 균형 붕괴 및 낙상 위험 감소",스코핑 리뷰,탐색적/관찰 연구,1,0.333,Tier 3,TRUE,수납장/선반,A scoping review of fall hazards in the homes of older adults and development of a framework for assessment and intervention,,미확인_0.68,10.1111/1440-1630.12682,https://doi.org/10.1111/1440-1630.12682,"위험요인=동작수행 어려움_머리보다 높은 곳에 있는 것 손 뻗쳐 닿기 | 모델요인=동작수행 어려움_머리보다 높은 곳에 있는 것 손 뻗쳐 닿기 | 별칭=동작수행 어려움_머리보다 높은 곳에 있는 것 손 뻗쳐 닿기 | 공간=주방 | 개선대상=수납장/선반 | 개선전략=자주 사용하는 물품은 무릎~어깨 높이 범위에 재배치하고, 고위·저위 수납물은 접근하기 쉬운 선반 또는 자주 쓰는 위치로 재정리하여 높은 곳에 오르거나 과도하게 몸을 굽히는 동작을 줄임 | 기대효과=높은 곳·낮은 곳에서 물건을 꺼낼 때 발생하는 균형 붕괴 및 낙상 위험 감소 | 근거유형=탐색적/관찰 연구 | 출처=A scoping review of fall hazards in the homes of older adults and development of a framework for assessment and intervention",자동분류완료,
E0057,single,동작수행 어려움_운동장 한 바퀴(400m)정도 걷기,,동작수행 어려움_운동장 한 바퀴(400m)정도 걷기,,동작수행 어려움_운동장 한 바퀴(400m)정도 걷기,원문명_유지,동작수행 어려움_운동장 한 바퀴(400m)정도 걷기,주거공간 전반,주거공간 전반,주거공간 전반(통행로),"애완동물 관련 사고를 줄이기 위해 먹이·물 그릇 등을 통행로에서 떨어진 장소에 배치하고(통행로 밖으로 이동), 필요 시 애완동물 복종 훈련을 통해 통로 접근 시 갑작스러운 방해를 감소시킴",애완동물로 인한 통행로에서의 걸림·걸려넘어짐 위험 감소,"공간: 주거공간 전반. 개선전략: 애완동물 관련 사고를 줄이기 위해 먹이·물 그릇 등을 통행로에서 떨어진 장소에 배치하고(통행로 밖으로 이동), 필요 시 애완동물 복종 훈련을 통해 통로 접근 시 갑작스러운 방해를 감소시킴. 기대효과: 애완동물로 인한 통행로에서의 걸림·걸려넘어짐 위험 감소",스코핑 리뷰,탐색적/관찰 연구,1,0.333,Tier 3,TRUE,애완동물,A scoping review of fall hazards in the homes of older adults and development of a framework for assessment and intervention,,미확인_0.68,10.1111/1440-1630.12682,https://doi.org/10.1111/1440-1630.12682,"위험요인=동작수행 어려움_운동장 한 바퀴(400m)정도 걷기 | 모델요인=동작수행 어려움_운동장 한 바퀴(400m)정도 걷기 | 별칭=동작수행 어려움_운동장 한 바퀴(400m)정도 걷기 | 공간=주거공간 전반 | 개선대상=애완동물 | 개선전략=애완동물 관련 사고를 줄이기 위해 먹이·물 그릇 등을 통행로에서 떨어진 장소에 배치하고(통행로 밖으로 이동), 필요 시 애완동물 복종 훈련을 통해 통로 접근 시 갑작스러운 방해를 감소시킴 | 기대효과=애완동물로 인한 통행로에서의 걸림·걸려넘어짐 위험 감소 | 근거유형=탐색적/관찰 연구 | 출처=A scoping review of fall hazards in the homes of older adults and development of a framework for assessment and intervention",자동분류완료,
E0058,single,동작수행 어려움_운동장 한 바퀴(400m)정도 걷기,,동작수행 어려움_운동장 한 바퀴(400m)정도 걷기,,동작수행 어려움_운동장 한 바퀴(400m)정도 걷기,원문명_유지,동작수행 어려움_운동장 한 바퀴(400m)정도 걷기,주거 외부,주거 외부,외부(진입로/보행로),눈·얼음이 있는 외부 진입로 및 보행로에서는 미끄럼 방지 장치(예: Yaktrax)를 신발 위에 착용하도록 권장하여 빙판에서의 접지력 향상,빙판·눈이 있는 야외 보행 시 미끄러짐 위험 감소 및 보행 안정성 향상,공간: 주거 외부. 개선전략: 눈·얼음이 있는 외부 진입로 및 보행로에서는 미끄럼 방지 장치(예: Yaktrax)를 신발 위에 착용하도록 권장하여 빙판에서의 접지력 향상. 기대효과: 빙판·눈이 있는 야외 보행 시 미끄러짐 위험 감소 및 보행 안정성 향상,스코핑 리뷰,탐색적/관찰 연구,1,0.333,Tier 3,TRUE,신발/외부 보행면,A scoping review of fall hazards in the homes of older adults and development of a framework for assessment and intervention,,미확인_0.68,10.1111/1440-1630.12682,https://doi.org/10.1111/1440-1630.12682,위험요인=동작수행 어려움_운동장 한 바퀴(400m)정도 걷기 | 모델요인=동작수행 어려움_운동장 한 바퀴(400m)정도 걷기 | 별칭=동작수행 어려움_운동장 한 바퀴(400m)정도 걷기 | 공간=주거 외부 | 개선대상=신발/외부 보행면 | 개선전략=눈·얼음이 있는 외부 진입로 및 보행로에서는 미끄럼 방지 장치(예: Yaktrax)를 신발 위에 착용하도록 권장하여 빙판에서의 접지력 향상 | 기대효과=빙판·눈이 있는 야외 보행 시 미끄러짐 위험 감소 및 보행 안정성 향상 | 근거유형=탐색적/관찰 연구 | 출처=A scoping review of fall hazards in the homes of older adults and development of a framework for assessment and intervention,자동분류완료,
E0059,single,동작수행 어려움_머리보다 높은 곳에 있는 것 손 뻗쳐 닿기,,동작수행 어려움_머리보다 높은 곳에 있는 것 손 뻗쳐 닿기,,동작수행 어려움_머리보다 높은 곳에 있는 것 손 뻗쳐 닿기,원문명_유지,동작수행 어려움_머리보다 높은 곳에 있는 것 손 뻗쳐 닿기,주방,주방|주거 외부,세탁실/야외 빨래장(주거공간 내 세탁 영역),"높이 조절 가능한 로터리 빨랫줄 설치를 권고하고, 필요 시 사용자와 협의하여 구매·설치 지원(직접 연계 및 상담 포함).",빨래 작업 시 머리 위로 손을 뻗을 필요를 줄여 작업 부담 및 환경 관련 위험요인 완화(문헌에서 치료사가 높이조절 빨랫줄 권고·연계한 사례 보고).,"공간: 주방. 개선전략: 높이 조절 가능한 로터리 빨랫줄 설치를 권고하고, 필요 시 사용자와 협의하여 구매·설치 지원(직접 연계 및 상담 포함).. 기대효과: 빨래 작업 시 머리 위로 손을 뻗을 필요를 줄여 작업 부담 및 환경 관련 위험요인 완화(문헌에서 치료사가 높이조절 빨랫줄 권고·연계한 사례 보고).",비무작위 중재연구,코호트/비무작위 중재연구,2,0.667,Tier 2,TRUE,height-adjustable rotary washing line,Occupational therapy?led environmental assessment and modification?A quantitative evaluation of a pilot implementation study in a regional/rural setting,,미확인_0.60,10.1111/1440-1630.70039,https://doi.org/10.1111/1440-1630.70039,"위험요인=동작수행 어려움_머리보다 높은 곳에 있는 것 손 뻗쳐 닿기 | 모델요인=동작수행 어려움_머리보다 높은 곳에 있는 것 손 뻗쳐 닿기 | 별칭=동작수행 어려움_머리보다 높은 곳에 있는 것 손 뻗쳐 닿기 | 공간=주방|주거 외부 | 개선대상=height-adjustable rotary washing line | 개선전략=높이 조절 가능한 로터리 빨랫줄 설치를 권고하고, 필요 시 사용자와 협의하여 구매·설치 지원(직접 연계 및 상담 포함). | 기대효과=빨래 작업 시 머리 위로 손을 뻗을 필요를 줄여 작업 부담 및 환경 관련 위험요인 완화(문헌에서 치료사가 높이조절 빨랫줄 권고·연계한 사례 보고). | 근거유형=코호트/비무작위 중재연구 | 출처=Occupational therapy?led environmental assessment and modification?A quantitative evaluation of a pilot implementation study in a regional/rural setting",자동분류완료,
E0060,single,동작수행 어려움_머리보다 높은 곳에 있는 것 손 뻗쳐 닿기,,동작수행 어려움_머리보다 높은 곳에 있는 것 손 뻗쳐 닿기,,동작수행 어려움_머리보다 높은 곳에 있는 것 손 뻗쳐 닿기,원문명_유지,동작수행 어려움_머리보다 높은 곳에 있는 것 손 뻗쳐 닿기,주방,주방|거실|주거공간 전반,주거공간 전반(주방·수납장·거실 등),장롱·고수납물품 접근 시 사용하도록 긴 손잡이형 도구(롱핸들 리치어·reaching aids)의 구매·제공을 권고하고 클라이언트와 구매 연계 및 교육 제공.,머리 위 또는 높은 위치의 물건을 손으로 직접 꺼내려는 동작을 감소시켜 환경 관련 수행 부담 경감(문헌에서 치료사가 장비 구매 권고 및 연계한 기록 확인).,공간: 주방. 개선전략: 장롱·고수납물품 접근 시 사용하도록 긴 손잡이형 도구(롱핸들 리치어·reaching aids)의 구매·제공을 권고하고 클라이언트와 구매 연계 및 교육 제공.. 기대효과: 머리 위 또는 높은 위치의 물건을 손으로 직접 꺼내려는 동작을 감소시켜 환경 관련 수행 부담 경감(문헌에서 치료사가 장비 구매 권고 및 연계한 기록 확인).,비무작위 중재연구,코호트/비무작위 중재연구,2,0.667,Tier 2,TRUE,long-handled aids,Occupational therapy?led environmental assessment and modification?A quantitative evaluation of a pilot implementation study in a regional/rural setting,,미확인_0.60,10.1111/1440-1630.70039,https://doi.org/10.1111/1440-1630.70039,위험요인=동작수행 어려움_머리보다 높은 곳에 있는 것 손 뻗쳐 닿기 | 모델요인=동작수행 어려움_머리보다 높은 곳에 있는 것 손 뻗쳐 닿기 | 별칭=동작수행 어려움_머리보다 높은 곳에 있는 것 손 뻗쳐 닿기 | 공간=주방|거실|주거공간 전반 | 개선대상=long-handled aids | 개선전략=장롱·고수납물품 접근 시 사용하도록 긴 손잡이형 도구(롱핸들 리치어·reaching aids)의 구매·제공을 권고하고 클라이언트와 구매 연계 및 교육 제공. | 기대효과=머리 위 또는 높은 위치의 물건을 손으로 직접 꺼내려는 동작을 감소시켜 환경 관련 수행 부담 경감(문헌에서 치료사가 장비 구매 권고 및 연계한 기록 확인). | 근거유형=코호트/비무작위 중재연구 | 출처=Occupational therapy?led environmental assessment and modification?A quantitative evaluation of a pilot implementation study in a regional/rural setting,자동분류완료,
E0061,single,일상생활의 불편함_시력,,시력,,시력|일상생활의 불편함_시력|시각기능,대표모델명_자동매핑,시력,욕실,욕실|거실|복도|주거공간 전반,주거공간 전반(실내: 거실·복도·욕실 등),"시력 평가 후 실내 조명 개선 및 색상 대비(contrast) 강화 등 환경적 조정 권고(조명 교체·추가, 대비 표시 등)를 문서화하여 권장.",실내 시인성·시각 단서 향상(문헌에서 사례 기록: 임상기록에 조명·색상 대비 및 시력 관련 권고가 기재됨).,"공간: 욕실. 개선전략: 시력 평가 후 실내 조명 개선 및 색상 대비(contrast) 강화 등 환경적 조정 권고(조명 교체·추가, 대비 표시 등)를 문서화하여 권장.. 기대효과: 실내 시인성·시각 단서 향상(문헌에서 사례 기록: 임상기록에 조명·색상 대비 및 시력 관련 권고가 기재됨).",비무작위 중재연구,코호트/비무작위 중재연구,2,0.667,Tier 2,TRUE,"조명, colour contrast",Occupational therapy?led environmental assessment and modification?A quantitative evaluation of a pilot implementation study in a regional/rural setting,,미확인_0.60,10.1111/1440-1630.70039,https://doi.org/10.1111/1440-1630.70039,"위험요인=시력 | 모델요인=일상생활의 불편함_시력 | 별칭=시력|일상생활의 불편함_시력|시각기능 | 공간=욕실|거실|복도|주거공간 전반 | 개선대상=조명, colour contrast | 개선전략=시력 평가 후 실내 조명 개선 및 색상 대비(contrast) 강화 등 환경적 조정 권고(조명 교체·추가, 대비 표시 등)를 문서화하여 권장. | 기대효과=실내 시인성·시각 단서 향상(문헌에서 사례 기록: 임상기록에 조명·색상 대비 및 시력 관련 권고가 기재됨). | 근거유형=코호트/비무작위 중재연구 | 출처=Occupational therapy?led environmental assessment and modification?A quantitative evaluation of a pilot implementation study in a regional/rural setting",자동분류완료,
E0062,single,독거 또는 사회적 고립,,독거 또는 사회적 고립,,독거 또는 사회적 고립|독거|사회적 고립,대표모델명_자동매핑,독거 또는 사회적 고립,주거공간 전반,주거공간 전반,주거공간 전반,"WeHSA(집중 가정 안전 평가) 중 안전호출(또는 개인 비상버튼/알람) 시스템의 유무를 확인하고, 미비할 경우 설치·유지보수를 권고하거나 관련 서비스로 의뢰.",사고 발생 시 도움을 요청할 수 있는 체계 확보(문헌에서 안전호출 시스템이 평가 도메인으로 포함되어 권고·기록됨).,"공간: 주거공간 전반. 개선전략: WeHSA(집중 가정 안전 평가) 중 안전호출(또는 개인 비상버튼/알람) 시스템의 유무를 확인하고, 미비할 경우 설치·유지보수를 권고하거나 관련 서비스로 의뢰.. 기대효과: 사고 발생 시 도움을 요청할 수 있는 체계 확보(문헌에서 안전호출 시스템이 평가 도메인으로 포함되어 권고·기록됨).",비무작위 중재연구,코호트/비무작위 중재연구,2,0.667,Tier 2,TRUE,safety call system,Occupational therapy?led environmental assessment and modification?A quantitative evaluation of a pilot implementation study in a regional/rural setting,,미확인_0.60,10.1111/1440-1630.70039,https://doi.org/10.1111/1440-1630.70039,"위험요인=독거 또는 사회적 고립 | 모델요인=독거 또는 사회적 고립 | 별칭=독거 또는 사회적 고립|독거|사회적 고립 | 공간=주거공간 전반 | 개선대상=safety call system | 개선전략=WeHSA(집중 가정 안전 평가) 중 안전호출(또는 개인 비상버튼/알람) 시스템의 유무를 확인하고, 미비할 경우 설치·유지보수를 권고하거나 관련 서비스로 의뢰. | 기대효과=사고 발생 시 도움을 요청할 수 있는 체계 확보(문헌에서 안전호출 시스템이 평가 도메인으로 포함되어 권고·기록됨). | 근거유형=코호트/비무작위 중재연구 | 출처=Occupational therapy?led environmental assessment and modification?A quantitative evaluation of a pilot implementation study in a regional/rural setting",자동분류완료,
E0063,single,동작수행 어려움_운동장 한 바퀴(400m)정도 걷기,,동작수행 어려움_운동장 한 바퀴(400m)정도 걷기,,동작수행 어려움_운동장 한 바퀴(400m)정도 걷기,원문명_유지,동작수행 어려움_운동장 한 바퀴(400m)정도 걷기,주거공간 전반,주거공간 전반,주거공간 전반 / 내부 동선,이동성 평가 결과에 따라 보행보조기구 등 보조장비 제공을 위해 외부 장비·수정 서비스로 의뢰하고 적합한 장비 처방·연계 실시(문서화된 의뢰·조정 과정 포함).,적절히 처방된 보조기구 접근성 향상으로 가정 내 이동 지원 및 이동 관련 환경 부담 완화(문헌에 'mobility aid' 도메인 및 장비 의뢰 기록 존재).,공간: 주거공간 전반. 개선전략: 이동성 평가 결과에 따라 보행보조기구 등 보조장비 제공을 위해 외부 장비·수정 서비스로 의뢰하고 적합한 장비 처방·연계 실시(문서화된 의뢰·조정 과정 포함).. 기대효과: 적절히 처방된 보조기구 접근성 향상으로 가정 내 이동 지원 및 이동 관련 환경 부담 완화(문헌에 'mobility aid' 도메인 및 장비 의뢰 기록 존재).,비무작위 중재연구,코호트/비무작위 중재연구,2,0.667,Tier 2,TRUE,mobility aid / assistive equipment,Occupational therapy?led environmental assessment and modification?A quantitative evaluation of a pilot implementation study in a regional/rural setting,,미확인_0.60,10.1111/1440-1630.70039,https://doi.org/10.1111/1440-1630.70039,위험요인=동작수행 어려움_운동장 한 바퀴(400m)정도 걷기 | 모델요인=동작수행 어려움_운동장 한 바퀴(400m)정도 걷기 | 별칭=동작수행 어려움_운동장 한 바퀴(400m)정도 걷기 | 공간=주거공간 전반 | 개선대상=mobility aid / assistive equipment | 개선전략=이동성 평가 결과에 따라 보행보조기구 등 보조장비 제공을 위해 외부 장비·수정 서비스로 의뢰하고 적합한 장비 처방·연계 실시(문서화된 의뢰·조정 과정 포함). | 기대효과=적절히 처방된 보조기구 접근성 향상으로 가정 내 이동 지원 및 이동 관련 환경 부담 완화(문헌에 'mobility aid' 도메인 및 장비 의뢰 기록 존재). | 근거유형=코호트/비무작위 중재연구 | 출처=Occupational therapy?led environmental assessment and modification?A quantitative evaluation of a pilot implementation study in a regional/rural setting,자동분류완료,
E0064,single,ADL,,ADL,,ADL|일상생활수행능력,대표모델명_자동매핑,ADL,욕실,욕실|주방|주거공간 전반,주거공간 전반(특히 욕실·화장실·주방 포함),WeHSA 수행 후 공적 보조장비·수정 프로그램(논문에서 언급된 GEAT2GO 등)으로의 의뢰를 통해 필요한 장비·가정 내 수리·개조(설비 교체·보조기구 제공)를 확보하도록 조정.,GEAT2GO 등 프로그램을 통한 장비 제공이 WeHSA로 확인된 일부 환경 위험요소를 개선하는 데 기여함(논문에서 명시적 기술).,공간: 욕실. 개선전략: WeHSA 수행 후 공적 보조장비·수정 프로그램(논문에서 언급된 GEAT2GO 등)으로의 의뢰를 통해 필요한 장비·가정 내 수리·개조(설비 교체·보조기구 제공)를 확보하도록 조정.. 기대효과: GEAT2GO 등 프로그램을 통한 장비 제공이 WeHSA로 확인된 일부 환경 위험요소를 개선하는 데 기여함(논문에서 명시적 기술).,비무작위 중재연구,코호트/비무작위 중재연구,2,0.667,Tier 2,TRUE,assistive equipment and home modifications,Occupational therapy?led environmental assessment and modification?A quantitative evaluation of a pilot implementation study in a regional/rural setting,,미확인_0.60,10.1111/1440-1630.70039,https://doi.org/10.1111/1440-1630.70039,위험요인=ADL | 모델요인=ADL | 별칭=ADL|일상생활수행능력 | 공간=욕실|주방|주거공간 전반 | 개선대상=assistive equipment and home modifications | 개선전략=WeHSA 수행 후 공적 보조장비·수정 프로그램(논문에서 언급된 GEAT2GO 등)으로의 의뢰를 통해 필요한 장비·가정 내 수리·개조(설비 교체·보조기구 제공)를 확보하도록 조정. | 기대효과=GEAT2GO 등 프로그램을 통한 장비 제공이 WeHSA로 확인된 일부 환경 위험요소를 개선하는 데 기여함(논문에서 명시적 기술). | 근거유형=코호트/비무작위 중재연구 | 출처=Occupational therapy?led environmental assessment and modification?A quantitative evaluation of a pilot implementation study in a regional/rural setting,자동분류완료,
E0065,single,IADL,,IADL,,IADL|도구적 일상생활수행능력,대표모델명_자동매핑,IADL,주방,주방|주거 외부|주거공간 전반,주거공간 전반(외부 동선·내부 통로·수납 등 포함),"표준화된 57개 항목 WeHSA(집중 가정 안전 평가)를 90분 가정 방문 중 완료하여 외부 통로·내부 동선·좌석·욕실·주방·세탁 등 도메인 전반의 위험요인을 식별하고, 가능할 경우 평가 중 즉시 확인된 환경 위험을 시정(단순 정리·이동·재배치 등)함.","WeHSA 적용을 통해 주거환경 위험요인을 체계적으로 식별하고, 평가 중 가능한 항목은 즉시 시정함으로써 고강도·낙상특이적 환경중재가 제공되었음(논문에서 평가·즉시 시정 사례 및 높은 중재 강도 보고).","공간: 주방. 개선전략: 표준화된 57개 항목 WeHSA(집중 가정 안전 평가)를 90분 가정 방문 중 완료하여 외부 통로·내부 동선·좌석·욕실·주방·세탁 등 도메인 전반의 위험요인을 식별하고, 가능할 경우 평가 중 즉시 확인된 환경 위험을 시정(단순 정리·이동·재배치 등)함.. 기대효과: WeHSA 적용을 통해 주거환경 위험요인을 체계적으로 식별하고, 평가 중 가능한 항목은 즉시 시정함으로써 고강도·낙상특이적 환경중재가 제공되었음(논문에서 평가·즉시 시정 사례 및 높은 중재 강도 보고).",비무작위 중재연구,코호트/비무작위 중재연구,2,0.667,Tier 2,TRUE,,Occupational therapy?led environmental assessment and modification?A quantitative evaluation of a pilot implementation study in a regional/rural setting,,미확인_0.60,10.1111/1440-1630.70039,https://doi.org/10.1111/1440-1630.70039,"위험요인=IADL | 모델요인=IADL | 별칭=IADL|도구적 일상생활수행능력 | 공간=주방|주거 외부|주거공간 전반 | 개선대상= | 개선전략=표준화된 57개 항목 WeHSA(집중 가정 안전 평가)를 90분 가정 방문 중 완료하여 외부 통로·내부 동선·좌석·욕실·주방·세탁 등 도메인 전반의 위험요인을 식별하고, 가능할 경우 평가 중 즉시 확인된 환경 위험을 시정(단순 정리·이동·재배치 등)함. | 기대효과=WeHSA 적용을 통해 주거환경 위험요인을 체계적으로 식별하고, 평가 중 가능한 항목은 즉시 시정함으로써 고강도·낙상특이적 환경중재가 제공되었음(논문에서 평가·즉시 시정 사례 및 높은 중재 강도 보고). | 근거유형=코호트/비무작위 중재연구 | 출처=Occupational therapy?led environmental assessment and modification?A quantitative evaluation of a pilot implementation study in a regional/rural setting",자동분류완료,
E0066,single,ADL,,ADL,,ADL|일상생활수행능력,대표모델명_자동매핑,ADL,주거공간 전반,주거공간 전반,주거공간 전반,"입원 중 작업치료사·재활의사가 약 2시간 동안 가정을 방문하여 환자가 실제로 목욕·옷입기·화장실 사용·이동·식사준비 등 ADL을 수행하거나 모의하도록 관찰하고, 이동·전이·계단 이용을 직접 검사하여 환경적 장애 요소를 문서화하고 이에 기반한 개별적 주거환경 수정권고를 제공",현실 환경에서의 ADL 수행 문제를 조기에 파악하여 개입을 맞춤화함으로써 12개월 추적에서 개입군의 자립성(ADL) 감소가 통계적으로 유의하지 않음(자립성 보전에 기여),"공간: 주거공간 전반. 개선전략: 입원 중 작업치료사·재활의사가 약 2시간 동안 가정을 방문하여 환자가 실제로 목욕·옷입기·화장실 사용·이동·식사준비 등 ADL을 수행하거나 모의하도록 관찰하고, 이동·전이·계단 이용을 직접 검사하여 환경적 장애 요소를 문서화하고 이에 기반한 개별적 주거환경 수정권고를 제공. 기대효과: 현실 환경에서의 ADL 수행 문제를 조기에 파악하여 개입을 맞춤화함으로써 12개월 추적에서 개입군의 자립성(ADL) 감소가 통계적으로 유의하지 않음(자립성 보전에 기여)",무작위 대조시험,무작위 대조시험,3,1.000,Tier 1,TRUE,,Benefits of Home Visits for Falls and Autonomy in the Elderly,benefits-of-home-visits-for-falls-and-autonomy-in-the.pdf,자동매칭_0.84,,,"위험요인=ADL | 모델요인=ADL | 별칭=ADL|일상생활수행능력 | 공간=주거공간 전반 | 개선대상= | 개선전략=입원 중 작업치료사·재활의사가 약 2시간 동안 가정을 방문하여 환자가 실제로 목욕·옷입기·화장실 사용·이동·식사준비 등 ADL을 수행하거나 모의하도록 관찰하고, 이동·전이·계단 이용을 직접 검사하여 환경적 장애 요소를 문서화하고 이에 기반한 개별적 주거환경 수정권고를 제공 | 기대효과=현실 환경에서의 ADL 수행 문제를 조기에 파악하여 개입을 맞춤화함으로써 12개월 추적에서 개입군의 자립성(ADL) 감소가 통계적으로 유의하지 않음(자립성 보전에 기여) | 근거유형=무작위 대조시험 | 출처=Benefits of Home Visits for Falls and Autonomy in the Elderly",자동분류완료,
E0067,single,낙상 경험,,낙상 경험,,낙상 경험|낙상경험|과거 낙상,대표모델명_자동매핑,낙상 경험,주거공간 전반,주거공간 전반,주거공간 전반,체크리스트 기반의 환경평가로 느슨한 카펫·깔개 등 바닥의 걸림요인 제거 및 가구 재배치를 통해 보행경로를 확보하고 즉시 제거 가능한 위험요소는 현장에서 직접 제거,주거 내 걸림(트립) 위험요소의 즉각적 감소; 연구에서는 재낙상률 차이는 유의하지 않았으나 전체 개입(가정방문·환경수정)은 장기적 자립성 보전에 기여함,공간: 주거공간 전반. 개선전략: 체크리스트 기반의 환경평가로 느슨한 카펫·깔개 등 바닥의 걸림요인 제거 및 가구 재배치를 통해 보행경로를 확보하고 즉시 제거 가능한 위험요소는 현장에서 직접 제거. 기대효과: 주거 내 걸림(트립) 위험요소의 즉각적 감소; 연구에서는 재낙상률 차이는 유의하지 않았으나 전체 개입(가정방문·환경수정)은 장기적 자립성 보전에 기여함,무작위 대조시험,무작위 대조시험,3,1.000,Tier 1,TRUE,"카펫/깔개, 가구",Benefits of Home Visits for Falls and Autonomy in the Elderly,benefits-of-home-visits-for-falls-and-autonomy-in-the.pdf,자동매칭_0.84,,,"위험요인=낙상 경험 | 모델요인=낙상 경험 | 별칭=낙상 경험|낙상경험|과거 낙상 | 공간=주거공간 전반 | 개선대상=카펫/깔개, 가구 | 개선전략=체크리스트 기반의 환경평가로 느슨한 카펫·깔개 등 바닥의 걸림요인 제거 및 가구 재배치를 통해 보행경로를 확보하고 즉시 제거 가능한 위험요소는 현장에서 직접 제거 | 기대효과=주거 내 걸림(트립) 위험요소의 즉각적 감소; 연구에서는 재낙상률 차이는 유의하지 않았으나 전체 개입(가정방문·환경수정)은 장기적 자립성 보전에 기여함 | 근거유형=무작위 대조시험 | 출처=Benefits of Home Visits for Falls and Autonomy in the Elderly",자동분류완료,
E0068,single,IADL,,IADL,,IADL|도구적 일상생활수행능력,대표모델명_자동매핑,IADL,주방,주방|주거공간 전반,주방/주거공간 전반,"주방에서의 식사준비 등 일부 IADL을 환자에게 실행 또는 모의하게 하여 실제 동선·조작·높이 문제를 확인하고, 접근성 개선이나 보조기기(필요 시) 도입을 권고·촉진",현장 기반 평가를 통한 맞춤형 환경·기기 권고로 IADL 수행 유지(연구에서 개입군의 IADL 점수는 유의한 악화 없음),"공간: 주방. 개선전략: 주방에서의 식사준비 등 일부 IADL을 환자에게 실행 또는 모의하게 하여 실제 동선·조작·높이 문제를 확인하고, 접근성 개선이나 보조기기(필요 시) 도입을 권고·촉진. 기대효과: 현장 기반 평가를 통한 맞춤형 환경·기기 권고로 IADL 수행 유지(연구에서 개입군의 IADL 점수는 유의한 악화 없음)",무작위 대조시험,무작위 대조시험,3,1.000,Tier 1,TRUE,,Benefits of Home Visits for Falls and Autonomy in the Elderly,benefits-of-home-visits-for-falls-and-autonomy-in-the.pdf,자동매칭_0.84,,,"위험요인=IADL | 모델요인=IADL | 별칭=IADL|도구적 일상생활수행능력 | 공간=주방|주거공간 전반 | 개선대상= | 개선전략=주방에서의 식사준비 등 일부 IADL을 환자에게 실행 또는 모의하게 하여 실제 동선·조작·높이 문제를 확인하고, 접근성 개선이나 보조기기(필요 시) 도입을 권고·촉진 | 기대효과=현장 기반 평가를 통한 맞춤형 환경·기기 권고로 IADL 수행 유지(연구에서 개입군의 IADL 점수는 유의한 악화 없음) | 근거유형=무작위 대조시험 | 출처=Benefits of Home Visits for Falls and Autonomy in the Elderly",자동분류완료,
E0069,single,동작수행 어려움_쉬지않고 10계단 오르기,,동작수행 어려움_쉬지않고 10계단 오르기,,동작수행 어려움_쉬지않고 10계단 오르기,원문명_유지,동작수행 어려움_쉬지않고 10계단 오르기,계단,계단,계단,가정 방문 시 계단 오르내리기 능력을 직접 평가하고 계단 난간(손잡이) 불충분 등 위험요인을 문서화하여 필요 시 난간 보강·설치 등 안전 개선을 권고,계단 관련 환경 위험요인 파악 및 난간 보강 권고를 통한 계단 이용 시의 안전문제 해결 노력으로 장기적 자립성 보전에 기여(연구 전반 결과: 개입군 자립성 보전),공간: 계단. 개선전략: 가정 방문 시 계단 오르내리기 능력을 직접 평가하고 계단 난간(손잡이) 불충분 등 위험요인을 문서화하여 필요 시 난간 보강·설치 등 안전 개선을 권고. 기대효과: 계단 관련 환경 위험요인 파악 및 난간 보강 권고를 통한 계단 이용 시의 안전문제 해결 노력으로 장기적 자립성 보전에 기여(연구 전반 결과: 개입군 자립성 보전),무작위 대조시험,무작위 대조시험,3,1.000,Tier 1,TRUE,손잡이/난간,Benefits of Home Visits for Falls and Autonomy in the Elderly,benefits-of-home-visits-for-falls-and-autonomy-in-the.pdf,자동매칭_0.84,,,위험요인=동작수행 어려움_쉬지않고 10계단 오르기 | 모델요인=동작수행 어려움_쉬지않고 10계단 오르기 | 별칭=동작수행 어려움_쉬지않고 10계단 오르기 | 공간=계단 | 개선대상=손잡이/난간 | 개선전략=가정 방문 시 계단 오르내리기 능력을 직접 평가하고 계단 난간(손잡이) 불충분 등 위험요인을 문서화하여 필요 시 난간 보강·설치 등 안전 개선을 권고 | 기대효과=계단 관련 환경 위험요인 파악 및 난간 보강 권고를 통한 계단 이용 시의 안전문제 해결 노력으로 장기적 자립성 보전에 기여(연구 전반 결과: 개입군 자립성 보전) | 근거유형=무작위 대조시험 | 출처=Benefits of Home Visits for Falls and Autonomy in the Elderly,자동분류완료,
E0070,single,ADL,,ADL,,ADL|일상생활수행능력,대표모델명_자동매핑,ADL,주거공간 전반,주거공간 전반,주거공간 전반,작업치료사가 가정 방문을 통해 주거 내 위험요인 평가를 실시하고 권고된 가정수정 사항의 이행을 촉진(소형 보조기구 제공 및 지역 서비스 연계 포함),ADL 수행의 어려움 감소 및 기능적 쇠퇴 속도 완화(문헌에서 보고됨),공간: 주거공간 전반. 개선전략: 작업치료사가 가정 방문을 통해 주거 내 위험요인 평가를 실시하고 권고된 가정수정 사항의 이행을 촉진(소형 보조기구 제공 및 지역 서비스 연계 포함). 기대효과: ADL 수행의 어려움 감소 및 기능적 쇠퇴 속도 완화(문헌에서 보고됨),체계적 문헌고찰,체계적 문헌고찰/메타분석,3,1.000,Tier 1,TRUE,"보조기구(소형 장비), 주거환경",Systematic Review of the Effect of Home Modification and Fall Prevention Programs on Falls and the Performance of Community-Dwelling Older Adults,,미확인_0.69,10.5014/ajot.2012.005017,https://doi.org/10.5014/ajot.2012.005017,"위험요인=ADL | 모델요인=ADL | 별칭=ADL|일상생활수행능력 | 공간=주거공간 전반 | 개선대상=보조기구(소형 장비), 주거환경 | 개선전략=작업치료사가 가정 방문을 통해 주거 내 위험요인 평가를 실시하고 권고된 가정수정 사항의 이행을 촉진(소형 보조기구 제공 및 지역 서비스 연계 포함) | 기대효과=ADL 수행의 어려움 감소 및 기능적 쇠퇴 속도 완화(문헌에서 보고됨) | 근거유형=체계적 문헌고찰/메타분석 | 출처=Systematic Review of the Effect of Home Modification and Fall Prevention Programs on Falls and the Performance of Community-Dwelling Older Adults",자동분류완료,
E0071,single,ADL,,ADL,,ADL|일상생활수행능력,대표모델명_자동매핑,ADL,욕실,욕실,욕실,"거주지 수정 사례(예: 난간 설치, 욕실 개조)를 지원하여 욕실 이동 및 위생활동 수행 환경을 개선(지방정부 보조금 등 지원체계 활용 사례 포함)",주거 수정이 이루어진 대상에서 신체기능 저하 가능성 감소(문헌의 전향적 코호트 연구에서 보고됨),"공간: 욕실. 개선전략: 거주지 수정 사례(예: 난간 설치, 욕실 개조)를 지원하여 욕실 이동 및 위생활동 수행 환경을 개선(지방정부 보조금 등 지원체계 활용 사례 포함). 기대효과: 주거 수정이 이루어진 대상에서 신체기능 저하 가능성 감소(문헌의 전향적 코호트 연구에서 보고됨)",코호트 연구,코호트/비무작위 중재연구,2,0.667,Tier 2,TRUE,"난간, 욕실(개조)",Systematic Review of the Effect of Home Modification and Fall Prevention Programs on Falls and the Performance of Community-Dwelling Older Adults,,미확인_0.69,10.5014/ajot.2012.005017,https://doi.org/10.5014/ajot.2012.005017,"위험요인=ADL | 모델요인=ADL | 별칭=ADL|일상생활수행능력 | 공간=욕실 | 개선대상=난간, 욕실(개조) | 개선전략=거주지 수정 사례(예: 난간 설치, 욕실 개조)를 지원하여 욕실 이동 및 위생활동 수행 환경을 개선(지방정부 보조금 등 지원체계 활용 사례 포함) | 기대효과=주거 수정이 이루어진 대상에서 신체기능 저하 가능성 감소(문헌의 전향적 코호트 연구에서 보고됨) | 근거유형=코호트/비무작위 중재연구 | 출처=Systematic Review of the Effect of Home Modification and Fall Prevention Programs on Falls and the Performance of Community-Dwelling Older Adults",자동분류완료,
E0072,single,IADL,,IADL,,IADL|도구적 일상생활수행능력,대표모델명_자동매핑,IADL,주거공간 전반,주거공간 전반,주거공간 전반,보조기술 및 보조기구 제공과 사용 교육을 포함한 환경개선(기능적 수행을 지원하는 보조장치의 선정·설치·훈련 제공),취약한 노인에서 기능 저하 완화 및 독립성 유지에 기여(문헌에서 보고됨),공간: 주거공간 전반. 개선전략: 보조기술 및 보조기구 제공과 사용 교육을 포함한 환경개선(기능적 수행을 지원하는 보조장치의 선정·설치·훈련 제공). 기대효과: 취약한 노인에서 기능 저하 완화 및 독립성 유지에 기여(문헌에서 보고됨),무작위 대조시험,무작위 대조시험,3,1.000,Tier 1,TRUE,"보조기술(assistive technology), 보조기구",Systematic Review of the Effect of Home Modification and Fall Prevention Programs on Falls and the Performance of Community-Dwelling Older Adults,,미확인_0.69,10.5014/ajot.2012.005017,https://doi.org/10.5014/ajot.2012.005017,"위험요인=IADL | 모델요인=IADL | 별칭=IADL|도구적 일상생활수행능력 | 공간=주거공간 전반 | 개선대상=보조기술(assistive technology), 보조기구 | 개선전략=보조기술 및 보조기구 제공과 사용 교육을 포함한 환경개선(기능적 수행을 지원하는 보조장치의 선정·설치·훈련 제공) | 기대효과=취약한 노인에서 기능 저하 완화 및 독립성 유지에 기여(문헌에서 보고됨) | 근거유형=무작위 대조시험 | 출처=Systematic Review of the Effect of Home Modification and Fall Prevention Programs on Falls and the Performance of Community-Dwelling Older Adults",자동분류완료,
E0073,single,IADL,,IADL,,IADL|도구적 일상생활수행능력,대표모델명_자동매핑,IADL,주거공간 전반,주거공간 전반,주거공간 전반 (스마트홈 적용),상업적 스마트홈 기술을 설치하여 조명·가전·문·창문 등을 원격·자동으로 제어할 수 있게 하고 사용법을 교육(스마트홈 장비 설치 및 사용자 교육 제공),사용자 만족도 및 주거 내 활동 편의성 향상 보고(그러나 IADL 수행 지표 변화는 연구에서 유의하지 않음),공간: 주거공간 전반. 개선전략: 상업적 스마트홈 기술을 설치하여 조명·가전·문·창문 등을 원격·자동으로 제어할 수 있게 하고 사용법을 교육(스마트홈 장비 설치 및 사용자 교육 제공). 기대효과: 사용자 만족도 및 주거 내 활동 편의성 향상 보고(그러나 IADL 수행 지표 변화는 연구에서 유의하지 않음),무작위 대조시험,무작위 대조시험,3,1.000,Tier 1,TRUE,"조명, 가전, 문, 창문(스마트 제어 시스템)",Systematic Review of the Effect of Home Modification and Fall Prevention Programs on Falls and the Performance of Community-Dwelling Older Adults,,미확인_0.69,10.5014/ajot.2012.005017,https://doi.org/10.5014/ajot.2012.005017,"위험요인=IADL | 모델요인=IADL | 별칭=IADL|도구적 일상생활수행능력 | 공간=주거공간 전반 | 개선대상=조명, 가전, 문, 창문(스마트 제어 시스템) | 개선전략=상업적 스마트홈 기술을 설치하여 조명·가전·문·창문 등을 원격·자동으로 제어할 수 있게 하고 사용법을 교육(스마트홈 장비 설치 및 사용자 교육 제공) | 기대효과=사용자 만족도 및 주거 내 활동 편의성 향상 보고(그러나 IADL 수행 지표 변화는 연구에서 유의하지 않음) | 근거유형=무작위 대조시험 | 출처=Systematic Review of the Effect of Home Modification and Fall Prevention Programs on Falls and the Performance of Community-Dwelling Older Adults",자동분류완료,
E0074,single,일상생활의 불편함_시력,,시력,,시력|일상생활의 불편함_시력|시각기능,대표모델명_자동매핑,시력,주거공간 전반,주거공간 전반,주거공간 전반,중증 시력저하자를 대상으로 작업치료사가 실시하는 주거환경 안전평가 및 맞춤형 수정보완 제공(가정 내 위험요인 식별 및 수정 권고·이행 지원),중증 시력저하 대상에서 홈 안전평가·수정군이 운동군보다 낙상 횟수가 유의하게 적음(문헌에서 보고됨),공간: 주거공간 전반. 개선전략: 중증 시력저하자를 대상으로 작업치료사가 실시하는 주거환경 안전평가 및 맞춤형 수정보완 제공(가정 내 위험요인 식별 및 수정 권고·이행 지원). 기대효과: 중증 시력저하 대상에서 홈 안전평가·수정군이 운동군보다 낙상 횟수가 유의하게 적음(문헌에서 보고됨),무작위 대조시험,무작위 대조시험,3,1.000,Tier 1,TRUE,주거환경(안전수정),Systematic Review of the Effect of Home Modification and Fall Prevention Programs on Falls and the Performance of Community-Dwelling Older Adults,,미확인_0.69,10.5014/ajot.2012.005017,https://doi.org/10.5014/ajot.2012.005017,위험요인=시력 | 모델요인=일상생활의 불편함_시력 | 별칭=시력|일상생활의 불편함_시력|시각기능 | 공간=주거공간 전반 | 개선대상=주거환경(안전수정) | 개선전략=중증 시력저하자를 대상으로 작업치료사가 실시하는 주거환경 안전평가 및 맞춤형 수정보완 제공(가정 내 위험요인 식별 및 수정 권고·이행 지원) | 기대효과=중증 시력저하 대상에서 홈 안전평가·수정군이 운동군보다 낙상 횟수가 유의하게 적음(문헌에서 보고됨) | 근거유형=무작위 대조시험 | 출처=Systematic Review of the Effect of Home Modification and Fall Prevention Programs on Falls and the Performance of Community-Dwelling Older Adults,자동분류완료,
E0075,single,낙상 경험,,낙상 경험,,낙상 경험|낙상경험|과거 낙상,대표모델명_자동매핑,낙상 경험,주거공간 전반,주거공간 전반,주거공간 전반 / 병실 → 가정 전환 경로,퇴원 전 작업치료사에 의한 가정 방문 평가 및 권고된 주거수정의 이행을 촉진하는 중재(퇴원 전 홈 모디피케이션 연계),사전 낙상 경험이 있는 대상에서 추적기간 중 낙상률 감소 경향 보고(문헌에서 보고됨),공간: 주거공간 전반. 개선전략: 퇴원 전 작업치료사에 의한 가정 방문 평가 및 권고된 주거수정의 이행을 촉진하는 중재(퇴원 전 홈 모디피케이션 연계). 기대효과: 사전 낙상 경험이 있는 대상에서 추적기간 중 낙상률 감소 경향 보고(문헌에서 보고됨),무작위 대조시험,무작위 대조시험,3,1.000,Tier 1,TRUE,주거환경(권고된 수정사항),Systematic Review of the Effect of Home Modification and Fall Prevention Programs on Falls and the Performance of Community-Dwelling Older Adults,,미확인_0.69,10.5014/ajot.2012.005017,https://doi.org/10.5014/ajot.2012.005017,위험요인=낙상 경험 | 모델요인=낙상 경험 | 별칭=낙상 경험|낙상경험|과거 낙상 | 공간=주거공간 전반 | 개선대상=주거환경(권고된 수정사항) | 개선전략=퇴원 전 작업치료사에 의한 가정 방문 평가 및 권고된 주거수정의 이행을 촉진하는 중재(퇴원 전 홈 모디피케이션 연계) | 기대효과=사전 낙상 경험이 있는 대상에서 추적기간 중 낙상률 감소 경향 보고(문헌에서 보고됨) | 근거유형=무작위 대조시험 | 출처=Systematic Review of the Effect of Home Modification and Fall Prevention Programs on Falls and the Performance of Community-Dwelling Older Adults,자동분류완료,
E0076,single,낙상 경험,,낙상 경험,,낙상 경험|낙상경험|과거 낙상,대표모델명_자동매핑,낙상 경험,주거공간 전반,주거공간 전반,주거공간 전반,작업치료사가 수행하는 전문적 주택 환경평가(전문가 평가)와 외부 기관을 통한 권고사항 이행 지원 ? 비전문 평가자 대비 권고 순응도 및 효과 우수,"작업치료사 평가군에서 대조군보다 권고 이행률이 높고(연구보고), 일부 연구에서 낙상수 감소 관찰","공간: 주거공간 전반. 개선전략: 작업치료사가 수행하는 전문적 주택 환경평가(전문가 평가)와 외부 기관을 통한 권고사항 이행 지원 ? 비전문 평가자 대비 권고 순응도 및 효과 우수. 기대효과: 작업치료사 평가군에서 대조군보다 권고 이행률이 높고(연구보고), 일부 연구에서 낙상수 감소 관찰",무작위 대조시험,무작위 대조시험,3,1.000,Tier 1,TRUE,주거환경(평가·수정),Systematic Review of the Effect of Home Modification and Fall Prevention Programs on Falls and the Performance of Community-Dwelling Older Adults,,미확인_0.69,10.5014/ajot.2012.005017,https://doi.org/10.5014/ajot.2012.005017,"위험요인=낙상 경험 | 모델요인=낙상 경험 | 별칭=낙상 경험|낙상경험|과거 낙상 | 공간=주거공간 전반 | 개선대상=주거환경(평가·수정) | 개선전략=작업치료사가 수행하는 전문적 주택 환경평가(전문가 평가)와 외부 기관을 통한 권고사항 이행 지원 ? 비전문 평가자 대비 권고 순응도 및 효과 우수 | 기대효과=작업치료사 평가군에서 대조군보다 권고 이행률이 높고(연구보고), 일부 연구에서 낙상수 감소 관찰 | 근거유형=무작위 대조시험 | 출처=Systematic Review of the Effect of Home Modification and Fall Prevention Programs on Falls and the Performance of Community-Dwelling Older Adults",자동분류완료,
E0077,single,ADL,,ADL,,ADL|일상생활수행능력,대표모델명_자동매핑,ADL,침실,침실|거실|복도,"거실, 침실, 복도",거실·침실·복도 등에 깔려 있는 매트·러그를 모두 제거하거나 고정식 논슬립 패드로 교체하여 바닥 표면의 들뜸·움직임 제거,보행 중 걸려 넘어질 위험 감소 및 일상활동 수행 시 안정성 향상,공간: 침실. 개선전략: 거실·침실·복도 등에 깔려 있는 매트·러그를 모두 제거하거나 고정식 논슬립 패드로 교체하여 바닥 표면의 들뜸·움직임 제거. 기대효과: 보행 중 걸려 넘어질 위험 감소 및 일상활동 수행 시 안정성 향상,무작위 대조시험,무작위 대조시험,3,1.000,Tier 1,TRUE,매트/러그,Adherence to occupational therapist recommendations for home modifications for falls prevention,cumming-et-al-2001-adherence-to-occupational-therapist-recommendations-for-home-modifications-for-falls-prevention.pdf,자동매칭_0.87,,,위험요인=ADL | 모델요인=ADL | 별칭=ADL|일상생활수행능력 | 공간=침실|거실|복도 | 개선대상=매트/러그 | 개선전략=거실·침실·복도 등에 깔려 있는 매트·러그를 모두 제거하거나 고정식 논슬립 패드로 교체하여 바닥 표면의 들뜸·움직임 제거 | 기대효과=보행 중 걸려 넘어질 위험 감소 및 일상활동 수행 시 안정성 향상 | 근거유형=무작위 대조시험 | 출처=Adherence to occupational therapist recommendations for home modifications for falls prevention,자동분류완료,
E0078,single,ADL,,ADL,,ADL|일상생활수행능력,대표모델명_자동매핑,ADL,주거공간 전반,주거공간 전반,주거공간 전반,실내에서 미끄럼 방지 기능이 있고 굽·지지력이 적절한 실내화 또는 신발로 교체하도록 권고(필요시 적합한 크기·고정력 확인),보행 시 미끄러짐 및 불안정성 감소로 일상활동 수행 능력 향상,공간: 주거공간 전반. 개선전략: 실내에서 미끄럼 방지 기능이 있고 굽·지지력이 적절한 실내화 또는 신발로 교체하도록 권고(필요시 적합한 크기·고정력 확인). 기대효과: 보행 시 미끄러짐 및 불안정성 감소로 일상활동 수행 능력 향상,무작위 대조시험,무작위 대조시험,3,1.000,Tier 1,TRUE,신발/실내화,Adherence to occupational therapist recommendations for home modifications for falls prevention,cumming-et-al-2001-adherence-to-occupational-therapist-recommendations-for-home-modifications-for-falls-prevention.pdf,자동매칭_0.87,,,위험요인=ADL | 모델요인=ADL | 별칭=ADL|일상생활수행능력 | 공간=주거공간 전반 | 개선대상=신발/실내화 | 개선전략=실내에서 미끄럼 방지 기능이 있고 굽·지지력이 적절한 실내화 또는 신발로 교체하도록 권고(필요시 적합한 크기·고정력 확인) | 기대효과=보행 시 미끄러짐 및 불안정성 감소로 일상활동 수행 능력 향상 | 근거유형=무작위 대조시험 | 출처=Adherence to occupational therapist recommendations for home modifications for falls prevention,자동분류완료,
E0079,single,ADL,,ADL,,ADL|일상생활수행능력,대표모델명_자동매핑,ADL,욕실,욕실,욕실,욕조·샤워 공간 바닥에 미끄럼 방지 기능이 있는 논슬립 욕실 매트를 설치(매트가 잘 고정되었는지 정기 점검),"욕실에서의 미끄럼·전도 위험 감소, 목욕 동작 시 안전성 향상","공간: 욕실. 개선전략: 욕조·샤워 공간 바닥에 미끄럼 방지 기능이 있는 논슬립 욕실 매트를 설치(매트가 잘 고정되었는지 정기 점검). 기대효과: 욕실에서의 미끄럼·전도 위험 감소, 목욕 동작 시 안전성 향상",무작위 대조시험,무작위 대조시험,3,1.000,Tier 1,TRUE,욕실 매트/바닥,Adherence to occupational therapist recommendations for home modifications for falls prevention,cumming-et-al-2001-adherence-to-occupational-therapist-recommendations-for-home-modifications-for-falls-prevention.pdf,자동매칭_0.87,,,"위험요인=ADL | 모델요인=ADL | 별칭=ADL|일상생활수행능력 | 공간=욕실 | 개선대상=욕실 매트/바닥 | 개선전략=욕조·샤워 공간 바닥에 미끄럼 방지 기능이 있는 논슬립 욕실 매트를 설치(매트가 잘 고정되었는지 정기 점검) | 기대효과=욕실에서의 미끄럼·전도 위험 감소, 목욕 동작 시 안전성 향상 | 근거유형=무작위 대조시험 | 출처=Adherence to occupational therapist recommendations for home modifications for falls prevention",자동분류완료,
E0080,single,동작수행 어려움_쉬지않고 10계단 오르기,,동작수행 어려움_쉬지않고 10계단 오르기,,동작수행 어려움_쉬지않고 10계단 오르기,원문명_유지,동작수행 어려움_쉬지않고 10계단 오르기,욕실,욕실|침실|주거공간 전반,침실 및 화장실 이동경로(가정 내부),위험한 계단 이용을 피하기 위해 야간에 침실 가까이에 휴대용 변기(커모드) 설치 또는 1층 화장실 이용을 피하도록 침실 내 야간용 배변시설 마련,야간에 계단 오르내리기 필요성 제거로 계단 이동 부담 및 관련 위험 회피,공간: 욕실. 개선전략: 위험한 계단 이용을 피하기 위해 야간에 침실 가까이에 휴대용 변기(커모드) 설치 또는 1층 화장실 이용을 피하도록 침실 내 야간용 배변시설 마련. 기대효과: 야간에 계단 오르내리기 필요성 제거로 계단 이동 부담 및 관련 위험 회피,무작위 대조시험,무작위 대조시험,3,1.000,Tier 1,TRUE,휴대용 변기/커모드,Adherence to occupational therapist recommendations for home modifications for falls prevention,cumming-et-al-2001-adherence-to-occupational-therapist-recommendations-for-home-modifications-for-falls-prevention.pdf,자동매칭_0.87,,,위험요인=동작수행 어려움_쉬지않고 10계단 오르기 | 모델요인=동작수행 어려움_쉬지않고 10계단 오르기 | 별칭=동작수행 어려움_쉬지않고 10계단 오르기 | 공간=욕실|침실|주거공간 전반 | 개선대상=휴대용 변기/커모드 | 개선전략=위험한 계단 이용을 피하기 위해 야간에 침실 가까이에 휴대용 변기(커모드) 설치 또는 1층 화장실 이용을 피하도록 침실 내 야간용 배변시설 마련 | 기대효과=야간에 계단 오르내리기 필요성 제거로 계단 이동 부담 및 관련 위험 회피 | 근거유형=무작위 대조시험 | 출처=Adherence to occupational therapist recommendations for home modifications for falls prevention,자동분류완료,
E0081,single,일상생활의 불편함_시력,,시력,,시력|일상생활의 불편함_시력|시각기능,대표모델명_자동매핑,시력,욕실,욕실|침실|복도,"침실→화장실 이동경로, 복도",야간 이동 경로(침대→화장실 등)에 센서등 또는 상시 켜지는 야간등을 설치하거나 야간 조명을 확실히 유지하도록 권고,야간 시인성 향상으로 야간 이동 시 안전성 및 방향감 개선,공간: 욕실. 개선전략: 야간 이동 경로(침대→화장실 등)에 센서등 또는 상시 켜지는 야간등을 설치하거나 야간 조명을 확실히 유지하도록 권고. 기대효과: 야간 시인성 향상으로 야간 이동 시 안전성 및 방향감 개선,무작위 대조시험,무작위 대조시험,3,1.000,Tier 1,TRUE,조명/야간 센서등,Adherence to occupational therapist recommendations for home modifications for falls prevention,cumming-et-al-2001-adherence-to-occupational-therapist-recommendations-for-home-modifications-for-falls-prevention.pdf,자동매칭_0.87,,,위험요인=시력 | 모델요인=일상생활의 불편함_시력 | 별칭=시력|일상생활의 불편함_시력|시각기능 | 공간=욕실|침실|복도 | 개선대상=조명/야간 센서등 | 개선전략=야간 이동 경로(침대→화장실 등)에 센서등 또는 상시 켜지는 야간등을 설치하거나 야간 조명을 확실히 유지하도록 권고 | 기대효과=야간 시인성 향상으로 야간 이동 시 안전성 및 방향감 개선 | 근거유형=무작위 대조시험 | 출처=Adherence to occupational therapist recommendations for home modifications for falls prevention,자동분류완료,
E0082,single,동작수행 어려움_쉬지않고 10계단 오르기,,동작수행 어려움_쉬지않고 10계단 오르기,,동작수행 어려움_쉬지않고 10계단 오르기,원문명_유지,동작수행 어려움_쉬지않고 10계단 오르기,계단,계단|주거 외부,외부 계단,외부 계단에 견고한 난간을 설치하거나 기존 난간을 보수하여 양손으로 잡을 수 있는 지지대 제공,계단 오르내리기 시 지지력 제공으로 계단 이동 시 안정성 향상,공간: 계단. 개선전략: 외부 계단에 견고한 난간을 설치하거나 기존 난간을 보수하여 양손으로 잡을 수 있는 지지대 제공. 기대효과: 계단 오르내리기 시 지지력 제공으로 계단 이동 시 안정성 향상,무작위 대조시험,무작위 대조시험,3,1.000,Tier 1,TRUE,외부 계단 난간,Adherence to occupational therapist recommendations for home modifications for falls prevention,cumming-et-al-2001-adherence-to-occupational-therapist-recommendations-for-home-modifications-for-falls-prevention.pdf,자동매칭_0.87,,,위험요인=동작수행 어려움_쉬지않고 10계단 오르기 | 모델요인=동작수행 어려움_쉬지않고 10계단 오르기 | 별칭=동작수행 어려움_쉬지않고 10계단 오르기 | 공간=계단|주거 외부 | 개선대상=외부 계단 난간 | 개선전략=외부 계단에 견고한 난간을 설치하거나 기존 난간을 보수하여 양손으로 잡을 수 있는 지지대 제공 | 기대효과=계단 오르내리기 시 지지력 제공으로 계단 이동 시 안정성 향상 | 근거유형=무작위 대조시험 | 출처=Adherence to occupational therapist recommendations for home modifications for falls prevention,자동분류완료,
E0083,single,ADL,,ADL,,ADL|일상생활수행능력,대표모델명_자동매핑,ADL,욕실,욕실,욕실,욕조·변기 옆에 견고하게 고정된 욕실 안전손잡이(레일)를 설치하여 앉고 일어나는 동작 시 지지할 수 있게 함,욕실에서의 좌·일어서기 및 전이 시 지지 제공으로 목욕·배변 동작의 수행 용이성 향상,공간: 욕실. 개선전략: 욕조·변기 옆에 견고하게 고정된 욕실 안전손잡이(레일)를 설치하여 앉고 일어나는 동작 시 지지할 수 있게 함. 기대효과: 욕실에서의 좌·일어서기 및 전이 시 지지 제공으로 목욕·배변 동작의 수행 용이성 향상,무작위 대조시험,무작위 대조시험,3,1.000,Tier 1,TRUE,욕실 손잡이(레일),Adherence to occupational therapist recommendations for home modifications for falls prevention,cumming-et-al-2001-adherence-to-occupational-therapist-recommendations-for-home-modifications-for-falls-prevention.pdf,자동매칭_0.87,,,위험요인=ADL | 모델요인=ADL | 별칭=ADL|일상생활수행능력 | 공간=욕실 | 개선대상=욕실 손잡이(레일) | 개선전략=욕조·변기 옆에 견고하게 고정된 욕실 안전손잡이(레일)를 설치하여 앉고 일어나는 동작 시 지지할 수 있게 함 | 기대효과=욕실에서의 좌·일어서기 및 전이 시 지지 제공으로 목욕·배변 동작의 수행 용이성 향상 | 근거유형=무작위 대조시험 | 출처=Adherence to occupational therapist recommendations for home modifications for falls prevention,자동분류완료,
E0084,single,ADL,,ADL,,ADL|일상생활수행능력,대표모델명_자동매핑,ADL,거실,거실|복도,"거실, 복도",바닥에 늘어져 있는 전기 코드 및 케이블을 정리·정돈하거나 보행 경로에서 제거(케이블 덮개 사용 또는 벽면 정리),보행 경로의 장애물 제거로 걸려 넘어질 위험 감소,공간: 거실. 개선전략: 바닥에 늘어져 있는 전기 코드 및 케이블을 정리·정돈하거나 보행 경로에서 제거(케이블 덮개 사용 또는 벽면 정리). 기대효과: 보행 경로의 장애물 제거로 걸려 넘어질 위험 감소,무작위 대조시험,무작위 대조시험,3,1.000,Tier 1,TRUE,전기 코드,Adherence to occupational therapist recommendations for home modifications for falls prevention,cumming-et-al-2001-adherence-to-occupational-therapist-recommendations-for-home-modifications-for-falls-prevention.pdf,자동매칭_0.87,,,위험요인=ADL | 모델요인=ADL | 별칭=ADL|일상생활수행능력 | 공간=거실|복도 | 개선대상=전기 코드 | 개선전략=바닥에 늘어져 있는 전기 코드 및 케이블을 정리·정돈하거나 보행 경로에서 제거(케이블 덮개 사용 또는 벽면 정리) | 기대효과=보행 경로의 장애물 제거로 걸려 넘어질 위험 감소 | 근거유형=무작위 대조시험 | 출처=Adherence to occupational therapist recommendations for home modifications for falls prevention,자동분류완료,
E0085,single,ADL,,ADL,,ADL|일상생활수행능력,대표모델명_자동매핑,ADL,계단,계단|거실|복도,"복도, 거실, 계단 입구",복도·보행 경로에 쌓여 있는 잡동사니(물건·신발·가구 일부)를 정리·수납하여 명확한 동선 확보,동선 확보로 보행 안전성과 이동 편의성 향상,공간: 계단. 개선전략: 복도·보행 경로에 쌓여 있는 잡동사니(물건·신발·가구 일부)를 정리·수납하여 명확한 동선 확보. 기대효과: 동선 확보로 보행 안전성과 이동 편의성 향상,무작위 대조시험,무작위 대조시험,3,1.000,Tier 1,TRUE,잡동사니/물건,Adherence to occupational therapist recommendations for home modifications for falls prevention,cumming-et-al-2001-adherence-to-occupational-therapist-recommendations-for-home-modifications-for-falls-prevention.pdf,자동매칭_0.87,,,위험요인=ADL | 모델요인=ADL | 별칭=ADL|일상생활수행능력 | 공간=계단|거실|복도 | 개선대상=잡동사니/물건 | 개선전략=복도·보행 경로에 쌓여 있는 잡동사니(물건·신발·가구 일부)를 정리·수납하여 명확한 동선 확보 | 기대효과=동선 확보로 보행 안전성과 이동 편의성 향상 | 근거유형=무작위 대조시험 | 출처=Adherence to occupational therapist recommendations for home modifications for falls prevention,자동분류완료,
E0086,single,ADL,,ADL,,ADL|일상생활수행능력,대표모델명_자동매핑,ADL,욕실,욕실,욕실,샤워 시 앉을 수 있는 욕실 의자(샤워 시트/욕조 의자)를 설치하거나 기존 의자를 점검·수리하여 안정적으로 사용 가능하게 함,목욕 시 체중 지지로 전이 부담 감소 및 목욕 동작 수행의 용이성 향상,공간: 욕실. 개선전략: 샤워 시 앉을 수 있는 욕실 의자(샤워 시트/욕조 의자)를 설치하거나 기존 의자를 점검·수리하여 안정적으로 사용 가능하게 함. 기대효과: 목욕 시 체중 지지로 전이 부담 감소 및 목욕 동작 수행의 용이성 향상,무작위 대조시험,무작위 대조시험,3,1.000,Tier 1,TRUE,욕조 의자/샤워 의자,Adherence to occupational therapist recommendations for home modifications for falls prevention,cumming-et-al-2001-adherence-to-occupational-therapist-recommendations-for-home-modifications-for-falls-prevention.pdf,자동매칭_0.87,,,위험요인=ADL | 모델요인=ADL | 별칭=ADL|일상생활수행능력 | 공간=욕실 | 개선대상=욕조 의자/샤워 의자 | 개선전략=샤워 시 앉을 수 있는 욕실 의자(샤워 시트/욕조 의자)를 설치하거나 기존 의자를 점검·수리하여 안정적으로 사용 가능하게 함 | 기대효과=목욕 시 체중 지지로 전이 부담 감소 및 목욕 동작 수행의 용이성 향상 | 근거유형=무작위 대조시험 | 출처=Adherence to occupational therapist recommendations for home modifications for falls prevention,자동분류완료,
E0087,single,ADL,,ADL,,ADL|일상생활수행능력,대표모델명_자동매핑,ADL,주거공간 전반,주거공간 전반,주거공간 전반,"집 안 통로와 생활 공간의 잡동사니, 전선, 깔개(러그) 등을 제거하여 통행로를 확보하고 바닥의 장애물을 제거하여 명확한 보행 동선을 확보한다.","집 안 이동성 및 일상 활동 수행 용이성 향상, 전반적 안전성 증가(넘어짐·사고 위험 요인 제거)","공간: 주거공간 전반. 개선전략: 집 안 통로와 생활 공간의 잡동사니, 전선, 깔개(러그) 등을 제거하여 통행로를 확보하고 바닥의 장애물을 제거하여 명확한 보행 동선을 확보한다.. 기대효과: 집 안 이동성 및 일상 활동 수행 용이성 향상, 전반적 안전성 증가(넘어짐·사고 위험 요인 제거)",,미분류,,,검토 필요,FALSE,"바닥, 러그, 통로",Assessing the physical needs and Creating a Barrier Free Environment at Home for the Person with Challenging Conditions and Elderly,,미확인_0.54,,,"위험요인=ADL | 모델요인=ADL | 별칭=ADL|일상생활수행능력 | 공간=주거공간 전반 | 개선대상=바닥, 러그, 통로 | 개선전략=집 안 통로와 생활 공간의 잡동사니, 전선, 깔개(러그) 등을 제거하여 통행로를 확보하고 바닥의 장애물을 제거하여 명확한 보행 동선을 확보한다. | 기대효과=집 안 이동성 및 일상 활동 수행 용이성 향상, 전반적 안전성 증가(넘어짐·사고 위험 요인 제거) | 근거유형=미분류 | 출처=Assessing the physical needs and Creating a Barrier Free Environment at Home for the Person with Challenging Conditions and Elderly",검토필요_근거유형없음,원문 논문에서 연구설계를 확인한 뒤 evidence_score를 입력해야 함
E0088,single,IADL,,IADL,,IADL|도구적 일상생활수행능력,대표모델명_자동매핑,IADL,주방,주방,주방,"자주 사용하는 주방용품은 허리~어깨 높이의 접근 가능한 선반에 재배치하고, D형 또는 풀형 손잡이, 이지글라이드 서랍, 서랍형 식기세척기, 나란히 배치된 냉장고·냉동고·낮은 작업대, 좌식 사용을 위한 싱크대 무릎공간 등으로 주방 수납·배치 구조를 재설계한다.","조리·주방 관련 IADL 수행 용이성 향상(물건 취급과 접근성 개선), 독립적 가사 수행 지원","공간: 주방. 개선전략: 자주 사용하는 주방용품은 허리~어깨 높이의 접근 가능한 선반에 재배치하고, D형 또는 풀형 손잡이, 이지글라이드 서랍, 서랍형 식기세척기, 나란히 배치된 냉장고·냉동고·낮은 작업대, 좌식 사용을 위한 싱크대 무릎공간 등으로 주방 수납·배치 구조를 재설계한다.. 기대효과: 조리·주방 관련 IADL 수행 용이성 향상(물건 취급과 접근성 개선), 독립적 가사 수행 지원",,미분류,,,검토 필요,FALSE,"수납장, 서랍, 냉장고, 조리대, 싱크대, 손잡이",Assessing the physical needs and Creating a Barrier Free Environment at Home for the Person with Challenging Conditions and Elderly,,미확인_0.54,,,"위험요인=IADL | 모델요인=IADL | 별칭=IADL|도구적 일상생활수행능력 | 공간=주방 | 개선대상=수납장, 서랍, 냉장고, 조리대, 싱크대, 손잡이 | 개선전략=자주 사용하는 주방용품은 허리~어깨 높이의 접근 가능한 선반에 재배치하고, D형 또는 풀형 손잡이, 이지글라이드 서랍, 서랍형 식기세척기, 나란히 배치된 냉장고·냉동고·낮은 작업대, 좌식 사용을 위한 싱크대 무릎공간 등으로 주방 수납·배치 구조를 재설계한다. | 기대효과=조리·주방 관련 IADL 수행 용이성 향상(물건 취급과 접근성 개선), 독립적 가사 수행 지원 | 근거유형=미분류 | 출처=Assessing the physical needs and Creating a Barrier Free Environment at Home for the Person with Challenging Conditions and Elderly",검토필요_근거유형없음,원문 논문에서 연구설계를 확인한 뒤 evidence_score를 입력해야 함
E0089,single,일상생활의 불편함_시력,,시력,,시력|일상생활의 불편함_시력|시각기능,대표모델명_자동매핑,시력,계단,계단|현관|주거공간 전반,계단·출입구·주거공간 전반,"조명 교체(고휘도 전구 사용), 계단에 스텝라이트 설치 및 계단 앞단의 대비색(특히 앞면 가장자리) 적용, 출입구 및 실내외에 밝은 조명과 도어벨에 점등 기능 설치하여 야간 및 저시력 상황에서 시각적 지향성을 제공한다.","야간 시인성 및 시각적 방향성 향상, 계단·출입구에서의 착시·실수 감소(시각적 장벽 완화)","공간: 계단. 개선전략: 조명 교체(고휘도 전구 사용), 계단에 스텝라이트 설치 및 계단 앞단의 대비색(특히 앞면 가장자리) 적용, 출입구 및 실내외에 밝은 조명과 도어벨에 점등 기능 설치하여 야간 및 저시력 상황에서 시각적 지향성을 제공한다.. 기대효과: 야간 시인성 및 시각적 방향성 향상, 계단·출입구에서의 착시·실수 감소(시각적 장벽 완화)",,미분류,,,검토 필요,FALSE,"조명, 계단 가장자리, 도어벨",Assessing the physical needs and Creating a Barrier Free Environment at Home for the Person with Challenging Conditions and Elderly,,미확인_0.54,,,"위험요인=시력 | 모델요인=일상생활의 불편함_시력 | 별칭=시력|일상생활의 불편함_시력|시각기능 | 공간=계단|현관|주거공간 전반 | 개선대상=조명, 계단 가장자리, 도어벨 | 개선전략=조명 교체(고휘도 전구 사용), 계단에 스텝라이트 설치 및 계단 앞단의 대비색(특히 앞면 가장자리) 적용, 출입구 및 실내외에 밝은 조명과 도어벨에 점등 기능 설치하여 야간 및 저시력 상황에서 시각적 지향성을 제공한다. | 기대효과=야간 시인성 및 시각적 방향성 향상, 계단·출입구에서의 착시·실수 감소(시각적 장벽 완화) | 근거유형=미분류 | 출처=Assessing the physical needs and Creating a Barrier Free Environment at Home for the Person with Challenging Conditions and Elderly",검토필요_근거유형없음,원문 논문에서 연구설계를 확인한 뒤 evidence_score를 입력해야 함
E0090,single,동작수행 어려움_쉬지않고 10계단 오르기,,동작수행 어려움_쉬지않고 10계단 오르기,,동작수행 어려움_쉬지않고 10계단 오르기,원문명_유지,동작수행 어려움_쉬지않고 10계단 오르기,계단,계단,계단,"계단 양쪽에 견고한 손잡이(난간)를 설치하고(가능하면 양측) 계단 표면에 미끄럼 방지 재료 또는 미끄럼 방지 스트립을 부착하며, 필요 시 로우라이저 형식의 계단으로 변경하거나 계단 리프트(스테어리프트) 또는 승강기 설치를 고려한다.","계단 오르내림 시 지지 및 안전성 확보, 계단 관련 사고·낙상 위험 완화","공간: 계단. 개선전략: 계단 양쪽에 견고한 손잡이(난간)를 설치하고(가능하면 양측) 계단 표면에 미끄럼 방지 재료 또는 미끄럼 방지 스트립을 부착하며, 필요 시 로우라이저 형식의 계단으로 변경하거나 계단 리프트(스테어리프트) 또는 승강기 설치를 고려한다.. 기대효과: 계단 오르내림 시 지지 및 안전성 확보, 계단 관련 사고·낙상 위험 완화",,미분류,,,검토 필요,FALSE,"난간, 계단 표면(층계), 계단 리프트",Assessing the physical needs and Creating a Barrier Free Environment at Home for the Person with Challenging Conditions and Elderly,,미확인_0.54,,,"위험요인=동작수행 어려움_쉬지않고 10계단 오르기 | 모델요인=동작수행 어려움_쉬지않고 10계단 오르기 | 별칭=동작수행 어려움_쉬지않고 10계단 오르기 | 공간=계단 | 개선대상=난간, 계단 표면(층계), 계단 리프트 | 개선전략=계단 양쪽에 견고한 손잡이(난간)를 설치하고(가능하면 양측) 계단 표면에 미끄럼 방지 재료 또는 미끄럼 방지 스트립을 부착하며, 필요 시 로우라이저 형식의 계단으로 변경하거나 계단 리프트(스테어리프트) 또는 승강기 설치를 고려한다. | 기대효과=계단 오르내림 시 지지 및 안전성 확보, 계단 관련 사고·낙상 위험 완화 | 근거유형=미분류 | 출처=Assessing the physical needs and Creating a Barrier Free Environment at Home for the Person with Challenging Conditions and Elderly",검토필요_근거유형없음,원문 논문에서 연구설계를 확인한 뒤 evidence_score를 입력해야 함
E0091,single,근력상태_의자나 침대에 앉았다가 일어나기 5회 반복,,근력상태_의자나 침대에 앉았다가 일어나기 5회 반복,,근력상태_의자나 침대에 앉았다가 일어나기 5회 반복,원문명_유지,근력상태_의자나 침대에 앉았다가 일어나기 5회 반복,욕실,욕실|침실,침실·욕실,"침대 옆에 안전 손잡이(침대용 핸드레일)와 오버베드 테이블을 설치하고, 변기 주변에 높이 상승형 변좌(17~19인치 권장)와 견고한 보조 손잡이를 설치하여 앉고 일어나는 전이 동작을 지원한다.",침대 및 화장실에서의 전이(일어나기/앉기) 수행 지원으로 일상 활동 수행 능력 개선 및 전이 관련 사고 감소,"공간: 욕실. 개선전략: 침대 옆에 안전 손잡이(침대용 핸드레일)와 오버베드 테이블을 설치하고, 변기 주변에 높이 상승형 변좌(17~19인치 권장)와 견고한 보조 손잡이를 설치하여 앉고 일어나는 전이 동작을 지원한다.. 기대효과: 침대 및 화장실에서의 전이(일어나기/앉기) 수행 지원으로 일상 활동 수행 능력 개선 및 전이 관련 사고 감소",,미분류,,,검토 필요,FALSE,"침대, 변기, 침대용 손잡이, 오버베드 테이블, 변기 보조 손잡이",Assessing the physical needs and Creating a Barrier Free Environment at Home for the Person with Challenging Conditions and Elderly,,미확인_0.54,,,"위험요인=근력상태_의자나 침대에 앉았다가 일어나기 5회 반복 | 모델요인=근력상태_의자나 침대에 앉았다가 일어나기 5회 반복 | 별칭=근력상태_의자나 침대에 앉았다가 일어나기 5회 반복 | 공간=욕실|침실 | 개선대상=침대, 변기, 침대용 손잡이, 오버베드 테이블, 변기 보조 손잡이 | 개선전략=침대 옆에 안전 손잡이(침대용 핸드레일)와 오버베드 테이블을 설치하고, 변기 주변에 높이 상승형 변좌(17~19인치 권장)와 견고한 보조 손잡이를 설치하여 앉고 일어나는 전이 동작을 지원한다. | 기대효과=침대 및 화장실에서의 전이(일어나기/앉기) 수행 지원으로 일상 활동 수행 능력 개선 및 전이 관련 사고 감소 | 근거유형=미분류 | 출처=Assessing the physical needs and Creating a Barrier Free Environment at Home for the Person with Challenging Conditions and Elderly",검토필요_근거유형없음,원문 논문에서 연구설계를 확인한 뒤 evidence_score를 입력해야 함
E0092,single,동작수행 어려움_몸 구부리거나 쭈그려 앉거나 무릎 꿇기,,동작수행 어려움_몸 구부리거나 쭈그려 앉거나 무릎 꿇기,,동작수행 어려움_몸 구부리거나 쭈그려 앉거나 무릎 꿇기,원문명_유지,동작수행 어려움_몸 구부리거나 쭈그려 앉거나 무릎 꿇기,욕실,욕실,욕실(샤워·욕조),"욕조 내 일체형 이동 좌석 또는 빌트인 벤치(또는 이동식 샤워 의자), 손잡이(그랩바) 설치, 높이 조절형 핸드헬드 샤워기 및 레버형 수도꼭지, 미끄럼 방지 매트 등으로 목욕 시에 굽히거나 무릎 꿇는 동작을 최소화한다.",목욕·샤워 동작 시 굽힘·무릎 굴곡의 필요성 감소로 수행 부담 완화 및 안전성 향상,"공간: 욕실. 개선전략: 욕조 내 일체형 이동 좌석 또는 빌트인 벤치(또는 이동식 샤워 의자), 손잡이(그랩바) 설치, 높이 조절형 핸드헬드 샤워기 및 레버형 수도꼭지, 미끄럼 방지 매트 등으로 목욕 시에 굽히거나 무릎 꿇는 동작을 최소화한다.. 기대효과: 목욕·샤워 동작 시 굽힘·무릎 굴곡의 필요성 감소로 수행 부담 완화 및 안전성 향상",,미분류,,,검토 필요,FALSE,"욕조, 샤워 의자/벤치, 손잡이, 샤워기, 수도꼭지, 미끄럼 방지 매트",Assessing the physical needs and Creating a Barrier Free Environment at Home for the Person with Challenging Conditions and Elderly,,미확인_0.54,,,"위험요인=동작수행 어려움_몸 구부리거나 쭈그려 앉거나 무릎 꿇기 | 모델요인=동작수행 어려움_몸 구부리거나 쭈그려 앉거나 무릎 꿇기 | 별칭=동작수행 어려움_몸 구부리거나 쭈그려 앉거나 무릎 꿇기 | 공간=욕실 | 개선대상=욕조, 샤워 의자/벤치, 손잡이, 샤워기, 수도꼭지, 미끄럼 방지 매트 | 개선전략=욕조 내 일체형 이동 좌석 또는 빌트인 벤치(또는 이동식 샤워 의자), 손잡이(그랩바) 설치, 높이 조절형 핸드헬드 샤워기 및 레버형 수도꼭지, 미끄럼 방지 매트 등으로 목욕 시에 굽히거나 무릎 꿇는 동작을 최소화한다. | 기대효과=목욕·샤워 동작 시 굽힘·무릎 굴곡의 필요성 감소로 수행 부담 완화 및 안전성 향상 | 근거유형=미분류 | 출처=Assessing the physical needs and Creating a Barrier Free Environment at Home for the Person with Challenging Conditions and Elderly",검토필요_근거유형없음,원문 논문에서 연구설계를 확인한 뒤 evidence_score를 입력해야 함
E0093,single,동작수행 어려움_쌀 1말(8kg) 정도 물건 들어 올리거나 옮기기,,동작수행 어려움_쌀 1말(8kg) 정도 물건 들어 올리거나 옮기기,,동작수행 어려움_쌀 1말(8kg) 정도 물건 들어 올리거나 옮기기,원문명_유지,동작수행 어려움_쌀 1말(8kg) 정도 물건 들어 올리거나 옮기기,주방,주방,주방·수납 공간,"무거운 물건은 저고 또는 허리 높이에 배치하여 굽혀 들어올리지 않도록 하고, 자주 사용하는 무거운 용기는 손이 닿기 쉬운 선반이나 낮은 서랍에 배치하며, 필요시 가전·기구는 올려놓을 수 있는 레일 형태 플랫폼을 적용한다.",물건 취급 시 굽힘·들힘 동작 최소화로 물체 취급 부담 감소 및 안전성 향상,"공간: 주방. 개선전략: 무거운 물건은 저고 또는 허리 높이에 배치하여 굽혀 들어올리지 않도록 하고, 자주 사용하는 무거운 용기는 손이 닿기 쉬운 선반이나 낮은 서랍에 배치하며, 필요시 가전·기구는 올려놓을 수 있는 레일 형태 플랫폼을 적용한다.. 기대효과: 물건 취급 시 굽힘·들힘 동작 최소화로 물체 취급 부담 감소 및 안전성 향상",,미분류,,,검토 필요,FALSE,"선반, 수납장, 조리대, 플랫폼",Assessing the physical needs and Creating a Barrier Free Environment at Home for the Person with Challenging Conditions and Elderly,,미확인_0.54,,,"위험요인=동작수행 어려움_쌀 1말(8kg) 정도 물건 들어 올리거나 옮기기 | 모델요인=동작수행 어려움_쌀 1말(8kg) 정도 물건 들어 올리거나 옮기기 | 별칭=동작수행 어려움_쌀 1말(8kg) 정도 물건 들어 올리거나 옮기기 | 공간=주방 | 개선대상=선반, 수납장, 조리대, 플랫폼 | 개선전략=무거운 물건은 저고 또는 허리 높이에 배치하여 굽혀 들어올리지 않도록 하고, 자주 사용하는 무거운 용기는 손이 닿기 쉬운 선반이나 낮은 서랍에 배치하며, 필요시 가전·기구는 올려놓을 수 있는 레일 형태 플랫폼을 적용한다. | 기대효과=물건 취급 시 굽힘·들힘 동작 최소화로 물체 취급 부담 감소 및 안전성 향상 | 근거유형=미분류 | 출처=Assessing the physical needs and Creating a Barrier Free Environment at Home for the Person with Challenging Conditions and Elderly",검토필요_근거유형없음,원문 논문에서 연구설계를 확인한 뒤 evidence_score를 입력해야 함
E0094,single,수면,,수면,,수면|수면상태,대표모델명_자동매핑,수면,침실,침실,침실,적절한 수면 지원을 위해 개인 맞춤형 매트리스 및 수면 보조 기구(수면 보조용 베개·매트리스 등)를 제공하고 침실 내 조명·동선 정리를 수행한다.,수면 문제 완화 및 수면의 질 향상(연구에서 수면 문제를 호소하는 대상자에 대해 수면 관련 보조기구 제공을 권고함),공간: 침실. 개선전략: 적절한 수면 지원을 위해 개인 맞춤형 매트리스 및 수면 보조 기구(수면 보조용 베개·매트리스 등)를 제공하고 침실 내 조명·동선 정리를 수행한다.. 기대효과: 수면 문제 완화 및 수면의 질 향상(연구에서 수면 문제를 호소하는 대상자에 대해 수면 관련 보조기구 제공을 권고함),,미분류,,,검토 필요,FALSE,"매트리스, 수면 보조용품, 침실 조명",Assessing the physical needs and Creating a Barrier Free Environment at Home for the Person with Challenging Conditions and Elderly,,미확인_0.54,,,"위험요인=수면 | 모델요인=수면 | 별칭=수면|수면상태 | 공간=침실 | 개선대상=매트리스, 수면 보조용품, 침실 조명 | 개선전략=적절한 수면 지원을 위해 개인 맞춤형 매트리스 및 수면 보조 기구(수면 보조용 베개·매트리스 등)를 제공하고 침실 내 조명·동선 정리를 수행한다. | 기대효과=수면 문제 완화 및 수면의 질 향상(연구에서 수면 문제를 호소하는 대상자에 대해 수면 관련 보조기구 제공을 권고함) | 근거유형=미분류 | 출처=Assessing the physical needs and Creating a Barrier Free Environment at Home for the Person with Challenging Conditions and Elderly",검토필요_근거유형없음,원문 논문에서 연구설계를 확인한 뒤 evidence_score를 입력해야 함
E0095,single,ADL,,ADL,,ADL|일상생활수행능력,대표모델명_자동매핑,ADL,욕실,욕실|거실|현관,출입구·현관·거실·욕실,"주택 출입부에 경사로(램프)와 손잡이 설치, 무단계(제로-스레숄드) 출입구, 최소 36인치(약 91cm) 문 너비 및 현관 내 5ft×5ft(약 1.5m×1.5m) 이상의 회전·이동 공간 확보, 실내는 전 구간 레벨 바닥 유지로 보행 보조기 사용 시 회전 반경(예: 욕실 60인치) 확보한다.",보행 보조기 또는 휠체어 사용자의 접근성 및 기동성 향상으로 독립적 일상활동 수행 지원,"공간: 욕실. 개선전략: 주택 출입부에 경사로(램프)와 손잡이 설치, 무단계(제로-스레숄드) 출입구, 최소 36인치(약 91cm) 문 너비 및 현관 내 5ft×5ft(약 1.5m×1.5m) 이상의 회전·이동 공간 확보, 실내는 전 구간 레벨 바닥 유지로 보행 보조기 사용 시 회전 반경(예: 욕실 60인치) 확보한다.. 기대효과: 보행 보조기 또는 휠체어 사용자의 접근성 및 기동성 향상으로 독립적 일상활동 수행 지원",,미분류,,,검토 필요,FALSE,"문, 문턱, 레벨 바닥, 램프, 출입구 공간",Assessing the physical needs and Creating a Barrier Free Environment at Home for the Person with Challenging Conditions and Elderly,,미확인_0.54,,,"위험요인=ADL | 모델요인=ADL | 별칭=ADL|일상생활수행능력 | 공간=욕실|거실|현관 | 개선대상=문, 문턱, 레벨 바닥, 램프, 출입구 공간 | 개선전략=주택 출입부에 경사로(램프)와 손잡이 설치, 무단계(제로-스레숄드) 출입구, 최소 36인치(약 91cm) 문 너비 및 현관 내 5ft×5ft(약 1.5m×1.5m) 이상의 회전·이동 공간 확보, 실내는 전 구간 레벨 바닥 유지로 보행 보조기 사용 시 회전 반경(예: 욕실 60인치) 확보한다. | 기대효과=보행 보조기 또는 휠체어 사용자의 접근성 및 기동성 향상으로 독립적 일상활동 수행 지원 | 근거유형=미분류 | 출처=Assessing the physical needs and Creating a Barrier Free Environment at Home for the Person with Challenging Conditions and Elderly",검토필요_근거유형없음,원문 논문에서 연구설계를 확인한 뒤 evidence_score를 입력해야 함
E0096,single,IADL,,IADL,,IADL|도구적 일상생활수행능력,대표모델명_자동매핑,IADL,현관,현관,출입구·전반적 거주 공간,"문 손잡이는 레버형으로 교체하고(이동·조작 용이), 키리스(원격·키패드) 도어록 등 쉬운 개폐 장치 설치 및 라이트 스위치를 접근하기 쉬운 높이(예: 42인치 권장)에 로커형 스위치로 배치한다.",문·잠금장치 및 조명 조작의 물리적 부담 감소로 독립적 가정관리(IADL) 수행 용이성 증대,"공간: 현관. 개선전략: 문 손잡이는 레버형으로 교체하고(이동·조작 용이), 키리스(원격·키패드) 도어록 등 쉬운 개폐 장치 설치 및 라이트 스위치를 접근하기 쉬운 높이(예: 42인치 권장)에 로커형 스위치로 배치한다.. 기대효과: 문·잠금장치 및 조명 조작의 물리적 부담 감소로 독립적 가정관리(IADL) 수행 용이성 증대",,미분류,,,검토 필요,FALSE,"문 손잡이, 도어록, 스위치",Assessing the physical needs and Creating a Barrier Free Environment at Home for the Person with Challenging Conditions and Elderly,,미확인_0.54,,,"위험요인=IADL | 모델요인=IADL | 별칭=IADL|도구적 일상생활수행능력 | 공간=현관 | 개선대상=문 손잡이, 도어록, 스위치 | 개선전략=문 손잡이는 레버형으로 교체하고(이동·조작 용이), 키리스(원격·키패드) 도어록 등 쉬운 개폐 장치 설치 및 라이트 스위치를 접근하기 쉬운 높이(예: 42인치 권장)에 로커형 스위치로 배치한다. | 기대효과=문·잠금장치 및 조명 조작의 물리적 부담 감소로 독립적 가정관리(IADL) 수행 용이성 증대 | 근거유형=미분류 | 출처=Assessing the physical needs and Creating a Barrier Free Environment at Home for the Person with Challenging Conditions and Elderly",검토필요_근거유형없음,원문 논문에서 연구설계를 확인한 뒤 evidence_score를 입력해야 함
E0097,single,ADL,,ADL,,ADL|일상생활수행능력,대표모델명_자동매핑,ADL,주거공간 전반,주거공간 전반,주거공간 전반,"가정 방문식 홈 안전성 평가(주거환경 전반에 대한 평가)를 실시하고, 평가 결과에 따라 확인된 위험요소를 제거하거나 수리하는 환경수정(제거·수선·수리 등) 수행",기본활동(ADL) 수행 능력 향상,"공간: 주거공간 전반. 개선전략: 가정 방문식 홈 안전성 평가(주거환경 전반에 대한 평가)를 실시하고, 평가 결과에 따라 확인된 위험요소를 제거하거나 수리하는 환경수정(제거·수선·수리 등) 수행. 기대효과: 기본활동(ADL) 수행 능력 향상",메타분석,체계적 문헌고찰/메타분석,3,1.000,Tier 1,TRUE,,"Effects of environmental modification on activities of daily living, social participation and quality of life in the older adults: a meta-analysis of randomized controlled trials",Effects of environmental modification on activities of daily living  social participation and quality of life in the older adults  a meta-analysis of .pdf,자동매칭_0.92,10.1080/17483107.2018.1533595,https://doi.org/10.1080/17483107.2018.1533595,"위험요인=ADL | 모델요인=ADL | 별칭=ADL|일상생활수행능력 | 공간=주거공간 전반 | 개선대상= | 개선전략=가정 방문식 홈 안전성 평가(주거환경 전반에 대한 평가)를 실시하고, 평가 결과에 따라 확인된 위험요소를 제거하거나 수리하는 환경수정(제거·수선·수리 등) 수행 | 기대효과=기본활동(ADL) 수행 능력 향상 | 근거유형=체계적 문헌고찰/메타분석 | 출처=Effects of environmental modification on activities of daily living, social participation and quality of life in the older adults: a meta-analysis of randomized controlled trials",자동분류완료,
E0098,single,IADL,,IADL,,IADL|도구적 일상생활수행능력,대표모델명_자동매핑,IADL,주거공간 전반,주거공간 전반,주거공간 전반,환경 단순화 및 과제 단순화(환경 간소화·작업 단순화 등)를 통해 집안에서의 작업 수행 부담을 경감시키는 환경수정,수단적 일상활동(IADL) 수행 능력 향상,공간: 주거공간 전반. 개선전략: 환경 단순화 및 과제 단순화(환경 간소화·작업 단순화 등)를 통해 집안에서의 작업 수행 부담을 경감시키는 환경수정. 기대효과: 수단적 일상활동(IADL) 수행 능력 향상,메타분석,체계적 문헌고찰/메타분석,3,1.000,Tier 1,TRUE,,"Effects of environmental modification on activities of daily living, social participation and quality of life in the older adults: a meta-analysis of randomized controlled trials",Effects of environmental modification on activities of daily living  social participation and quality of life in the older adults  a meta-analysis of .pdf,자동매칭_0.92,10.1080/17483107.2018.1533595,https://doi.org/10.1080/17483107.2018.1533595,"위험요인=IADL | 모델요인=IADL | 별칭=IADL|도구적 일상생활수행능력 | 공간=주거공간 전반 | 개선대상= | 개선전략=환경 단순화 및 과제 단순화(환경 간소화·작업 단순화 등)를 통해 집안에서의 작업 수행 부담을 경감시키는 환경수정 | 기대효과=수단적 일상활동(IADL) 수행 능력 향상 | 근거유형=체계적 문헌고찰/메타분석 | 출처=Effects of environmental modification on activities of daily living, social participation and quality of life in the older adults: a meta-analysis of randomized controlled trials",자동분류완료,
E0099,single,ADL,,ADL,,ADL|일상생활수행능력,대표모델명_자동매핑,ADL,욕실,욕실,욕실,욕실 등 위생 공간에서의 자가간호 촉진을 목적으로 한 환경수정(욕실 안전성 개선 및 위험요소 제거를 통한 세면·배뇨·목욕 관련 활동 지원),욕실에서의 자가 간호 및 기본활동 수행 개선,공간: 욕실. 개선전략: 욕실 등 위생 공간에서의 자가간호 촉진을 목적으로 한 환경수정(욕실 안전성 개선 및 위험요소 제거를 통한 세면·배뇨·목욕 관련 활동 지원). 기대효과: 욕실에서의 자가 간호 및 기본활동 수행 개선,메타분석,체계적 문헌고찰/메타분석,3,1.000,Tier 1,TRUE,욕실,"Effects of environmental modification on activities of daily living, social participation and quality of life in the older adults: a meta-analysis of randomized controlled trials",Effects of environmental modification on activities of daily living  social participation and quality of life in the older adults  a meta-analysis of .pdf,자동매칭_0.92,10.1080/17483107.2018.1533595,https://doi.org/10.1080/17483107.2018.1533595,"위험요인=ADL | 모델요인=ADL | 별칭=ADL|일상생활수행능력 | 공간=욕실 | 개선대상=욕실 | 개선전략=욕실 등 위생 공간에서의 자가간호 촉진을 목적으로 한 환경수정(욕실 안전성 개선 및 위험요소 제거를 통한 세면·배뇨·목욕 관련 활동 지원) | 기대효과=욕실에서의 자가 간호 및 기본활동 수행 개선 | 근거유형=체계적 문헌고찰/메타분석 | 출처=Effects of environmental modification on activities of daily living, social participation and quality of life in the older adults: a meta-analysis of randomized controlled trials",자동분류완료,
E0100,single,ADL,,ADL,,ADL|일상생활수행능력,대표모델명_자동매핑,ADL,주거공간 전반,주거공간 전반,주거공간 전반,적응형 보조기기 제공 및 설치를 포함한 가정환경 수정(Adaptive equipment 병행의 환경개선),기본활동(ADL) 수행 능력 향상,공간: 주거공간 전반. 개선전략: 적응형 보조기기 제공 및 설치를 포함한 가정환경 수정(Adaptive equipment 병행의 환경개선). 기대효과: 기본활동(ADL) 수행 능력 향상,메타분석,체계적 문헌고찰/메타분석,3,1.000,Tier 1,TRUE,adaptive equipment,"Effects of environmental modification on activities of daily living, social participation and quality of life in the older adults: a meta-analysis of randomized controlled trials",Effects of environmental modification on activities of daily living  social participation and quality of life in the older adults  a meta-analysis of .pdf,자동매칭_0.92,10.1080/17483107.2018.1533595,https://doi.org/10.1080/17483107.2018.1533595,"위험요인=ADL | 모델요인=ADL | 별칭=ADL|일상생활수행능력 | 공간=주거공간 전반 | 개선대상=adaptive equipment | 개선전략=적응형 보조기기 제공 및 설치를 포함한 가정환경 수정(Adaptive equipment 병행의 환경개선) | 기대효과=기본활동(ADL) 수행 능력 향상 | 근거유형=체계적 문헌고찰/메타분석 | 출처=Effects of environmental modification on activities of daily living, social participation and quality of life in the older adults: a meta-analysis of randomized controlled trials",자동분류완료,
E0101,single,ADL,,ADL,,ADL|일상생활수행능력,대표모델명_자동매핑,ADL,주거공간 전반,주거공간 전반,주거공간 전반,핸디맨(수리·개보수) 지원을 통한 주택 내 위험요소 제거 및 구조적 수리(연구 사례에 따른 수리비 지원 포함),환경에 기인한 기능적 어려움 경감으로 인한 ADL 수행 개선,공간: 주거공간 전반. 개선전략: 핸디맨(수리·개보수) 지원을 통한 주택 내 위험요소 제거 및 구조적 수리(연구 사례에 따른 수리비 지원 포함). 기대효과: 환경에 기인한 기능적 어려움 경감으로 인한 ADL 수행 개선,메타분석,체계적 문헌고찰/메타분석,3,1.000,Tier 1,TRUE,수리(핸디맨),"Effects of environmental modification on activities of daily living, social participation and quality of life in the older adults: a meta-analysis of randomized controlled trials",Effects of environmental modification on activities of daily living  social participation and quality of life in the older adults  a meta-analysis of .pdf,자동매칭_0.92,10.1080/17483107.2018.1533595,https://doi.org/10.1080/17483107.2018.1533595,"위험요인=ADL | 모델요인=ADL | 별칭=ADL|일상생활수행능력 | 공간=주거공간 전반 | 개선대상=수리(핸디맨) | 개선전략=핸디맨(수리·개보수) 지원을 통한 주택 내 위험요소 제거 및 구조적 수리(연구 사례에 따른 수리비 지원 포함) | 기대효과=환경에 기인한 기능적 어려움 경감으로 인한 ADL 수행 개선 | 근거유형=체계적 문헌고찰/메타분석 | 출처=Effects of environmental modification on activities of daily living, social participation and quality of life in the older adults: a meta-analysis of randomized controlled trials",자동분류완료,
E0102,single,낙상 경험,,낙상 경험,,낙상 경험|낙상경험|과거 낙상,대표모델명_자동매핑,낙상 경험,욕실,욕실|침실|주방|현관,"욕실, 주방, 침실, 현관 등 주택 내 고위험 장소",욕실·주방·침실·현관 등 고위험 장소에 대한 환경평가 후 위험요소 제거 및 수리 등 표적화된 환경수정(개인별 위험요인 식별 및 개인화된 환경개선),주택 내 낙상 관련 위험요소 개선(위험요인 제거·수리 등),공간: 욕실. 개선전략: 욕실·주방·침실·현관 등 고위험 장소에 대한 환경평가 후 위험요소 제거 및 수리 등 표적화된 환경수정(개인별 위험요인 식별 및 개인화된 환경개선). 기대효과: 주택 내 낙상 관련 위험요소 개선(위험요인 제거·수리 등),메타분석,체계적 문헌고찰/메타분석,3,1.000,Tier 1,TRUE,,"Effects of environmental modification on activities of daily living, social participation and quality of life in the older adults: a meta-analysis of randomized controlled trials",Effects of environmental modification on activities of daily living  social participation and quality of life in the older adults  a meta-analysis of .pdf,자동매칭_0.92,10.1080/17483107.2018.1533595,https://doi.org/10.1080/17483107.2018.1533595,"위험요인=낙상 경험 | 모델요인=낙상 경험 | 별칭=낙상 경험|낙상경험|과거 낙상 | 공간=욕실|침실|주방|현관 | 개선대상= | 개선전략=욕실·주방·침실·현관 등 고위험 장소에 대한 환경평가 후 위험요소 제거 및 수리 등 표적화된 환경수정(개인별 위험요인 식별 및 개인화된 환경개선) | 기대효과=주택 내 낙상 관련 위험요소 개선(위험요인 제거·수리 등) | 근거유형=체계적 문헌고찰/메타분석 | 출처=Effects of environmental modification on activities of daily living, social participation and quality of life in the older adults: a meta-analysis of randomized controlled trials",자동분류완료,
E0103,single,근력상태_의자나 침대에 앉았다가 일어나기 5회 반복,,근력상태_의자나 침대에 앉았다가 일어나기 5회 반복,,근력상태_의자나 침대에 앉았다가 일어나기 5회 반복,원문명_유지,근력상태_의자나 침대에 앉았다가 일어나기 5회 반복,침실,침실,침실,"침대 높이를 사용자의 무릎 높이에 맞춰 45?50cm로 조정하고, 침대에서 일어설 때 잡을 수 있는 탈부착식 침대 난간(손잡이)을 설치한다.",논문에서 침대 높이가 비표준(55?60cm)으로 인해 침대 관련 부상이 보고됨; 권장 높이 조정과 난간 설치로 침대에서의 앉고 일어서기(전이) 보조 및 침대에서의 낙상 관련 문제를 완화할 수 있음(논문 제안).,"공간: 침실. 개선전략: 침대 높이를 사용자의 무릎 높이에 맞춰 45?50cm로 조정하고, 침대에서 일어설 때 잡을 수 있는 탈부착식 침대 난간(손잡이)을 설치한다.. 기대효과: 논문에서 침대 높이가 비표준(55?60cm)으로 인해 침대 관련 부상이 보고됨; 권장 높이 조정과 난간 설치로 침대에서의 앉고 일어서기(전이) 보조 및 침대에서의 낙상 관련 문제를 완화할 수 있음(논문 제안).",파일럿 단면연구,탐색적/관찰 연구,1,0.333,Tier 3,TRUE,"침대, 침대 난간(손잡이)",Exploring Bedroom Usability and Accessibility in Parkinson’s Disease (PD): The Utility of a PD Home Safety Questionnaire and Implications for Adaptations.,,미확인_0.37,10.3389/fneur.2018.00360,https://doi.org/10.3389/fneur.2018.00360,"위험요인=근력상태_의자나 침대에 앉았다가 일어나기 5회 반복 | 모델요인=근력상태_의자나 침대에 앉았다가 일어나기 5회 반복 | 별칭=근력상태_의자나 침대에 앉았다가 일어나기 5회 반복 | 공간=침실 | 개선대상=침대, 침대 난간(손잡이) | 개선전략=침대 높이를 사용자의 무릎 높이에 맞춰 45?50cm로 조정하고, 침대에서 일어설 때 잡을 수 있는 탈부착식 침대 난간(손잡이)을 설치한다. | 기대효과=논문에서 침대 높이가 비표준(55?60cm)으로 인해 침대 관련 부상이 보고됨; 권장 높이 조정과 난간 설치로 침대에서의 앉고 일어서기(전이) 보조 및 침대에서의 낙상 관련 문제를 완화할 수 있음(논문 제안). | 근거유형=탐색적/관찰 연구 | 출처=Exploring Bedroom Usability and Accessibility in Parkinson’s Disease (PD): The Utility of a PD Home Safety Questionnaire and Implications for Adaptations.",자동분류완료,
E0104,single,일상생활의 불편함_시력,,시력,,시력|일상생활의 불편함_시력|시각기능,대표모델명_자동매핑,시력,욕실,욕실|침실,침실 및 침실-화장실 이동 경로,"침실과 침대에서 화장실로 가는 동선에 자동 야간 센서등 또는 저조도 야간조명을 설치하고, 활동 시 국부 조명을 통해 약 100 lx 수준의 조도를 확보할 수 있도록 조명 배치를 개선한다.",논문에서 조명 부족이 야간 이동 중 낙상에 연관되어 있다고 보고됨; 야간 센서등 및 충분한 활동 조명은 야간 시인성(길 찾기) 향상을 기대한다고 논문에서 권고.,"공간: 욕실. 개선전략: 침실과 침대에서 화장실로 가는 동선에 자동 야간 센서등 또는 저조도 야간조명을 설치하고, 활동 시 국부 조명을 통해 약 100 lx 수준의 조도를 확보할 수 있도록 조명 배치를 개선한다.. 기대효과: 논문에서 조명 부족이 야간 이동 중 낙상에 연관되어 있다고 보고됨; 야간 센서등 및 충분한 활동 조명은 야간 시인성(길 찾기) 향상을 기대한다고 논문에서 권고.",파일럿 단면연구,탐색적/관찰 연구,1,0.333,Tier 3,TRUE,"조명, 야간 센서등",Exploring Bedroom Usability and Accessibility in Parkinson’s Disease (PD): The Utility of a PD Home Safety Questionnaire and Implications for Adaptations.,,미확인_0.37,10.3389/fneur.2018.00360,https://doi.org/10.3389/fneur.2018.00360,"위험요인=시력 | 모델요인=일상생활의 불편함_시력 | 별칭=시력|일상생활의 불편함_시력|시각기능 | 공간=욕실|침실 | 개선대상=조명, 야간 센서등 | 개선전략=침실과 침대에서 화장실로 가는 동선에 자동 야간 센서등 또는 저조도 야간조명을 설치하고, 활동 시 국부 조명을 통해 약 100 lx 수준의 조도를 확보할 수 있도록 조명 배치를 개선한다. | 기대효과=논문에서 조명 부족이 야간 이동 중 낙상에 연관되어 있다고 보고됨; 야간 센서등 및 충분한 활동 조명은 야간 시인성(길 찾기) 향상을 기대한다고 논문에서 권고. | 근거유형=탐색적/관찰 연구 | 출처=Exploring Bedroom Usability and Accessibility in Parkinson’s Disease (PD): The Utility of a PD Home Safety Questionnaire and Implications for Adaptations.",자동분류완료,
E0105,single,ADL,,ADL,,ADL|일상생활수행능력,대표모델명_자동매핑,ADL,침실,침실,침실,"침대를 화장실과 가깝게 재배치하여 밤중 화장실 왕복 거리를 단축하고, 침실 내 이동 동선을 정리해 직선화한다(필요 시 침대 위치 변경으로 회전 요구 최소화).",논문에서 침대가 화장실에서 멀어 빠른 이동이 어렵다고 명시; 침대 재배치로 야간 이동거리와 복잡한 동선(여러회 회전)을 줄여 야간 이동시 발생하는 문제 상황을 완화할 수 있다고 제안.,"공간: 침실. 개선전략: 침대를 화장실과 가깝게 재배치하여 밤중 화장실 왕복 거리를 단축하고, 침실 내 이동 동선을 정리해 직선화한다(필요 시 침대 위치 변경으로 회전 요구 최소화).. 기대효과: 논문에서 침대가 화장실에서 멀어 빠른 이동이 어렵다고 명시; 침대 재배치로 야간 이동거리와 복잡한 동선(여러회 회전)을 줄여 야간 이동시 발생하는 문제 상황을 완화할 수 있다고 제안.",파일럿 단면연구,탐색적/관찰 연구,1,0.333,Tier 3,TRUE,"침대, 실내 동선",Exploring Bedroom Usability and Accessibility in Parkinson’s Disease (PD): The Utility of a PD Home Safety Questionnaire and Implications for Adaptations.,,미확인_0.37,10.3389/fneur.2018.00360,https://doi.org/10.3389/fneur.2018.00360,"위험요인=ADL | 모델요인=ADL | 별칭=ADL|일상생활수행능력 | 공간=침실 | 개선대상=침대, 실내 동선 | 개선전략=침대를 화장실과 가깝게 재배치하여 밤중 화장실 왕복 거리를 단축하고, 침실 내 이동 동선을 정리해 직선화한다(필요 시 침대 위치 변경으로 회전 요구 최소화). | 기대효과=논문에서 침대가 화장실에서 멀어 빠른 이동이 어렵다고 명시; 침대 재배치로 야간 이동거리와 복잡한 동선(여러회 회전)을 줄여 야간 이동시 발생하는 문제 상황을 완화할 수 있다고 제안. | 근거유형=탐색적/관찰 연구 | 출처=Exploring Bedroom Usability and Accessibility in Parkinson’s Disease (PD): The Utility of a PD Home Safety Questionnaire and Implications for Adaptations.",자동분류완료,
E0106,single,ADL,,ADL,,ADL|일상생활수행능력,대표모델명_자동매핑,ADL,욕실,욕실|침실,침실 및 침실-화장실 이동 경로,"침실 내 카펫·러그 등 걸림요소를 제거하고, 이동경로의 가구를 재배치하거나 고정하여 보행 경로를 확보한다(이동경로 폭 최소 90cm 확보 권고).",논문에서 카펫과 가구로 인한 걸림 및 좁은 동선이 문제로 지적됨; 카펫 제거와 가구 고정으로 걸림요소 감소 및 이동성 확보가 가능하다고 제안.,"공간: 욕실. 개선전략: 침실 내 카펫·러그 등 걸림요소를 제거하고, 이동경로의 가구를 재배치하거나 고정하여 보행 경로를 확보한다(이동경로 폭 최소 90cm 확보 권고).. 기대효과: 논문에서 카펫과 가구로 인한 걸림 및 좁은 동선이 문제로 지적됨; 카펫 제거와 가구 고정으로 걸림요소 감소 및 이동성 확보가 가능하다고 제안.",파일럿 단면연구,탐색적/관찰 연구,1,0.333,Tier 3,TRUE,"카펫, 가구, 이동경로",Exploring Bedroom Usability and Accessibility in Parkinson’s Disease (PD): The Utility of a PD Home Safety Questionnaire and Implications for Adaptations.,,미확인_0.37,10.3389/fneur.2018.00360,https://doi.org/10.3389/fneur.2018.00360,"위험요인=ADL | 모델요인=ADL | 별칭=ADL|일상생활수행능력 | 공간=욕실|침실 | 개선대상=카펫, 가구, 이동경로 | 개선전략=침실 내 카펫·러그 등 걸림요소를 제거하고, 이동경로의 가구를 재배치하거나 고정하여 보행 경로를 확보한다(이동경로 폭 최소 90cm 확보 권고). | 기대효과=논문에서 카펫과 가구로 인한 걸림 및 좁은 동선이 문제로 지적됨; 카펫 제거와 가구 고정으로 걸림요소 감소 및 이동성 확보가 가능하다고 제안. | 근거유형=탐색적/관찰 연구 | 출처=Exploring Bedroom Usability and Accessibility in Parkinson’s Disease (PD): The Utility of a PD Home Safety Questionnaire and Implications for Adaptations.",자동분류완료,
E0107,single,ADL,,ADL,,ADL|일상생활수행능력,대표모델명_자동매핑,ADL,침실,침실,침실,"미끄러운 바닥에는 논슬립 마감 또는 논슬립 매트를 적용하고, 바닥 표면 상태 점검 후 미끄럼 방지 처리를 시행한다.",논문에서 일부 가정의 미끄러운 바닥이 확인됨; 바닥의 논슬립 처리로 미끄러짐 위험을 줄일 수 있음을 제안.,"공간: 침실. 개선전략: 미끄러운 바닥에는 논슬립 마감 또는 논슬립 매트를 적용하고, 바닥 표면 상태 점검 후 미끄럼 방지 처리를 시행한다.. 기대효과: 논문에서 일부 가정의 미끄러운 바닥이 확인됨; 바닥의 논슬립 처리로 미끄러짐 위험을 줄일 수 있음을 제안.",파일럿 단면연구,탐색적/관찰 연구,1,0.333,Tier 3,TRUE,바닥,Exploring Bedroom Usability and Accessibility in Parkinson’s Disease (PD): The Utility of a PD Home Safety Questionnaire and Implications for Adaptations.,,미확인_0.37,10.3389/fneur.2018.00360,https://doi.org/10.3389/fneur.2018.00360,"위험요인=ADL | 모델요인=ADL | 별칭=ADL|일상생활수행능력 | 공간=침실 | 개선대상=바닥 | 개선전략=미끄러운 바닥에는 논슬립 마감 또는 논슬립 매트를 적용하고, 바닥 표면 상태 점검 후 미끄럼 방지 처리를 시행한다. | 기대효과=논문에서 일부 가정의 미끄러운 바닥이 확인됨; 바닥의 논슬립 처리로 미끄러짐 위험을 줄일 수 있음을 제안. | 근거유형=탐색적/관찰 연구 | 출처=Exploring Bedroom Usability and Accessibility in Parkinson’s Disease (PD): The Utility of a PD Home Safety Questionnaire and Implications for Adaptations.",자동분류완료,
E0108,single,근력상태_의자나 침대에 앉았다가 일어나기 5회 반복,,근력상태_의자나 침대에 앉았다가 일어나기 5회 반복,,근력상태_의자나 침대에 앉았다가 일어나기 5회 반복,원문명_유지,근력상태_의자나 침대에 앉았다가 일어나기 5회 반복,욕실,욕실|침실,침실 및 인접 욕실 입구,"침대 주변 및 침대와 화장실 사이의 전환지점(예: 문틀, 좌변기 옆 등)에 보조 손잡이(그랩바)를 설치하여 일어섬과 회전 동작을 보조한다.",논문에서 침실 내 손잡이 부재가 지적됨; 보조 손잡이 설치는 침대-화장실 전환 시 지지 제공으로 전이 동작 보조에 도움이 된다고 제안.,"공간: 욕실. 개선전략: 침대 주변 및 침대와 화장실 사이의 전환지점(예: 문틀, 좌변기 옆 등)에 보조 손잡이(그랩바)를 설치하여 일어섬과 회전 동작을 보조한다.. 기대효과: 논문에서 침실 내 손잡이 부재가 지적됨; 보조 손잡이 설치는 침대-화장실 전환 시 지지 제공으로 전이 동작 보조에 도움이 된다고 제안.",파일럿 단면연구,탐색적/관찰 연구,1,0.333,Tier 3,TRUE,손잡이(그랩바),Exploring Bedroom Usability and Accessibility in Parkinson’s Disease (PD): The Utility of a PD Home Safety Questionnaire and Implications for Adaptations.,,미확인_0.37,10.3389/fneur.2018.00360,https://doi.org/10.3389/fneur.2018.00360,"위험요인=근력상태_의자나 침대에 앉았다가 일어나기 5회 반복 | 모델요인=근력상태_의자나 침대에 앉았다가 일어나기 5회 반복 | 별칭=근력상태_의자나 침대에 앉았다가 일어나기 5회 반복 | 공간=욕실|침실 | 개선대상=손잡이(그랩바) | 개선전략=침대 주변 및 침대와 화장실 사이의 전환지점(예: 문틀, 좌변기 옆 등)에 보조 손잡이(그랩바)를 설치하여 일어섬과 회전 동작을 보조한다. | 기대효과=논문에서 침실 내 손잡이 부재가 지적됨; 보조 손잡이 설치는 침대-화장실 전환 시 지지 제공으로 전이 동작 보조에 도움이 된다고 제안. | 근거유형=탐색적/관찰 연구 | 출처=Exploring Bedroom Usability and Accessibility in Parkinson’s Disease (PD): The Utility of a PD Home Safety Questionnaire and Implications for Adaptations.",자동분류완료,
E0109,single,동작수행 어려움_쉬지않고 10계단 오르기,,동작수행 어려움_쉬지않고 10계단 오르기,,동작수행 어려움_쉬지않고 10계단 오르기,원문명_유지,동작수행 어려움_쉬지않고 10계단 오르기,계단,계단|주거 외부,내부 계단 / 외부 계단,내부 계단 및 외부 접근 계단에 손잡이(난간) 설치 및 외부 계단의 파손·흠집 소규모 수리(안정적 보수),"계단 이용 시 지지성 향상으로 계단 관련 낙상 위험 완화. 연구의 패키지 개입에서 낙상 관련 의학적 치료 필요 상해율 전체 26% 감소, 개입 특이 상해 39% 감소(연구 결과)","공간: 계단. 개선전략: 내부 계단 및 외부 접근 계단에 손잡이(난간) 설치 및 외부 계단의 파손·흠집 소규모 수리(안정적 보수). 기대효과: 계단 이용 시 지지성 향상으로 계단 관련 낙상 위험 완화. 연구의 패키지 개입에서 낙상 관련 의학적 치료 필요 상해율 전체 26% 감소, 개입 특이 상해 39% 감소(연구 결과)",cluster-randomised controlled trial,무작위 대조시험,3,1.000,Tier 1,TRUE,"계단 손잡이(난간), 계단 구조(단차·파손 부위)",Home modifications to reduce injuries from falls in the Home Injury Prevention Intervention (HIPI) study: a cluster-randomised controlled trial,,미확인_0.41,10.1016/S0140-6736(14)61006-0,https://doi.org/10.1016/S0140-6736(14)61006-0,"위험요인=동작수행 어려움_쉬지않고 10계단 오르기 | 모델요인=동작수행 어려움_쉬지않고 10계단 오르기 | 별칭=동작수행 어려움_쉬지않고 10계단 오르기 | 공간=계단|주거 외부 | 개선대상=계단 손잡이(난간), 계단 구조(단차·파손 부위) | 개선전략=내부 계단 및 외부 접근 계단에 손잡이(난간) 설치 및 외부 계단의 파손·흠집 소규모 수리(안정적 보수) | 기대효과=계단 이용 시 지지성 향상으로 계단 관련 낙상 위험 완화. 연구의 패키지 개입에서 낙상 관련 의학적 치료 필요 상해율 전체 26% 감소, 개입 특이 상해 39% 감소(연구 결과) | 근거유형=무작위 대조시험 | 출처=Home modifications to reduce injuries from falls in the Home Injury Prevention Intervention (HIPI) study: a cluster-randomised controlled trial",자동분류완료,
E0110,single,근력상태_의자나 침대에 앉았다가 일어나기 5회 반복,,근력상태_의자나 침대에 앉았다가 일어나기 5회 반복,,근력상태_의자나 침대에 앉았다가 일어나기 5회 반복,원문명_유지,근력상태_의자나 침대에 앉았다가 일어나기 5회 반복,욕실,욕실,욕실 / 화장실,욕실 및 화장실의 변기·욕조 주변에 잡고 일어설 수 있는 안전손잡이(그랩레일) 설치 및 비미끄럼 욕실 매트 제공,전이·기립(일어나기/앉기) 시 지지성 제공으로 욕실 내 전이 관련 낙상 위험 감소(연구의 패키지 개입에서 개입 특이 상해 및 전체 낙상상해 감소 관찰),공간: 욕실. 개선전략: 욕실 및 화장실의 변기·욕조 주변에 잡고 일어설 수 있는 안전손잡이(그랩레일) 설치 및 비미끄럼 욕실 매트 제공. 기대효과: 전이·기립(일어나기/앉기) 시 지지성 제공으로 욕실 내 전이 관련 낙상 위험 감소(연구의 패키지 개입에서 개입 특이 상해 및 전체 낙상상해 감소 관찰),cluster-randomised controlled trial,무작위 대조시험,3,1.000,Tier 1,TRUE,"욕실/변기용 손잡이, 욕실 매트",Home modifications to reduce injuries from falls in the Home Injury Prevention Intervention (HIPI) study: a cluster-randomised controlled trial,,미확인_0.41,10.1016/S0140-6736(14)61006-0,https://doi.org/10.1016/S0140-6736(14)61006-0,"위험요인=근력상태_의자나 침대에 앉았다가 일어나기 5회 반복 | 모델요인=근력상태_의자나 침대에 앉았다가 일어나기 5회 반복 | 별칭=근력상태_의자나 침대에 앉았다가 일어나기 5회 반복 | 공간=욕실 | 개선대상=욕실/변기용 손잡이, 욕실 매트 | 개선전략=욕실 및 화장실의 변기·욕조 주변에 잡고 일어설 수 있는 안전손잡이(그랩레일) 설치 및 비미끄럼 욕실 매트 제공 | 기대효과=전이·기립(일어나기/앉기) 시 지지성 제공으로 욕실 내 전이 관련 낙상 위험 감소(연구의 패키지 개입에서 개입 특이 상해 및 전체 낙상상해 감소 관찰) | 근거유형=무작위 대조시험 | 출처=Home modifications to reduce injuries from falls in the Home Injury Prevention Intervention (HIPI) study: a cluster-randomised controlled trial",자동분류완료,
E0111,single,낙상 경험,,낙상 경험,,낙상 경험|낙상경험|과거 낙상,대표모델명_자동매핑,낙상 경험,현관,현관|주거 외부,데크 / 현관 / 외부 통로,"데크·현관·외부 통로에 미끄럼 방지 표면(슬립-저항 서피싱) 적용 및 외부 계단에 고가시성·미끄럼 방지 엣지 설치, 외부 조명 개선","외부 공간에서의 미끄럼·넘어짐 위험 저감으로 외부지역 관련 낙상상해 감소에 기여(연구의 패키지 개입에서 개입 특이 상해 39% 감소, 전체 낙상상해 26% 감소 보고)","공간: 현관. 개선전략: 데크·현관·외부 통로에 미끄럼 방지 표면(슬립-저항 서피싱) 적용 및 외부 계단에 고가시성·미끄럼 방지 엣지 설치, 외부 조명 개선. 기대효과: 외부 공간에서의 미끄럼·넘어짐 위험 저감으로 외부지역 관련 낙상상해 감소에 기여(연구의 패키지 개입에서 개입 특이 상해 39% 감소, 전체 낙상상해 26% 감소 보고)",cluster-randomised controlled trial,무작위 대조시험,3,1.000,Tier 1,TRUE,"데크 및 외부 바닥 표면, 계단 엣지, 외부 조명",Home modifications to reduce injuries from falls in the Home Injury Prevention Intervention (HIPI) study: a cluster-randomised controlled trial,,미확인_0.41,10.1016/S0140-6736(14)61006-0,https://doi.org/10.1016/S0140-6736(14)61006-0,"위험요인=낙상 경험 | 모델요인=낙상 경험 | 별칭=낙상 경험|낙상경험|과거 낙상 | 공간=현관|주거 외부 | 개선대상=데크 및 외부 바닥 표면, 계단 엣지, 외부 조명 | 개선전략=데크·현관·외부 통로에 미끄럼 방지 표면(슬립-저항 서피싱) 적용 및 외부 계단에 고가시성·미끄럼 방지 엣지 설치, 외부 조명 개선 | 기대효과=외부 공간에서의 미끄럼·넘어짐 위험 저감으로 외부지역 관련 낙상상해 감소에 기여(연구의 패키지 개입에서 개입 특이 상해 39% 감소, 전체 낙상상해 26% 감소 보고) | 근거유형=무작위 대조시험 | 출처=Home modifications to reduce injuries from falls in the Home Injury Prevention Intervention (HIPI) study: a cluster-randomised controlled trial",자동분류완료,
E0112,single,일상생활의 불편함_시력,,시력,,시력|일상생활의 불편함_시력|시각기능,대표모델명_자동매핑,시력,계단,계단|주거 외부,외부 계단 / 외부 통로,외부 계단 모서리에 고가시성(색 대비) 엣지 적용 및 충분한 외부조명(주택 외부 접근로·계단 조명) 설치로 야간·저시력 시 계단 시인성 향상,야간 및 저시력 상황에서 계단·통로의 시인성 향상으로 시인성 관련 사고 위험 감소에 기여(연구 패키지에서 개입 관련 상해 감소 관찰),공간: 계단. 개선전략: 외부 계단 모서리에 고가시성(색 대비) 엣지 적용 및 충분한 외부조명(주택 외부 접근로·계단 조명) 설치로 야간·저시력 시 계단 시인성 향상. 기대효과: 야간 및 저시력 상황에서 계단·통로의 시인성 향상으로 시인성 관련 사고 위험 감소에 기여(연구 패키지에서 개입 관련 상해 감소 관찰),cluster-randomised controlled trial,무작위 대조시험,3,1.000,Tier 1,TRUE,"계단 엣지(고가시성 처리), 외부 조명",Home modifications to reduce injuries from falls in the Home Injury Prevention Intervention (HIPI) study: a cluster-randomised controlled trial,,미확인_0.41,10.1016/S0140-6736(14)61006-0,https://doi.org/10.1016/S0140-6736(14)61006-0,"위험요인=시력 | 모델요인=일상생활의 불편함_시력 | 별칭=시력|일상생활의 불편함_시력|시각기능 | 공간=계단|주거 외부 | 개선대상=계단 엣지(고가시성 처리), 외부 조명 | 개선전략=외부 계단 모서리에 고가시성(색 대비) 엣지 적용 및 충분한 외부조명(주택 외부 접근로·계단 조명) 설치로 야간·저시력 시 계단 시인성 향상 | 기대효과=야간 및 저시력 상황에서 계단·통로의 시인성 향상으로 시인성 관련 사고 위험 감소에 기여(연구 패키지에서 개입 관련 상해 감소 관찰) | 근거유형=무작위 대조시험 | 출처=Home modifications to reduce injuries from falls in the Home Injury Prevention Intervention (HIPI) study: a cluster-randomised controlled trial",자동분류완료,
E0113,single,동작수행 어려움_몸 구부리거나 쭈그려 앉거나 무릎 꿇기,,동작수행 어려움_몸 구부리거나 쭈그려 앉거나 무릎 꿇기,,동작수행 어려움_몸 구부리거나 쭈그려 앉거나 무릎 꿇기,원문명_유지,동작수행 어려움_몸 구부리거나 쭈그려 앉거나 무릎 꿇기,주거공간 전반,주거공간 전반,주거공간 전반(실내 바닥),실내 카펫·매트의 들뜸 부분 고정 및 들뜸 가장자리 수리(매트·카펫 모서리 고정)하여 걸림(trip) 위험 제거,걸림으로 인한 전도 위험 감소로 가정 내 낙상상해 위험 완화(연구 패키지 개입에서 개입 특이 상해 및 전체 낙상상해 감소 관찰),공간: 주거공간 전반. 개선전략: 실내 카펫·매트의 들뜸 부분 고정 및 들뜸 가장자리 수리(매트·카펫 모서리 고정)하여 걸림(trip) 위험 제거. 기대효과: 걸림으로 인한 전도 위험 감소로 가정 내 낙상상해 위험 완화(연구 패키지 개입에서 개입 특이 상해 및 전체 낙상상해 감소 관찰),cluster-randomised controlled trial,무작위 대조시험,3,1.000,Tier 1,TRUE,"카펫 가장자리, 매트",Home modifications to reduce injuries from falls in the Home Injury Prevention Intervention (HIPI) study: a cluster-randomised controlled trial,,미확인_0.41,10.1016/S0140-6736(14)61006-0,https://doi.org/10.1016/S0140-6736(14)61006-0,"위험요인=동작수행 어려움_몸 구부리거나 쭈그려 앉거나 무릎 꿇기 | 모델요인=동작수행 어려움_몸 구부리거나 쭈그려 앉거나 무릎 꿇기 | 별칭=동작수행 어려움_몸 구부리거나 쭈그려 앉거나 무릎 꿇기 | 공간=주거공간 전반 | 개선대상=카펫 가장자리, 매트 | 개선전략=실내 카펫·매트의 들뜸 부분 고정 및 들뜸 가장자리 수리(매트·카펫 모서리 고정)하여 걸림(trip) 위험 제거 | 기대효과=걸림으로 인한 전도 위험 감소로 가정 내 낙상상해 위험 완화(연구 패키지 개입에서 개입 특이 상해 및 전체 낙상상해 감소 관찰) | 근거유형=무작위 대조시험 | 출처=Home modifications to reduce injuries from falls in the Home Injury Prevention Intervention (HIPI) study: a cluster-randomised controlled trial",자동분류완료,
E0114,single,노인 조사 대상자 만연령,,연령,,연령|노인 조사 대상자 만연령|만연령,대표모델명_자동매핑,연령,주거공간 전반,주거공간 전반,주거공간 전반,"고위험 주거 요소에 대한 일괄적 구조적 개선(외부·내부 계단 손잡이 설치, 욕실·화장실 손잡이 설치, 외부 조명 개선, 계단 엣지 고가시성·미끄럼 방지 처리, 카펫·매트 고정, 욕실 비미끄럼 매트, 데크 표면 미끄럼 방지)",모든 연령층 거주자를 대상으로 한 주거환경 안전성 향상으로 연구에서 패키지 적용 시 낙상 관련 의학적 치료 필요 상해율 26% 감소 및 개입 특이 상해 39% 감소 관찰,"공간: 주거공간 전반. 개선전략: 고위험 주거 요소에 대한 일괄적 구조적 개선(외부·내부 계단 손잡이 설치, 욕실·화장실 손잡이 설치, 외부 조명 개선, 계단 엣지 고가시성·미끄럼 방지 처리, 카펫·매트 고정, 욕실 비미끄럼 매트, 데크 표면 미끄럼 방지). 기대효과: 모든 연령층 거주자를 대상으로 한 주거환경 안전성 향상으로 연구에서 패키지 적용 시 낙상 관련 의학적 치료 필요 상해율 26% 감소 및 개입 특이 상해 39% 감소 관찰",cluster-randomised controlled trial,무작위 대조시험,3,1.000,Tier 1,TRUE,"손잡이, 조명, 계단 엣지, 카펫/매트, 욕실 매트, 데크 표면",Home modifications to reduce injuries from falls in the Home Injury Prevention Intervention (HIPI) study: a cluster-randomised controlled trial,,미확인_0.41,10.1016/S0140-6736(14)61006-0,https://doi.org/10.1016/S0140-6736(14)61006-0,"위험요인=연령 | 모델요인=노인 조사 대상자 만연령 | 별칭=연령|노인 조사 대상자 만연령|만연령 | 공간=주거공간 전반 | 개선대상=손잡이, 조명, 계단 엣지, 카펫/매트, 욕실 매트, 데크 표면 | 개선전략=고위험 주거 요소에 대한 일괄적 구조적 개선(외부·내부 계단 손잡이 설치, 욕실·화장실 손잡이 설치, 외부 조명 개선, 계단 엣지 고가시성·미끄럼 방지 처리, 카펫·매트 고정, 욕실 비미끄럼 매트, 데크 표면 미끄럼 방지) | 기대효과=모든 연령층 거주자를 대상으로 한 주거환경 안전성 향상으로 연구에서 패키지 적용 시 낙상 관련 의학적 치료 필요 상해율 26% 감소 및 개입 특이 상해 39% 감소 관찰 | 근거유형=무작위 대조시험 | 출처=Home modifications to reduce injuries from falls in the Home Injury Prevention Intervention (HIPI) study: a cluster-randomised controlled trial",자동분류완료,
E0115,single,일상생활의 불편함_시력,,시력,,시력|일상생활의 불편함_시력|시각기능,대표모델명_자동매핑,시력,주거공간 전반,주거공간 전반,주거공간 전반,"주거 내부의 조도 수준을 전반적으로 향상시키고, 주거 내 주요 활동 공간(거실·주방·욕실·복도 등)에서 작업·주간 조명 및 보조 조명을 설치하여 조도를 최소 30 footcandles 이상으로 유지",조도가 10배 증가할 때 연간 낙상률이 35% 감소와 연관; 조도가 30 footcandles 이상일 때 조도 <30 footcandles 대비 연간 낙상률이 약 50% 감소(연구 보고값),"공간: 주거공간 전반. 개선전략: 주거 내부의 조도 수준을 전반적으로 향상시키고, 주거 내 주요 활동 공간(거실·주방·욕실·복도 등)에서 작업·주간 조명 및 보조 조명을 설치하여 조도를 최소 30 footcandles 이상으로 유지. 기대효과: 조도가 10배 증가할 때 연간 낙상률이 35% 감소와 연관; 조도가 30 footcandles 이상일 때 조도 <30 footcandles 대비 연간 낙상률이 약 50% 감소(연구 보고값)",코호트 연구,코호트/비무작위 중재연구,2,0.667,Tier 2,TRUE,조명,The relationship between the home environment and falls for older adults with visual impairments,,미확인_0.50,,,"위험요인=시력 | 모델요인=일상생활의 불편함_시력 | 별칭=시력|일상생활의 불편함_시력|시각기능 | 공간=주거공간 전반 | 개선대상=조명 | 개선전략=주거 내부의 조도 수준을 전반적으로 향상시키고, 주거 내 주요 활동 공간(거실·주방·욕실·복도 등)에서 작업·주간 조명 및 보조 조명을 설치하여 조도를 최소 30 footcandles 이상으로 유지 | 기대효과=조도가 10배 증가할 때 연간 낙상률이 35% 감소와 연관; 조도가 30 footcandles 이상일 때 조도 <30 footcandles 대비 연간 낙상률이 약 50% 감소(연구 보고값) | 근거유형=코호트/비무작위 중재연구 | 출처=The relationship between the home environment and falls for older adults with visual impairments",자동분류완료,
E0116,single,일상생활의 불편함_시력,,시력,,시력|일상생활의 불편함_시력|시각기능,대표모델명_자동매핑,시력,주거공간 전반,주거공간 전반,주거공간 전반,시각장애인 거주 가정에 대해 검증된 가정환경 평가 도구(HEAVI)를 사용해 실내의 낙상 관련 위험요소 개수를 정량적으로 평가,HEAVI로 정량화한 위험요소의 수 또는 위험 품목 비율은 연간 낙상 건수와 유의한 관련이 없음(연구 결과),공간: 주거공간 전반. 개선전략: 시각장애인 거주 가정에 대해 검증된 가정환경 평가 도구(HEAVI)를 사용해 실내의 낙상 관련 위험요소 개수를 정량적으로 평가. 기대효과: HEAVI로 정량화한 위험요소의 수 또는 위험 품목 비율은 연간 낙상 건수와 유의한 관련이 없음(연구 결과),코호트 연구,코호트/비무작위 중재연구,2,0.667,Tier 2,TRUE,,The relationship between the home environment and falls for older adults with visual impairments,,미확인_0.50,,,위험요인=시력 | 모델요인=일상생활의 불편함_시력 | 별칭=시력|일상생활의 불편함_시력|시각기능 | 공간=주거공간 전반 | 개선대상= | 개선전략=시각장애인 거주 가정에 대해 검증된 가정환경 평가 도구(HEAVI)를 사용해 실내의 낙상 관련 위험요소 개수를 정량적으로 평가 | 기대효과=HEAVI로 정량화한 위험요소의 수 또는 위험 품목 비율은 연간 낙상 건수와 유의한 관련이 없음(연구 결과) | 근거유형=코호트/비무작위 중재연구 | 출처=The relationship between the home environment and falls for older adults with visual impairments,자동분류완료,
E0117,single,ADL,,ADL,,ADL|일상생활수행능력,대표모델명_자동매핑,ADL,주거공간 전반,주거공간 전반,주거공간 전반,주거 재고에서 가장 빈번하게 요구되는 주거적응(Housing Adaptations)에 해당하는 환경장벽(environmental barriers)을 식별하여 우선 제거하도록 계획 수립 ? 특히 일가구(단독주택)와 1960년 이전 건물에 우선 적용,노화 과정에서 독립적 생활 여건 개선(주거환경 장벽 제거로 독립성 향상 가능성 제시),공간: 주거공간 전반. 개선전략: 주거 재고에서 가장 빈번하게 요구되는 주거적응(Housing Adaptations)에 해당하는 환경장벽(environmental barriers)을 식별하여 우선 제거하도록 계획 수립 ? 특히 일가구(단독주택)와 1960년 이전 건물에 우선 적용. 기대효과: 노화 과정에서 독립적 생활 여건 개선(주거환경 장벽 제거로 독립성 향상 가능성 제시),시뮬레이션 연구,탐색적/관찰 연구,1,0.333,Tier 3,TRUE,,THE SWEDISH SYSTEM FOR HOUSING ADAPTATIONS: PROJECTIONS FOR THE FUTURE BY SIMULATED SCENARIOS,,미확인_0.36,,,위험요인=ADL | 모델요인=ADL | 별칭=ADL|일상생활수행능력 | 공간=주거공간 전반 | 개선대상= | 개선전략=주거 재고에서 가장 빈번하게 요구되는 주거적응(Housing Adaptations)에 해당하는 환경장벽(environmental barriers)을 식별하여 우선 제거하도록 계획 수립 ? 특히 일가구(단독주택)와 1960년 이전 건물에 우선 적용 | 기대효과=노화 과정에서 독립적 생활 여건 개선(주거환경 장벽 제거로 독립성 향상 가능성 제시) | 근거유형=탐색적/관찰 연구 | 출처=THE SWEDISH SYSTEM FOR HOUSING ADAPTATIONS: PROJECTIONS FOR THE FUTURE BY SIMULATED SCENARIOS,자동분류완료,
E0118,single,ADL,,ADL,,ADL|일상생활수행능력,대표모델명_자동매핑,ADL,주거공간 전반,주거공간 전반,가정(지역사회 거주지),매뉴얼화된 집중적 홈 모디피케이션 제공: 개인 및 환경에 대한 포괄적 평가 후 요구에 맞춘 환경적 적응(주거 개조)을 시행하고 개조물 사용법에 대한 교육을 제공,"기능 수행 능력 향상(평가 기반 성능지표 및 자가 보고에서 6개월 시점 향상, 12개월까지 유지됨)","공간: 주거공간 전반. 개선전략: 매뉴얼화된 집중적 홈 모디피케이션 제공: 개인 및 환경에 대한 포괄적 평가 후 요구에 맞춘 환경적 적응(주거 개조)을 시행하고 개조물 사용법에 대한 교육을 제공. 기대효과: 기능 수행 능력 향상(평가 기반 성능지표 및 자가 보고에서 6개월 시점 향상, 12개월까지 유지됨)",무작위 대조시험,무작위 대조시험,3,1.000,Tier 1,TRUE,,HOME MODIFICATIONS FOR FRAIL COMMUNITY DWELLING OLDER ADULTS IN THE U.S.,,미확인_0.70,,,"위험요인=ADL | 모델요인=ADL | 별칭=ADL|일상생활수행능력 | 공간=주거공간 전반 | 개선대상= | 개선전략=매뉴얼화된 집중적 홈 모디피케이션 제공: 개인 및 환경에 대한 포괄적 평가 후 요구에 맞춘 환경적 적응(주거 개조)을 시행하고 개조물 사용법에 대한 교육을 제공 | 기대효과=기능 수행 능력 향상(평가 기반 성능지표 및 자가 보고에서 6개월 시점 향상, 12개월까지 유지됨) | 근거유형=무작위 대조시험 | 출처=HOME MODIFICATIONS FOR FRAIL COMMUNITY DWELLING OLDER ADULTS IN THE U.S.",자동분류완료,
E0119,single,낙상 경험,,낙상 경험,,낙상 경험|낙상경험|과거 낙상,대표모델명_자동매핑,낙상 경험,주거공간 전반,주거공간 전반,가정(지역사회 거주지),매뉴얼화된 집중적 홈 모디피케이션(개별평가 기반 환경적응 및 사용 교육) 제공,낙상 위험 감소 및 보호자 관련 결과 개선(연구에서 보고됨),공간: 주거공간 전반. 개선전략: 매뉴얼화된 집중적 홈 모디피케이션(개별평가 기반 환경적응 및 사용 교육) 제공. 기대효과: 낙상 위험 감소 및 보호자 관련 결과 개선(연구에서 보고됨),무작위 대조시험,무작위 대조시험,3,1.000,Tier 1,TRUE,,HOME MODIFICATIONS FOR FRAIL COMMUNITY DWELLING OLDER ADULTS IN THE U.S.,,미확인_0.70,,,위험요인=낙상 경험 | 모델요인=낙상 경험 | 별칭=낙상 경험|낙상경험|과거 낙상 | 공간=주거공간 전반 | 개선대상= | 개선전략=매뉴얼화된 집중적 홈 모디피케이션(개별평가 기반 환경적응 및 사용 교육) 제공 | 기대효과=낙상 위험 감소 및 보호자 관련 결과 개선(연구에서 보고됨) | 근거유형=무작위 대조시험 | 출처=HOME MODIFICATIONS FOR FRAIL COMMUNITY DWELLING OLDER ADULTS IN THE U.S.,자동분류완료,
E0120,single,독거 또는 사회적 고립,,독거 또는 사회적 고립,,독거 또는 사회적 고립|독거|사회적 고립,대표모델명_자동매핑,독거 또는 사회적 고립,주거공간 전반,주거공간 전반,주거공간 전반,소비자 관점을 반영한 주거수정 설계: 수정의 비용·외관(심미성)·생활 적합성을 고려하여 거주자의 자율성과 역할(활동)을 유지·지원하도록 맞춤화 및 제공,"수정 수용성 향상, 거주 지속 능력 강화 및 자아감·자유감에 대한 긍정적 영향(질적 연구에서 참여자 보고)","공간: 주거공간 전반. 개선전략: 소비자 관점을 반영한 주거수정 설계: 수정의 비용·외관(심미성)·생활 적합성을 고려하여 거주자의 자율성과 역할(활동)을 유지·지원하도록 맞춤화 및 제공. 기대효과: 수정 수용성 향상, 거주 지속 능력 강화 및 자아감·자유감에 대한 긍정적 영향(질적 연구에서 참여자 보고)",질적 연구,탐색적/관찰 연구,1,0.333,Tier 3,TRUE,,AUSTRALIAN CONSUMER PERSPECTIVES ON HOME MODIFICATIONS: CONSIDERATIONS FOR OUTCOME MEASUREMENT,,미확인_0.42,,,"위험요인=독거 또는 사회적 고립 | 모델요인=독거 또는 사회적 고립 | 별칭=독거 또는 사회적 고립|독거|사회적 고립 | 공간=주거공간 전반 | 개선대상= | 개선전략=소비자 관점을 반영한 주거수정 설계: 수정의 비용·외관(심미성)·생활 적합성을 고려하여 거주자의 자율성과 역할(활동)을 유지·지원하도록 맞춤화 및 제공 | 기대효과=수정 수용성 향상, 거주 지속 능력 강화 및 자아감·자유감에 대한 긍정적 영향(질적 연구에서 참여자 보고) | 근거유형=탐색적/관찰 연구 | 출처=AUSTRALIAN CONSUMER PERSPECTIVES ON HOME MODIFICATIONS: CONSIDERATIONS FOR OUTCOME MEASUREMENT",자동분류완료,
E0121,single,동작수행 어려움_쉬지않고 10계단 오르기,,동작수행 어려움_쉬지않고 10계단 오르기,,동작수행 어려움_쉬지않고 10계단 오르기,원문명_유지,동작수행 어려움_쉬지않고 10계단 오르기,계단,계단,계단,U자형 계단(U-shape)을 우선 설계(복합·나선형 계단 회피).,문헌 근거로 U자형이 노인의 낙상 위험을 최적으로 감소시키는 설계로 평가됨.,공간: 계단. 개선전략: U자형 계단(U-shape)을 우선 설계(복합·나선형 계단 회피).. 기대효과: 문헌 근거로 U자형이 노인의 낙상 위험을 최적으로 감소시키는 설계로 평가됨.,,미분류,,,검토 필요,FALSE,계단,Integrated approach for older adult friendly home stair-case design,Integrated_approach_for_older_adult_friendly_home_stair-case_design.pdf,자동매칭_0.94,,,위험요인=동작수행 어려움_쉬지않고 10계단 오르기 | 모델요인=동작수행 어려움_쉬지않고 10계단 오르기 | 별칭=동작수행 어려움_쉬지않고 10계단 오르기 | 공간=계단 | 개선대상=계단 | 개선전략=U자형 계단(U-shape)을 우선 설계(복합·나선형 계단 회피). | 기대효과=문헌 근거로 U자형이 노인의 낙상 위험을 최적으로 감소시키는 설계로 평가됨. | 근거유형=미분류 | 출처=Integrated approach for older adult friendly home stair-case design,검토필요_근거유형없음,원문 논문에서 연구설계를 확인한 뒤 evidence_score를 입력해야 함
E0122,single,동작수행 어려움_쉬지않고 10계단 오르기,,동작수행 어려움_쉬지않고 10계단 오르기,,동작수행 어려움_쉬지않고 10계단 오르기,원문명_유지,동작수행 어려움_쉬지않고 10계단 오르기,계단,계단,계단,"한 편의 비행당 계단 수를 10~12계단으로 설계하거나, 비행이 긴 경우 중간에 휴계(landing)를 추가하여 각 비행을 10~12계단으로 분할.",문헌에서 10~12계단 구성이 노인의 낙상 위험을 최적으로 낮추는 시나리오로 제시됨.,"공간: 계단. 개선전략: 한 편의 비행당 계단 수를 10~12계단으로 설계하거나, 비행이 긴 경우 중간에 휴계(landing)를 추가하여 각 비행을 10~12계단으로 분할.. 기대효과: 문헌에서 10~12계단 구성이 노인의 낙상 위험을 최적으로 낮추는 시나리오로 제시됨.",,미분류,,,검토 필요,FALSE,계단(비행당 계단수),Integrated approach for older adult friendly home stair-case design,Integrated_approach_for_older_adult_friendly_home_stair-case_design.pdf,자동매칭_0.94,,,"위험요인=동작수행 어려움_쉬지않고 10계단 오르기 | 모델요인=동작수행 어려움_쉬지않고 10계단 오르기 | 별칭=동작수행 어려움_쉬지않고 10계단 오르기 | 공간=계단 | 개선대상=계단(비행당 계단수) | 개선전략=한 편의 비행당 계단 수를 10~12계단으로 설계하거나, 비행이 긴 경우 중간에 휴계(landing)를 추가하여 각 비행을 10~12계단으로 분할. | 기대효과=문헌에서 10~12계단 구성이 노인의 낙상 위험을 최적으로 낮추는 시나리오로 제시됨. | 근거유형=미분류 | 출처=Integrated approach for older adult friendly home stair-case design",검토필요_근거유형없음,원문 논문에서 연구설계를 확인한 뒤 evidence_score를 입력해야 함
E0123,single,동작수행 어려움_쉬지않고 10계단 오르기,,동작수행 어려움_쉬지않고 10계단 오르기,,동작수행 어려움_쉬지않고 10계단 오르기,원문명_유지,동작수행 어려움_쉬지않고 10계단 오르기,계단,계단,계단,계단 양쪽에 손잡이(handrail)를 설치(가능하면 양측 모두 설치).,양측 손잡이 설치가 노인의 안전을 최적으로 향상시키는 것으로 보고됨.,공간: 계단. 개선전략: 계단 양쪽에 손잡이(handrail)를 설치(가능하면 양측 모두 설치).. 기대효과: 양측 손잡이 설치가 노인의 안전을 최적으로 향상시키는 것으로 보고됨.,,미분류,,,검토 필요,FALSE,손잡이,Integrated approach for older adult friendly home stair-case design,Integrated_approach_for_older_adult_friendly_home_stair-case_design.pdf,자동매칭_0.94,,,위험요인=동작수행 어려움_쉬지않고 10계단 오르기 | 모델요인=동작수행 어려움_쉬지않고 10계단 오르기 | 별칭=동작수행 어려움_쉬지않고 10계단 오르기 | 공간=계단 | 개선대상=손잡이 | 개선전략=계단 양쪽에 손잡이(handrail)를 설치(가능하면 양측 모두 설치). | 기대효과=양측 손잡이 설치가 노인의 안전을 최적으로 향상시키는 것으로 보고됨. | 근거유형=미분류 | 출처=Integrated approach for older adult friendly home stair-case design,검토필요_근거유형없음,원문 논문에서 연구설계를 확인한 뒤 evidence_score를 입력해야 함
E0124,single,동작수행 어려움_쉬지않고 10계단 오르기,,동작수행 어려움_쉬지않고 10계단 오르기,,동작수행 어려움_쉬지않고 10계단 오르기,원문명_유지,동작수행 어려움_쉬지않고 10계단 오르기,계단,계단,계단,"손잡이 높이를 기준범위 910~970 mm로 설치(970~1000 mm는 중간 수준, ≤910 또는 ≥1000 mm는 비권장).",문헌에서 910?970 mm를 최적 손잡이 높이로 보고하여 잡기 용이성과 안정성 향상이 기대됨.,"공간: 계단. 개선전략: 손잡이 높이를 기준범위 910~970 mm로 설치(970~1000 mm는 중간 수준, ≤910 또는 ≥1000 mm는 비권장).. 기대효과: 문헌에서 910?970 mm를 최적 손잡이 높이로 보고하여 잡기 용이성과 안정성 향상이 기대됨.",,미분류,,,검토 필요,FALSE,손잡이(높이),Integrated approach for older adult friendly home stair-case design,Integrated_approach_for_older_adult_friendly_home_stair-case_design.pdf,자동매칭_0.94,,,"위험요인=동작수행 어려움_쉬지않고 10계단 오르기 | 모델요인=동작수행 어려움_쉬지않고 10계단 오르기 | 별칭=동작수행 어려움_쉬지않고 10계단 오르기 | 공간=계단 | 개선대상=손잡이(높이) | 개선전략=손잡이 높이를 기준범위 910~970 mm로 설치(970~1000 mm는 중간 수준, ≤910 또는 ≥1000 mm는 비권장). | 기대효과=문헌에서 910?970 mm를 최적 손잡이 높이로 보고하여 잡기 용이성과 안정성 향상이 기대됨. | 근거유형=미분류 | 출처=Integrated approach for older adult friendly home stair-case design",검토필요_근거유형없음,원문 논문에서 연구설계를 확인한 뒤 evidence_score를 입력해야 함
E0125,single,동작수행 어려움_쉬지않고 10계단 오르기,,동작수행 어려움_쉬지않고 10계단 오르기,,동작수행 어려움_쉬지않고 10계단 오르기,원문명_유지,동작수행 어려움_쉬지않고 10계단 오르기,계단,계단,계단,"손잡이 단면을 원형(둘레 100?160 mm, 직경 약 32?51 mm) 또는 타원형(50 mm×37 mm)으로 선정하여 잡기 쉬운 단면 제공.",문헌에서 해당 단면이 잡기(그립감)를 최적으로 제공하여 안전성 향상에 기여하는 것으로 평가됨.,"공간: 계단. 개선전략: 손잡이 단면을 원형(둘레 100?160 mm, 직경 약 32?51 mm) 또는 타원형(50 mm×37 mm)으로 선정하여 잡기 쉬운 단면 제공.. 기대효과: 문헌에서 해당 단면이 잡기(그립감)를 최적으로 제공하여 안전성 향상에 기여하는 것으로 평가됨.",,미분류,,,검토 필요,FALSE,손잡이(단면),Integrated approach for older adult friendly home stair-case design,Integrated_approach_for_older_adult_friendly_home_stair-case_design.pdf,자동매칭_0.94,,,"위험요인=동작수행 어려움_쉬지않고 10계단 오르기 | 모델요인=동작수행 어려움_쉬지않고 10계단 오르기 | 별칭=동작수행 어려움_쉬지않고 10계단 오르기 | 공간=계단 | 개선대상=손잡이(단면) | 개선전략=손잡이 단면을 원형(둘레 100?160 mm, 직경 약 32?51 mm) 또는 타원형(50 mm×37 mm)으로 선정하여 잡기 쉬운 단면 제공. | 기대효과=문헌에서 해당 단면이 잡기(그립감)를 최적으로 제공하여 안전성 향상에 기여하는 것으로 평가됨. | 근거유형=미분류 | 출처=Integrated approach for older adult friendly home stair-case design",검토필요_근거유형없음,원문 논문에서 연구설계를 확인한 뒤 evidence_score를 입력해야 함
E0126,single,동작수행 어려움_쉬지않고 10계단 오르기,,동작수행 어려움_쉬지않고 10계단 오르기,,동작수행 어려움_쉬지않고 10계단 오르기,원문명_유지,동작수행 어려움_쉬지않고 10계단 오르기,계단,계단,계단,손잡이 표면은 너무 매끄럽거나 너무 거칠지 않도록 중간 정도의 질감으로 마감(그립에 적합한 표면).,적절한 표면 질감이 그립 능력을 향상시켜 낙상 위험을 줄이는 최적 시나리오로 제시됨.,공간: 계단. 개선전략: 손잡이 표면은 너무 매끄럽거나 너무 거칠지 않도록 중간 정도의 질감으로 마감(그립에 적합한 표면).. 기대효과: 적절한 표면 질감이 그립 능력을 향상시켜 낙상 위험을 줄이는 최적 시나리오로 제시됨.,,미분류,,,검토 필요,FALSE,손잡이(표면 질감),Integrated approach for older adult friendly home stair-case design,Integrated_approach_for_older_adult_friendly_home_stair-case_design.pdf,자동매칭_0.94,,,위험요인=동작수행 어려움_쉬지않고 10계단 오르기 | 모델요인=동작수행 어려움_쉬지않고 10계단 오르기 | 별칭=동작수행 어려움_쉬지않고 10계단 오르기 | 공간=계단 | 개선대상=손잡이(표면 질감) | 개선전략=손잡이 표면은 너무 매끄럽거나 너무 거칠지 않도록 중간 정도의 질감으로 마감(그립에 적합한 표면). | 기대효과=적절한 표면 질감이 그립 능력을 향상시켜 낙상 위험을 줄이는 최적 시나리오로 제시됨. | 근거유형=미분류 | 출처=Integrated approach for older adult friendly home stair-case design,검토필요_근거유형없음,원문 논문에서 연구설계를 확인한 뒤 evidence_score를 입력해야 함
E0127,single,동작수행 어려움_쉬지않고 10계단 오르기,,동작수행 어려움_쉬지않고 10계단 오르기,,동작수행 어려움_쉬지않고 10계단 오르기,원문명_유지,동작수행 어려움_쉬지않고 10계단 오르기,계단,계단,계단,손잡이는 상하부에서 적어도 한 쪽에 320~480 mm만큼 연장(extend)되도록 설치; 연장이 없거나 너무 짧은 것은 회피.,문헌에서 320?480 mm 연장이 최적 시나리오로 보고되어 계단 오르내림시 지지 확보에 도움됨.,공간: 계단. 개선전략: 손잡이는 상하부에서 적어도 한 쪽에 320~480 mm만큼 연장(extend)되도록 설치; 연장이 없거나 너무 짧은 것은 회피.. 기대효과: 문헌에서 320?480 mm 연장이 최적 시나리오로 보고되어 계단 오르내림시 지지 확보에 도움됨.,,미분류,,,검토 필요,FALSE,손잡이(연장),Integrated approach for older adult friendly home stair-case design,Integrated_approach_for_older_adult_friendly_home_stair-case_design.pdf,자동매칭_0.94,,,위험요인=동작수행 어려움_쉬지않고 10계단 오르기 | 모델요인=동작수행 어려움_쉬지않고 10계단 오르기 | 별칭=동작수행 어려움_쉬지않고 10계단 오르기 | 공간=계단 | 개선대상=손잡이(연장) | 개선전략=손잡이는 상하부에서 적어도 한 쪽에 320~480 mm만큼 연장(extend)되도록 설치; 연장이 없거나 너무 짧은 것은 회피. | 기대효과=문헌에서 320?480 mm 연장이 최적 시나리오로 보고되어 계단 오르내림시 지지 확보에 도움됨. | 근거유형=미분류 | 출처=Integrated approach for older adult friendly home stair-case design,검토필요_근거유형없음,원문 논문에서 연구설계를 확인한 뒤 evidence_score를 입력해야 함
E0128,single,동작수행 어려움_쉬지않고 10계단 오르기,,동작수행 어려움_쉬지않고 10계단 오르기,,동작수행 어려움_쉬지않고 10계단 오르기,원문명_유지,동작수행 어려움_쉬지않고 10계단 오르기,계단,계단,계단,"손잡이와 벽 사이 간격을 확보(매끈한 벽면의 경우 ≥57 mm, 거친 벽면의 경우 ≥75 mm)하여 손가락이 충분히 들어가도록 설계.",충분한 손잡이-벽 간격이 비상시 안전하게 손을 쥘 수 있게 하여 손가락 손상 및 낙상 위험을 낮추는 최적 시나리오로 제시됨.,"공간: 계단. 개선전략: 손잡이와 벽 사이 간격을 확보(매끈한 벽면의 경우 ≥57 mm, 거친 벽면의 경우 ≥75 mm)하여 손가락이 충분히 들어가도록 설계.. 기대효과: 충분한 손잡이-벽 간격이 비상시 안전하게 손을 쥘 수 있게 하여 손가락 손상 및 낙상 위험을 낮추는 최적 시나리오로 제시됨.",,미분류,,,검토 필요,FALSE,손잡이-벽 간격,Integrated approach for older adult friendly home stair-case design,Integrated_approach_for_older_adult_friendly_home_stair-case_design.pdf,자동매칭_0.94,,,"위험요인=동작수행 어려움_쉬지않고 10계단 오르기 | 모델요인=동작수행 어려움_쉬지않고 10계단 오르기 | 별칭=동작수행 어려움_쉬지않고 10계단 오르기 | 공간=계단 | 개선대상=손잡이-벽 간격 | 개선전략=손잡이와 벽 사이 간격을 확보(매끈한 벽면의 경우 ≥57 mm, 거친 벽면의 경우 ≥75 mm)하여 손가락이 충분히 들어가도록 설계. | 기대효과=충분한 손잡이-벽 간격이 비상시 안전하게 손을 쥘 수 있게 하여 손가락 손상 및 낙상 위험을 낮추는 최적 시나리오로 제시됨. | 근거유형=미분류 | 출처=Integrated approach for older adult friendly home stair-case design",검토필요_근거유형없음,원문 논문에서 연구설계를 확인한 뒤 evidence_score를 입력해야 함
E0129,single,일상생활의 불편함_시력,,시력,,시력|일상생활의 불편함_시력|시각기능,대표모델명_자동매핑,시력,계단,계단,계단,계단 전체 구간 조도(illumination)를 최소 300 lux 이상으로 확보하도록 조명 설계(IESNA 권고 기준 준수).,문헌에서 ≥300 lux가 계단 시인성 확보를 통해 낙상 위험을 최적 수준으로 낮추는 것으로 제시됨.,공간: 계단. 개선전략: 계단 전체 구간 조도(illumination)를 최소 300 lux 이상으로 확보하도록 조명 설계(IESNA 권고 기준 준수).. 기대효과: 문헌에서 ≥300 lux가 계단 시인성 확보를 통해 낙상 위험을 최적 수준으로 낮추는 것으로 제시됨.,,미분류,,,검토 필요,FALSE,조명,Integrated approach for older adult friendly home stair-case design,Integrated_approach_for_older_adult_friendly_home_stair-case_design.pdf,자동매칭_0.94,,,위험요인=시력 | 모델요인=일상생활의 불편함_시력 | 별칭=시력|일상생활의 불편함_시력|시각기능 | 공간=계단 | 개선대상=조명 | 개선전략=계단 전체 구간 조도(illumination)를 최소 300 lux 이상으로 확보하도록 조명 설계(IESNA 권고 기준 준수). | 기대효과=문헌에서 ≥300 lux가 계단 시인성 확보를 통해 낙상 위험을 최적 수준으로 낮추는 것으로 제시됨. | 근거유형=미분류 | 출처=Integrated approach for older adult friendly home stair-case design,검토필요_근거유형없음,원문 논문에서 연구설계를 확인한 뒤 evidence_score를 입력해야 함
E0130,single,일상생활의 불편함_시력,,시력,,시력|일상생활의 불편함_시력|시각기능,대표모델명_자동매핑,시력,계단,계단,계단,계단 전체에 일관된 조명(그림자나 어두운 부분이 생기지 않도록) 설치하여 조명 불균일로 인한 혼란 방지.,일관된 조명이 계단의 음영을 줄여 시인성 향상에 기여하는 최적 시나리오로 보고됨.,공간: 계단. 개선전략: 계단 전체에 일관된 조명(그림자나 어두운 부분이 생기지 않도록) 설치하여 조명 불균일로 인한 혼란 방지.. 기대효과: 일관된 조명이 계단의 음영을 줄여 시인성 향상에 기여하는 최적 시나리오로 보고됨.,,미분류,,,검토 필요,FALSE,조명,Integrated approach for older adult friendly home stair-case design,Integrated_approach_for_older_adult_friendly_home_stair-case_design.pdf,자동매칭_0.94,,,위험요인=시력 | 모델요인=일상생활의 불편함_시력 | 별칭=시력|일상생활의 불편함_시력|시각기능 | 공간=계단 | 개선대상=조명 | 개선전략=계단 전체에 일관된 조명(그림자나 어두운 부분이 생기지 않도록) 설치하여 조명 불균일로 인한 혼란 방지. | 기대효과=일관된 조명이 계단의 음영을 줄여 시인성 향상에 기여하는 최적 시나리오로 보고됨. | 근거유형=미분류 | 출처=Integrated approach for older adult friendly home stair-case design,검토필요_근거유형없음,원문 논문에서 연구설계를 확인한 뒤 evidence_score를 입력해야 함
E0131,single,일상생활의 불편함_시력,,시력,,시력|일상생활의 불편함_시력|시각기능,대표모델명_자동매핑,시력,계단,계단,계단,조명 스위치는 계단 동선에서 벗어난 위치에 설치하고 양방향(two-way) 스위치를 적용하여 계단 입구 양쪽에서 조명 제어 가능하게 설계.,문헌에서 스위치 위치와 양방향 스위치 사용이 어두운 상태로 계단에 접근하는 것을 방지하여 안전성을 높이는 것으로 제시됨.,공간: 계단. 개선전략: 조명 스위치는 계단 동선에서 벗어난 위치에 설치하고 양방향(two-way) 스위치를 적용하여 계단 입구 양쪽에서 조명 제어 가능하게 설계.. 기대효과: 문헌에서 스위치 위치와 양방향 스위치 사용이 어두운 상태로 계단에 접근하는 것을 방지하여 안전성을 높이는 것으로 제시됨.,,미분류,,,검토 필요,FALSE,조명 스위치,Integrated approach for older adult friendly home stair-case design,Integrated_approach_for_older_adult_friendly_home_stair-case_design.pdf,자동매칭_0.94,,,위험요인=시력 | 모델요인=일상생활의 불편함_시력 | 별칭=시력|일상생활의 불편함_시력|시각기능 | 공간=계단 | 개선대상=조명 스위치 | 개선전략=조명 스위치는 계단 동선에서 벗어난 위치에 설치하고 양방향(two-way) 스위치를 적용하여 계단 입구 양쪽에서 조명 제어 가능하게 설계. | 기대효과=문헌에서 스위치 위치와 양방향 스위치 사용이 어두운 상태로 계단에 접근하는 것을 방지하여 안전성을 높이는 것으로 제시됨. | 근거유형=미분류 | 출처=Integrated approach for older adult friendly home stair-case design,검토필요_근거유형없음,원문 논문에서 연구설계를 확인한 뒤 evidence_score를 입력해야 함
E0132,single,동작수행 어려움_쉬지않고 10계단 오르기,,동작수행 어려움_쉬지않고 10계단 오르기,,동작수행 어려움_쉬지않고 10계단 오르기,원문명_유지,동작수행 어려움_쉬지않고 10계단 오르기,계단,계단,계단,"발판(going, tread) 깊이를 280~330 mm 범위로 설계하여 발디딤 공간 확보.",문헌에서 280?330 mm가 최적 발판 깊이로 보고되어 보행·균형 안정성 향상에 기여함.,"공간: 계단. 개선전략: 발판(going, tread) 깊이를 280~330 mm 범위로 설계하여 발디딤 공간 확보.. 기대효과: 문헌에서 280?330 mm가 최적 발판 깊이로 보고되어 보행·균형 안정성 향상에 기여함.",,미분류,,,검토 필요,FALSE,계단 발판(going),Integrated approach for older adult friendly home stair-case design,Integrated_approach_for_older_adult_friendly_home_stair-case_design.pdf,자동매칭_0.94,,,"위험요인=동작수행 어려움_쉬지않고 10계단 오르기 | 모델요인=동작수행 어려움_쉬지않고 10계단 오르기 | 별칭=동작수행 어려움_쉬지않고 10계단 오르기 | 공간=계단 | 개선대상=계단 발판(going) | 개선전략=발판(going, tread) 깊이를 280~330 mm 범위로 설계하여 발디딤 공간 확보. | 기대효과=문헌에서 280?330 mm가 최적 발판 깊이로 보고되어 보행·균형 안정성 향상에 기여함. | 근거유형=미분류 | 출처=Integrated approach for older adult friendly home stair-case design",검토필요_근거유형없음,원문 논문에서 연구설계를 확인한 뒤 evidence_score를 입력해야 함
E0133,single,동작수행 어려움_쉬지않고 10계단 오르기,,동작수행 어려움_쉬지않고 10계단 오르기,,동작수행 어려움_쉬지않고 10계단 오르기,원문명_유지,동작수행 어려움_쉬지않고 10계단 오르기,계단,계단,계단,계단의 계단참(riser) 높이를 152~190 mm 범위로 설계(권장 범위 유지).,문헌에서 해당 리저 높이 범위가 노인에게 선호되고 안정성 측면에서 최적으로 평가됨.,공간: 계단. 개선전략: 계단의 계단참(riser) 높이를 152~190 mm 범위로 설계(권장 범위 유지).. 기대효과: 문헌에서 해당 리저 높이 범위가 노인에게 선호되고 안정성 측면에서 최적으로 평가됨.,,미분류,,,검토 필요,FALSE,계단 리저(riser),Integrated approach for older adult friendly home stair-case design,Integrated_approach_for_older_adult_friendly_home_stair-case_design.pdf,자동매칭_0.94,,,위험요인=동작수행 어려움_쉬지않고 10계단 오르기 | 모델요인=동작수행 어려움_쉬지않고 10계단 오르기 | 별칭=동작수행 어려움_쉬지않고 10계단 오르기 | 공간=계단 | 개선대상=계단 리저(riser) | 개선전략=계단의 계단참(riser) 높이를 152~190 mm 범위로 설계(권장 범위 유지). | 기대효과=문헌에서 해당 리저 높이 범위가 노인에게 선호되고 안정성 측면에서 최적으로 평가됨. | 근거유형=미분류 | 출처=Integrated approach for older adult friendly home stair-case design,검토필요_근거유형없음,원문 논문에서 연구설계를 확인한 뒤 evidence_score를 입력해야 함
E0134,single,동작수행 어려움_쉬지않고 10계단 오르기,,동작수행 어려움_쉬지않고 10계단 오르기,,동작수행 어려움_쉬지않고 10계단 오르기,원문명_유지,동작수행 어려움_쉬지않고 10계단 오르기,계단,계단,계단,노징(nosing)은 둥글게 처리하고 노징 깊이를 15~25 mm로 설계하여 안전한 발넘김 유도.,문헌에서 둥근 노징(15?25 mm)이 가장 안전한 노징 설계로 평가되어 계단 안전성 향상에 기여함.,공간: 계단. 개선전략: 노징(nosing)은 둥글게 처리하고 노징 깊이를 15~25 mm로 설계하여 안전한 발넘김 유도.. 기대효과: 문헌에서 둥근 노징(15?25 mm)이 가장 안전한 노징 설계로 평가되어 계단 안전성 향상에 기여함.,,미분류,,,검토 필요,FALSE,계단 노징(nosing),Integrated approach for older adult friendly home stair-case design,Integrated_approach_for_older_adult_friendly_home_stair-case_design.pdf,자동매칭_0.94,,,위험요인=동작수행 어려움_쉬지않고 10계단 오르기 | 모델요인=동작수행 어려움_쉬지않고 10계단 오르기 | 별칭=동작수행 어려움_쉬지않고 10계단 오르기 | 공간=계단 | 개선대상=계단 노징(nosing) | 개선전략=노징(nosing)은 둥글게 처리하고 노징 깊이를 15~25 mm로 설계하여 안전한 발넘김 유도. | 기대효과=문헌에서 둥근 노징(15?25 mm)이 가장 안전한 노징 설계로 평가되어 계단 안전성 향상에 기여함. | 근거유형=미분류 | 출처=Integrated approach for older adult friendly home stair-case design,검토필요_근거유형없음,원문 논문에서 연구설계를 확인한 뒤 evidence_score를 입력해야 함
E0135,single,동작수행 어려움_쉬지않고 10계단 오르기,,동작수행 어려움_쉬지않고 10계단 오르기,,동작수행 어려움_쉬지않고 10계단 오르기,원문명_유지,동작수행 어려움_쉬지않고 10계단 오르기,계단,계단,계단,계단 마감재는 일관된 마찰계수(균일한 미끄럼저항)를 갖는 응집성 있는 재료로 통일하여 계단 전 구간에 동일한 슬립저항 제공.,문헌에서 균일한 미끄럼 저항이 있는 마감이 계단 안전성(미끄러짐 방지)에 기여하는 것으로 제시됨.,공간: 계단. 개선전략: 계단 마감재는 일관된 마찰계수(균일한 미끄럼저항)를 갖는 응집성 있는 재료로 통일하여 계단 전 구간에 동일한 슬립저항 제공.. 기대효과: 문헌에서 균일한 미끄럼 저항이 있는 마감이 계단 안전성(미끄러짐 방지)에 기여하는 것으로 제시됨.,,미분류,,,검토 필요,FALSE,계단 마감재,Integrated approach for older adult friendly home stair-case design,Integrated_approach_for_older_adult_friendly_home_stair-case_design.pdf,자동매칭_0.94,,,위험요인=동작수행 어려움_쉬지않고 10계단 오르기 | 모델요인=동작수행 어려움_쉬지않고 10계단 오르기 | 별칭=동작수행 어려움_쉬지않고 10계단 오르기 | 공간=계단 | 개선대상=계단 마감재 | 개선전략=계단 마감재는 일관된 마찰계수(균일한 미끄럼저항)를 갖는 응집성 있는 재료로 통일하여 계단 전 구간에 동일한 슬립저항 제공. | 기대효과=문헌에서 균일한 미끄럼 저항이 있는 마감이 계단 안전성(미끄러짐 방지)에 기여하는 것으로 제시됨. | 근거유형=미분류 | 출처=Integrated approach for older adult friendly home stair-case design,검토필요_근거유형없음,원문 논문에서 연구설계를 확인한 뒤 evidence_score를 입력해야 함
E0136,single,ADL,,ADL,,ADL|일상생활수행능력,대표모델명_자동매핑,ADL,주거공간 전반,주거공간 전반,주거공간 전반,실내에 깔린 미끄럽거나 걸림 위험이 있는 매트·러그를 제거하여 보행 동선에서 제거함,논문에서 보고된 개입의 구성요소 중 하나로서 주거환경 위험요소 감소에 기여함; 전체 분석에서 낙상 발생 비율이 감소하는 결과가 관찰되었고 효과는 주로 이전에 낙상을 경험한 대상자에서 유의함,공간: 주거공간 전반. 개선전략: 실내에 깔린 미끄럽거나 걸림 위험이 있는 매트·러그를 제거하여 보행 동선에서 제거함. 기대효과: 논문에서 보고된 개입의 구성요소 중 하나로서 주거환경 위험요소 감소에 기여함; 전체 분석에서 낙상 발생 비율이 감소하는 결과가 관찰되었고 효과는 주로 이전에 낙상을 경험한 대상자에서 유의함,무작위 대조시험,무작위 대조시험,3,1.000,Tier 1,TRUE,매트/러그,Home Visits by an Occupational Therapist for Assessment and Modification of Environmental Hazards: A Randomized Trial of Falls Prevention,,미확인_0.57,,,위험요인=ADL | 모델요인=ADL | 별칭=ADL|일상생활수행능력 | 공간=주거공간 전반 | 개선대상=매트/러그 | 개선전략=실내에 깔린 미끄럽거나 걸림 위험이 있는 매트·러그를 제거하여 보행 동선에서 제거함 | 기대효과=논문에서 보고된 개입의 구성요소 중 하나로서 주거환경 위험요소 감소에 기여함; 전체 분석에서 낙상 발생 비율이 감소하는 결과가 관찰되었고 효과는 주로 이전에 낙상을 경험한 대상자에서 유의함 | 근거유형=무작위 대조시험 | 출처=Home Visits by an Occupational Therapist for Assessment and Modification of Environmental Hazards: A Randomized Trial of Falls Prevention,자동분류완료,
E0137,single,ADL,,ADL,,ADL|일상생활수행능력,대표모델명_자동매핑,ADL,욕실,욕실,욕실,욕조·샤워 구역 바닥에 미끄럼 방지용 목욕매트(논슬립 매트)를 사용하도록 권고하고 설치를 감독함,연구에서 권장된 빈도가 높은 수정사항 중 하나로 보고됨; 개입군에서 전반적 낙상 발생이 감소하는 결과에 기여한 것으로 해석됨(효과는 이전 낙상 경험자에서 뚜렷함),공간: 욕실. 개선전략: 욕조·샤워 구역 바닥에 미끄럼 방지용 목욕매트(논슬립 매트)를 사용하도록 권고하고 설치를 감독함. 기대효과: 연구에서 권장된 빈도가 높은 수정사항 중 하나로 보고됨; 개입군에서 전반적 낙상 발생이 감소하는 결과에 기여한 것으로 해석됨(효과는 이전 낙상 경험자에서 뚜렷함),무작위 대조시험,무작위 대조시험,3,1.000,Tier 1,TRUE,욕실 바닥/목욕매트,Home Visits by an Occupational Therapist for Assessment and Modification of Environmental Hazards: A Randomized Trial of Falls Prevention,,미확인_0.57,,,위험요인=ADL | 모델요인=ADL | 별칭=ADL|일상생활수행능력 | 공간=욕실 | 개선대상=욕실 바닥/목욕매트 | 개선전략=욕조·샤워 구역 바닥에 미끄럼 방지용 목욕매트(논슬립 매트)를 사용하도록 권고하고 설치를 감독함 | 기대효과=연구에서 권장된 빈도가 높은 수정사항 중 하나로 보고됨; 개입군에서 전반적 낙상 발생이 감소하는 결과에 기여한 것으로 해석됨(효과는 이전 낙상 경험자에서 뚜렷함) | 근거유형=무작위 대조시험 | 출처=Home Visits by an Occupational Therapist for Assessment and Modification of Environmental Hazards: A Randomized Trial of Falls Prevention,자동분류완료,
E0138,single,ADL,,ADL,,ADL|일상생활수행능력,대표모델명_자동매핑,ADL,주거공간 전반,주거공간 전반,주거공간 전반,"실내외에서 안전한 착화(미끄럼 방지 밑창, 굽 낮음 등)를 권고하고 필요한 경우 착용 변화에 대해 상담 및 감독함","연구에서 제시된 권고사항으로, 전반적 개입의 일부로 낙상 발생률 감소에 기여한 것으로 보고됨(특히 이전 낙상자에서 유의한 효과 관찰)","공간: 주거공간 전반. 개선전략: 실내외에서 안전한 착화(미끄럼 방지 밑창, 굽 낮음 등)를 권고하고 필요한 경우 착용 변화에 대해 상담 및 감독함. 기대효과: 연구에서 제시된 권고사항으로, 전반적 개입의 일부로 낙상 발생률 감소에 기여한 것으로 보고됨(특히 이전 낙상자에서 유의한 효과 관찰)",무작위 대조시험,무작위 대조시험,3,1.000,Tier 1,TRUE,신발(실내·실외 착화),Home Visits by an Occupational Therapist for Assessment and Modification of Environmental Hazards: A Randomized Trial of Falls Prevention,,미확인_0.57,,,"위험요인=ADL | 모델요인=ADL | 별칭=ADL|일상생활수행능력 | 공간=주거공간 전반 | 개선대상=신발(실내·실외 착화) | 개선전략=실내외에서 안전한 착화(미끄럼 방지 밑창, 굽 낮음 등)를 권고하고 필요한 경우 착용 변화에 대해 상담 및 감독함 | 기대효과=연구에서 제시된 권고사항으로, 전반적 개입의 일부로 낙상 발생률 감소에 기여한 것으로 보고됨(특히 이전 낙상자에서 유의한 효과 관찰) | 근거유형=무작위 대조시험 | 출처=Home Visits by an Occupational Therapist for Assessment and Modification of Environmental Hazards: A Randomized Trial of Falls Prevention",자동분류완료,
E0139,single,일상생활의 불편함_시력,,시력,,시력|일상생활의 불편함_시력|시각기능,대표모델명_자동매핑,시력,침실,침실|복도,"침실, 복도",야간 이동 시 시인성 향상을 위해 침실과 화장실으로 이어지는 경로 및 복도에 야간등·보조조명 사용을 권고하고 설치를 점검함,논문에서 권고된 수정사항으로 보고됨; 야간 시인성 개선을 통해 주거환경 관련 위험을 줄이는 목적임(개입 전체는 이전 낙상자에서 낙상률 감소와 관련),공간: 침실. 개선전략: 야간 이동 시 시인성 향상을 위해 침실과 화장실으로 이어지는 경로 및 복도에 야간등·보조조명 사용을 권고하고 설치를 점검함. 기대효과: 논문에서 권고된 수정사항으로 보고됨; 야간 시인성 개선을 통해 주거환경 관련 위험을 줄이는 목적임(개입 전체는 이전 낙상자에서 낙상률 감소와 관련),무작위 대조시험,무작위 대조시험,3,1.000,Tier 1,TRUE,조명/야간등,Home Visits by an Occupational Therapist for Assessment and Modification of Environmental Hazards: A Randomized Trial of Falls Prevention,,미확인_0.57,,,위험요인=시력 | 모델요인=일상생활의 불편함_시력 | 별칭=시력|일상생활의 불편함_시력|시각기능 | 공간=침실|복도 | 개선대상=조명/야간등 | 개선전략=야간 이동 시 시인성 향상을 위해 침실과 화장실으로 이어지는 경로 및 복도에 야간등·보조조명 사용을 권고하고 설치를 점검함 | 기대효과=논문에서 권고된 수정사항으로 보고됨; 야간 시인성 개선을 통해 주거환경 관련 위험을 줄이는 목적임(개입 전체는 이전 낙상자에서 낙상률 감소와 관련) | 근거유형=무작위 대조시험 | 출처=Home Visits by an Occupational Therapist for Assessment and Modification of Environmental Hazards: A Randomized Trial of Falls Prevention,자동분류완료,
E0140,single,동작수행 어려움_쉬지않고 10계단 오르기,,동작수행 어려움_쉬지않고 10계단 오르기,,동작수행 어려움_쉬지않고 10계단 오르기,원문명_유지,동작수행 어려움_쉬지않고 10계단 오르기,계단,계단|주거 외부,외부 계단,외부 계단에 안전 손잡이(난간)를 추가 설치하도록 권고하고 설치를 감독함,연구의 권장 독립적 수정사항으로 제시됨; 개입 전체는 이전 낙상 경험자가 대상일 때 낙상 발생 비율을 유의하게 낮춤,공간: 계단. 개선전략: 외부 계단에 안전 손잡이(난간)를 추가 설치하도록 권고하고 설치를 감독함. 기대효과: 연구의 권장 독립적 수정사항으로 제시됨; 개입 전체는 이전 낙상 경험자가 대상일 때 낙상 발생 비율을 유의하게 낮춤,무작위 대조시험,무작위 대조시험,3,1.000,Tier 1,TRUE,계단 난간/손잡이,Home Visits by an Occupational Therapist for Assessment and Modification of Environmental Hazards: A Randomized Trial of Falls Prevention,,미확인_0.57,,,위험요인=동작수행 어려움_쉬지않고 10계단 오르기 | 모델요인=동작수행 어려움_쉬지않고 10계단 오르기 | 별칭=동작수행 어려움_쉬지않고 10계단 오르기 | 공간=계단|주거 외부 | 개선대상=계단 난간/손잡이 | 개선전략=외부 계단에 안전 손잡이(난간)를 추가 설치하도록 권고하고 설치를 감독함 | 기대효과=연구의 권장 독립적 수정사항으로 제시됨; 개입 전체는 이전 낙상 경험자가 대상일 때 낙상 발생 비율을 유의하게 낮춤 | 근거유형=무작위 대조시험 | 출처=Home Visits by an Occupational Therapist for Assessment and Modification of Environmental Hazards: A Randomized Trial of Falls Prevention,자동분류완료,
E0141,single,ADL,,ADL,,ADL|일상생활수행능력,대표모델명_자동매핑,ADL,거실,거실,거실 및 통로,바닥 위의 전선 및 연장코드를 보행 동선에서 제거하거나 정리하여 걸림·전도 위험을 없앰,논문에서 권장된 수정사항으로 보고됨; 주거환경 위험요소를 줄이는 조치로서 개입의 일부였음,공간: 거실. 개선전략: 바닥 위의 전선 및 연장코드를 보행 동선에서 제거하거나 정리하여 걸림·전도 위험을 없앰. 기대효과: 논문에서 권장된 수정사항으로 보고됨; 주거환경 위험요소를 줄이는 조치로서 개입의 일부였음,무작위 대조시험,무작위 대조시험,3,1.000,Tier 1,TRUE,전선/연장코드,Home Visits by an Occupational Therapist for Assessment and Modification of Environmental Hazards: A Randomized Trial of Falls Prevention,,미확인_0.57,,,위험요인=ADL | 모델요인=ADL | 별칭=ADL|일상생활수행능력 | 공간=거실 | 개선대상=전선/연장코드 | 개선전략=바닥 위의 전선 및 연장코드를 보행 동선에서 제거하거나 정리하여 걸림·전도 위험을 없앰 | 기대효과=논문에서 권장된 수정사항으로 보고됨; 주거환경 위험요소를 줄이는 조치로서 개입의 일부였음 | 근거유형=무작위 대조시험 | 출처=Home Visits by an Occupational Therapist for Assessment and Modification of Environmental Hazards: A Randomized Trial of Falls Prevention,자동분류완료,
E0142,single,ADL,,ADL,,ADL|일상생활수행능력,대표모델명_자동매핑,ADL,주거공간 전반,주거공간 전반,주거공간 전반,"일상 동작 수행 시 안전한 수행방법에 대해 구체적으로 교육(예: 물건을 들거나 굽히는 동작을 피하는 방법, 물건의 보관 위치 변경 등)하고 행동 변화 이행을 독려함",연구에서 수행된 가정 방문의 구성요소로서 보고됨; 행동적 권고와 환경 수정을 포함한 개입 전체가 이전 낙상 경험자에서 낙상률 감소와 연관됨,"공간: 주거공간 전반. 개선전략: 일상 동작 수행 시 안전한 수행방법에 대해 구체적으로 교육(예: 물건을 들거나 굽히는 동작을 피하는 방법, 물건의 보관 위치 변경 등)하고 행동 변화 이행을 독려함. 기대효과: 연구에서 수행된 가정 방문의 구성요소로서 보고됨; 행동적 권고와 환경 수정을 포함한 개입 전체가 이전 낙상 경험자에서 낙상률 감소와 연관됨",무작위 대조시험,무작위 대조시험,3,1.000,Tier 1,TRUE,,Home Visits by an Occupational Therapist for Assessment and Modification of Environmental Hazards: A Randomized Trial of Falls Prevention,,미확인_0.57,,,"위험요인=ADL | 모델요인=ADL | 별칭=ADL|일상생활수행능력 | 공간=주거공간 전반 | 개선대상= | 개선전략=일상 동작 수행 시 안전한 수행방법에 대해 구체적으로 교육(예: 물건을 들거나 굽히는 동작을 피하는 방법, 물건의 보관 위치 변경 등)하고 행동 변화 이행을 독려함 | 기대효과=연구에서 수행된 가정 방문의 구성요소로서 보고됨; 행동적 권고와 환경 수정을 포함한 개입 전체가 이전 낙상 경험자에서 낙상률 감소와 연관됨 | 근거유형=무작위 대조시험 | 출처=Home Visits by an Occupational Therapist for Assessment and Modification of Environmental Hazards: A Randomized Trial of Falls Prevention",자동분류완료,
E0143,single,낙상 경험,,낙상 경험,,22. 낙상 경험|낙상 경험|낙상경험|과거 낙상,대표모델명_자동매핑,22. 낙상 경험,주거공간 전반,주거공간 전반,주거공간 전반,"직업치료사가 가정 방문을 통해 가정 내 잠재적 낙상 위험요소를 직접 관찰·평가하고, 확인된 위험요소를 제거하거나 수정하도록 조치(가정 안전평가 및 위험요소 제거/수정 중심)",이전 1년 내 낙상 경험자에서 12개월 동안 낙상 위험 감소(해당 무작위 대조시험에서 보고됨),"공간: 주거공간 전반. 개선전략: 직업치료사가 가정 방문을 통해 가정 내 잠재적 낙상 위험요소를 직접 관찰·평가하고, 확인된 위험요소를 제거하거나 수정하도록 조치(가정 안전평가 및 위험요소 제거/수정 중심). 기대효과: 이전 1년 내 낙상 경험자에서 12개월 동안 낙상 위험 감소(해당 무작위 대조시험에서 보고됨)",무작위 대조시험,무작위 대조시험,3,1.000,Tier 1,TRUE,,Preventing Falls: To Modify the Environment or the Individual?,J American Geriatrics Society - 2015 - Gill - Preventing Falls  To Modify the Environment or the Individual.pdf,자동매칭_0.92,10.1111/j.1532-5415.1999.tb01570.x,https://doi.org/10.1111/j.1532-5415.1999.tb01570.x,"위험요인=낙상 경험 | 모델요인=낙상 경험 | 별칭=22. 낙상 경험|낙상 경험|낙상경험|과거 낙상 | 공간=주거공간 전반 | 개선대상= | 개선전략=직업치료사가 가정 방문을 통해 가정 내 잠재적 낙상 위험요소를 직접 관찰·평가하고, 확인된 위험요소를 제거하거나 수정하도록 조치(가정 안전평가 및 위험요소 제거/수정 중심) | 기대효과=이전 1년 내 낙상 경험자에서 12개월 동안 낙상 위험 감소(해당 무작위 대조시험에서 보고됨) | 근거유형=무작위 대조시험 | 출처=Preventing Falls: To Modify the Environment or the Individual?",자동분류완료,
E0144,single,낙상 경험,,낙상 경험,,22. 낙상 경험|낙상 경험|낙상경험|과거 낙상,대표모델명_자동매핑,22. 낙상 경험,거실,거실,"거실, 통행로",거실 및 실내 통행로에 보행 중 앉거나 지지할 수 있는 의자를 전략적으로 배치하여 실내 이동 시 휴식·지지 지점 제공,실내 이동성 향상 및 보행 시 지지 제공(가구 배치가 보행 보조에 기여할 수 있음을 제시),공간: 거실. 개선전략: 거실 및 실내 통행로에 보행 중 앉거나 지지할 수 있는 의자를 전략적으로 배치하여 실내 이동 시 휴식·지지 지점 제공. 기대효과: 실내 이동성 향상 및 보행 시 지지 제공(가구 배치가 보행 보조에 기여할 수 있음을 제시),,미분류,,,검토 필요,FALSE,의자,Preventing Falls: To Modify the Environment or the Individual?,J American Geriatrics Society - 2015 - Gill - Preventing Falls  To Modify the Environment or the Individual.pdf,자동매칭_0.92,10.1111/j.1532-5415.1999.tb01570.x,https://doi.org/10.1111/j.1532-5415.1999.tb01570.x,위험요인=낙상 경험 | 모델요인=낙상 경험 | 별칭=22. 낙상 경험|낙상 경험|낙상경험|과거 낙상 | 공간=거실 | 개선대상=의자 | 개선전략=거실 및 실내 통행로에 보행 중 앉거나 지지할 수 있는 의자를 전략적으로 배치하여 실내 이동 시 휴식·지지 지점 제공 | 기대효과=실내 이동성 향상 및 보행 시 지지 제공(가구 배치가 보행 보조에 기여할 수 있음을 제시) | 근거유형=미분류 | 출처=Preventing Falls: To Modify the Environment or the Individual?,검토필요_근거유형없음,원문 논문에서 연구설계를 확인한 뒤 evidence_score를 입력해야 함
E0145,single,일상생활의 불편함_시력,,시력,,시력|일상생활의 불편함_시력|시각기능,대표모델명_자동매핑,시력,욕실,욕실|복도|주거공간 전반,"주거공간 전반, 복도, 욕실",복도·거실·욕실 등 주요 통로와 생활공간의 조도를 높이고 조명기구를 보강하여 전반적인 조명 상태 개선,야간 및 실내 시인성 향상으로 환경 위험요소 인지 개선,공간: 욕실. 개선전략: 복도·거실·욕실 등 주요 통로와 생활공간의 조도를 높이고 조명기구를 보강하여 전반적인 조명 상태 개선. 기대효과: 야간 및 실내 시인성 향상으로 환경 위험요소 인지 개선,editorial,사설/전문가 의견,0,0.000,추천 제외,FALSE,조명,The Importance of Including the Home Environment in Assessment of Frail Older Persons,,미확인_0.70,10.1111/j.1532-5415.1999.tb01911.x,https://doi.org/10.1111/j.1532-5415.1999.tb01911.x,위험요인=시력 | 모델요인=일상생활의 불편함_시력 | 별칭=시력|일상생활의 불편함_시력|시각기능 | 공간=욕실|복도|주거공간 전반 | 개선대상=조명 | 개선전략=복도·거실·욕실 등 주요 통로와 생활공간의 조도를 높이고 조명기구를 보강하여 전반적인 조명 상태 개선 | 기대효과=야간 및 실내 시인성 향상으로 환경 위험요소 인지 개선 | 근거유형=사설/전문가 의견 | 출처=The Importance of Including the Home Environment in Assessment of Frail Older Persons,자동분류완료,실증 근거가 아닌 사설·전문가 의견
E0146,single,낙상 경험,,낙상 경험,,낙상 경험|낙상경험|과거 낙상,대표모델명_자동매핑,낙상 경험,거실,거실|복도|주거공간 전반,"거실, 복도, 주거공간 전반","느슨한 러그 제거, 카펫 가장자리 고정(말림 방지), 노출된 전선 정리 및 바닥 통로상의 잡동사니·장애물 제거",바닥 장애물 및 걸림 위험 요소 감소,"공간: 거실. 개선전략: 느슨한 러그 제거, 카펫 가장자리 고정(말림 방지), 노출된 전선 정리 및 바닥 통로상의 잡동사니·장애물 제거. 기대효과: 바닥 장애물 및 걸림 위험 요소 감소",editorial,사설/전문가 의견,0,0.000,추천 제외,FALSE,"러그, 카펫, 전선, 바닥",The Importance of Including the Home Environment in Assessment of Frail Older Persons,,미확인_0.70,10.1111/j.1532-5415.1999.tb01911.x,https://doi.org/10.1111/j.1532-5415.1999.tb01911.x,"위험요인=낙상 경험 | 모델요인=낙상 경험 | 별칭=낙상 경험|낙상경험|과거 낙상 | 공간=거실|복도|주거공간 전반 | 개선대상=러그, 카펫, 전선, 바닥 | 개선전략=느슨한 러그 제거, 카펫 가장자리 고정(말림 방지), 노출된 전선 정리 및 바닥 통로상의 잡동사니·장애물 제거 | 기대효과=바닥 장애물 및 걸림 위험 요소 감소 | 근거유형=사설/전문가 의견 | 출처=The Importance of Including the Home Environment in Assessment of Frail Older Persons",자동분류완료,실증 근거가 아닌 사설·전문가 의견
E0147,single,근력상태_의자나 침대에 앉았다가 일어나기 5회 반복,,근력상태_의자나 침대에 앉았다가 일어나기 5회 반복,,근력상태_의자나 침대에 앉았다가 일어나기 5회 반복,원문명_유지,근력상태_의자나 침대에 앉았다가 일어나기 5회 반복,욕실,욕실,욕실,욕실 변기 주변에 욕실용 손잡이(grab bars) 설치,앉고 일어설 때 지지 제공으로 기립동작 수행 보조,공간: 욕실. 개선전략: 욕실 변기 주변에 욕실용 손잡이(grab bars) 설치. 기대효과: 앉고 일어설 때 지지 제공으로 기립동작 수행 보조,editorial,사설/전문가 의견,0,0.000,추천 제외,FALSE,손잡이,The Importance of Including the Home Environment in Assessment of Frail Older Persons,,미확인_0.70,10.1111/j.1532-5415.1999.tb01911.x,https://doi.org/10.1111/j.1532-5415.1999.tb01911.x,위험요인=근력상태_의자나 침대에 앉았다가 일어나기 5회 반복 | 모델요인=근력상태_의자나 침대에 앉았다가 일어나기 5회 반복 | 별칭=근력상태_의자나 침대에 앉았다가 일어나기 5회 반복 | 공간=욕실 | 개선대상=손잡이 | 개선전략=욕실 변기 주변에 욕실용 손잡이(grab bars) 설치 | 기대효과=앉고 일어설 때 지지 제공으로 기립동작 수행 보조 | 근거유형=사설/전문가 의견 | 출처=The Importance of Including the Home Environment in Assessment of Frail Older Persons,자동분류완료,실증 근거가 아닌 사설·전문가 의견
E0148,single,근력상태_의자나 침대에 앉았다가 일어나기 5회 반복,,근력상태_의자나 침대에 앉았다가 일어나기 5회 반복,,근력상태_의자나 침대에 앉았다가 일어나기 5회 반복,원문명_유지,근력상태_의자나 침대에 앉았다가 일어나기 5회 반복,침실,침실|거실,"침실, 거실",침대 및 의자 높이를 사용자의 무릎 높이에 맞춰 조절하거나 지나치게 낮은 의자 제거/대체,앉았다 일어나기 시 근력 부담 완화 및 이동성 보조,공간: 침실. 개선전략: 침대 및 의자 높이를 사용자의 무릎 높이에 맞춰 조절하거나 지나치게 낮은 의자 제거/대체. 기대효과: 앉았다 일어나기 시 근력 부담 완화 및 이동성 보조,editorial,사설/전문가 의견,0,0.000,추천 제외,FALSE,"침대, 의자",The Importance of Including the Home Environment in Assessment of Frail Older Persons,,미확인_0.70,10.1111/j.1532-5415.1999.tb01911.x,https://doi.org/10.1111/j.1532-5415.1999.tb01911.x,"위험요인=근력상태_의자나 침대에 앉았다가 일어나기 5회 반복 | 모델요인=근력상태_의자나 침대에 앉았다가 일어나기 5회 반복 | 별칭=근력상태_의자나 침대에 앉았다가 일어나기 5회 반복 | 공간=침실|거실 | 개선대상=침대, 의자 | 개선전략=침대 및 의자 높이를 사용자의 무릎 높이에 맞춰 조절하거나 지나치게 낮은 의자 제거/대체 | 기대효과=앉았다 일어나기 시 근력 부담 완화 및 이동성 보조 | 근거유형=사설/전문가 의견 | 출처=The Importance of Including the Home Environment in Assessment of Frail Older Persons",자동분류완료,실증 근거가 아닌 사설·전문가 의견
E0149,single,동작수행 어려움_쉬지않고 10계단 오르기,,동작수행 어려움_쉬지않고 10계단 오르기,,동작수행 어려움_쉬지않고 10계단 오르기,원문명_유지,동작수행 어려움_쉬지않고 10계단 오르기,계단,계단,계단,계단에 견고한 난간(손잡이) 설치 또는 기존 난간 보강,계단 오르내릴 때 지지 제공으로 계단 이용 안전성 향상,공간: 계단. 개선전략: 계단에 견고한 난간(손잡이) 설치 또는 기존 난간 보강. 기대효과: 계단 오르내릴 때 지지 제공으로 계단 이용 안전성 향상,editorial,사설/전문가 의견,0,0.000,추천 제외,FALSE,계단 난간,The Importance of Including the Home Environment in Assessment of Frail Older Persons,,미확인_0.70,10.1111/j.1532-5415.1999.tb01911.x,https://doi.org/10.1111/j.1532-5415.1999.tb01911.x,위험요인=동작수행 어려움_쉬지않고 10계단 오르기 | 모델요인=동작수행 어려움_쉬지않고 10계단 오르기 | 별칭=동작수행 어려움_쉬지않고 10계단 오르기 | 공간=계단 | 개선대상=계단 난간 | 개선전략=계단에 견고한 난간(손잡이) 설치 또는 기존 난간 보강 | 기대효과=계단 오르내릴 때 지지 제공으로 계단 이용 안전성 향상 | 근거유형=사설/전문가 의견 | 출처=The Importance of Including the Home Environment in Assessment of Frail Older Persons,자동분류완료,실증 근거가 아닌 사설·전문가 의견
E0150,single,낙상 경험,,낙상 경험,,낙상 경험|낙상경험|과거 낙상,대표모델명_자동매핑,낙상 경험,욕실,욕실,욕실(샤워·욕조),샤워·욕조 바닥에 미끄럼 방지 스트립 또는 비미끄럼 바닥재 설치,욕실 내 미끄러짐 위험 감소,공간: 욕실. 개선전략: 샤워·욕조 바닥에 미끄럼 방지 스트립 또는 비미끄럼 바닥재 설치. 기대효과: 욕실 내 미끄러짐 위험 감소,editorial,사설/전문가 의견,0,0.000,추천 제외,FALSE,"욕조/샤워 바닥, 비미끄럼 스트립",The Importance of Including the Home Environment in Assessment of Frail Older Persons,,미확인_0.70,10.1111/j.1532-5415.1999.tb01911.x,https://doi.org/10.1111/j.1532-5415.1999.tb01911.x,"위험요인=낙상 경험 | 모델요인=낙상 경험 | 별칭=낙상 경험|낙상경험|과거 낙상 | 공간=욕실 | 개선대상=욕조/샤워 바닥, 비미끄럼 스트립 | 개선전략=샤워·욕조 바닥에 미끄럼 방지 스트립 또는 비미끄럼 바닥재 설치 | 기대효과=욕실 내 미끄러짐 위험 감소 | 근거유형=사설/전문가 의견 | 출처=The Importance of Including the Home Environment in Assessment of Frail Older Persons",자동분류완료,실증 근거가 아닌 사설·전문가 의견
E0151,single,근력상태_의자나 침대에 앉았다가 일어나기 5회 반복,,근력상태_의자나 침대에 앉았다가 일어나기 5회 반복,,근력상태_의자나 침대에 앉았다가 일어나기 5회 반복,원문명_유지,근력상태_의자나 침대에 앉았다가 일어나기 5회 반복,욕실,욕실,욕실,변기 높이를 높이는 raised toilet seat 설치,앉고 일어나기 동작의 난이도 감소 및 화장실 이용 보조,공간: 욕실. 개선전략: 변기 높이를 높이는 raised toilet seat 설치. 기대효과: 앉고 일어나기 동작의 난이도 감소 및 화장실 이용 보조,editorial,사설/전문가 의견,0,0.000,추천 제외,FALSE,변기/변기 시트,The Importance of Including the Home Environment in Assessment of Frail Older Persons,,미확인_0.70,10.1111/j.1532-5415.1999.tb01911.x,https://doi.org/10.1111/j.1532-5415.1999.tb01911.x,위험요인=근력상태_의자나 침대에 앉았다가 일어나기 5회 반복 | 모델요인=근력상태_의자나 침대에 앉았다가 일어나기 5회 반복 | 별칭=근력상태_의자나 침대에 앉았다가 일어나기 5회 반복 | 공간=욕실 | 개선대상=변기/변기 시트 | 개선전략=변기 높이를 높이는 raised toilet seat 설치 | 기대효과=앉고 일어나기 동작의 난이도 감소 및 화장실 이용 보조 | 근거유형=사설/전문가 의견 | 출처=The Importance of Including the Home Environment in Assessment of Frail Older Persons,자동분류완료,실증 근거가 아닌 사설·전문가 의견
E0152,single,ADL,,ADL,,ADL|일상생활수행능력,대표모델명_자동매핑,ADL,주거공간 전반,주거공간 전반,주거공간 전반,종합적 노인평가와 연계한 정기적인 가정 방문을 통해 주거환경 점검 및 위험요소 식별·개선 조치 시행,"주거환경 안전성 개선 및 논문에서 보고된 바와 같이 기능 악화 감소, 사망률 감소, 요양시설 입원 감소 등 전반적 이점","공간: 주거공간 전반. 개선전략: 종합적 노인평가와 연계한 정기적인 가정 방문을 통해 주거환경 점검 및 위험요소 식별·개선 조치 시행. 기대효과: 주거환경 안전성 개선 및 논문에서 보고된 바와 같이 기능 악화 감소, 사망률 감소, 요양시설 입원 감소 등 전반적 이점",editorial,사설/전문가 의견,0,0.000,추천 제외,FALSE,,The Importance of Including the Home Environment in Assessment of Frail Older Persons,,미확인_0.70,10.1111/j.1532-5415.1999.tb01911.x,https://doi.org/10.1111/j.1532-5415.1999.tb01911.x,"위험요인=ADL | 모델요인=ADL | 별칭=ADL|일상생활수행능력 | 공간=주거공간 전반 | 개선대상= | 개선전략=종합적 노인평가와 연계한 정기적인 가정 방문을 통해 주거환경 점검 및 위험요소 식별·개선 조치 시행 | 기대효과=주거환경 안전성 개선 및 논문에서 보고된 바와 같이 기능 악화 감소, 사망률 감소, 요양시설 입원 감소 등 전반적 이점 | 근거유형=사설/전문가 의견 | 출처=The Importance of Including the Home Environment in Assessment of Frail Older Persons",자동분류완료,실증 근거가 아닌 사설·전문가 의견
E0153,single,복용약물,,복용약물,,복용약물|약물복용,대표모델명_자동매핑,복용약물,기타/검토필요,기타/검토필요,주거공간 내 약 보관 장소(약장 등),약장 및 약물 보관 장소를 점검하여 약물 저장 상태·복용 행동 관찰 및 약물관리 개선(가정 내 약물 점검 포함),약물 복용행태에 대한 통찰 제공 및 처방·복용 적정성 향상,공간: 기타/검토필요. 개선전략: 약장 및 약물 보관 장소를 점검하여 약물 저장 상태·복용 행동 관찰 및 약물관리 개선(가정 내 약물 점검 포함). 기대효과: 약물 복용행태에 대한 통찰 제공 및 처방·복용 적정성 향상,editorial,사설/전문가 의견,0,0.000,추천 제외,FALSE,약장/약 보관함,The Importance of Including the Home Environment in Assessment of Frail Older Persons,,미확인_0.70,10.1111/j.1532-5415.1999.tb01911.x,https://doi.org/10.1111/j.1532-5415.1999.tb01911.x,위험요인=복용약물 | 모델요인=복용약물 | 별칭=복용약물|약물복용 | 공간=기타/검토필요 | 개선대상=약장/약 보관함 | 개선전략=약장 및 약물 보관 장소를 점검하여 약물 저장 상태·복용 행동 관찰 및 약물관리 개선(가정 내 약물 점검 포함) | 기대효과=약물 복용행태에 대한 통찰 제공 및 처방·복용 적정성 향상 | 근거유형=사설/전문가 의견 | 출처=The Importance of Including the Home Environment in Assessment of Frail Older Persons,자동분류완료,실증 근거가 아닌 사설·전문가 의견
E0154,single,근력상태_의자나 침대에 앉았다가 일어나기 5회 반복,,근력상태_의자나 침대에 앉았다가 일어나기 5회 반복,,근력상태_의자나 침대에 앉았다가 일어나기 5회 반복,원문명_유지,근력상태_의자나 침대에 앉았다가 일어나기 5회 반복,침실,침실|거실,"침실, 거실","침대 및 의자 높이를 사용자의 무릎 높이에 맞춰 조정하고(앉았을 때 발바닥이 바닥에 닿도록) 손잡이(베드사이드 레일, 팔걸이 달린 의자) 설치 및 고정","앉았다 일어서기 동작 수행 용이성 향상, ADL 수행 능력 개선","공간: 침실. 개선전략: 침대 및 의자 높이를 사용자의 무릎 높이에 맞춰 조정하고(앉았을 때 발바닥이 바닥에 닿도록) 손잡이(베드사이드 레일, 팔걸이 달린 의자) 설치 및 고정. 기대효과: 앉았다 일어서기 동작 수행 용이성 향상, ADL 수행 능력 개선",review study,비체계적 리뷰/문헌고찰,1,0.333,Tier 3,TRUE,"침대, 의자(팔걸이), 베드사이드 레일",A safe home for older adults from the point of view of an occupational therapist.,,미확인_0.42,10.61983/lcrh.v61i3.67,https://doi.org/10.61983/lcrh.v61i3.67,"위험요인=근력상태_의자나 침대에 앉았다가 일어나기 5회 반복 | 모델요인=근력상태_의자나 침대에 앉았다가 일어나기 5회 반복 | 별칭=근력상태_의자나 침대에 앉았다가 일어나기 5회 반복 | 공간=침실|거실 | 개선대상=침대, 의자(팔걸이), 베드사이드 레일 | 개선전략=침대 및 의자 높이를 사용자의 무릎 높이에 맞춰 조정하고(앉았을 때 발바닥이 바닥에 닿도록) 손잡이(베드사이드 레일, 팔걸이 달린 의자) 설치 및 고정 | 기대효과=앉았다 일어서기 동작 수행 용이성 향상, ADL 수행 능력 개선 | 근거유형=비체계적 리뷰/문헌고찰 | 출처=A safe home for older adults from the point of view of an occupational therapist.",검토필요_리뷰유형모호,체계적 문헌고찰인지 서술적 리뷰인지 원문 확인 필요
E0155,single,동작수행 어려움_운동장 한 바퀴(400m)정도 걷기,,동작수행 어려움_운동장 한 바퀴(400m)정도 걷기,,동작수행 어려움_운동장 한 바퀴(400m)정도 걷기,원문명_유지,동작수행 어려움_운동장 한 바퀴(400m)정도 걷기,복도,복도|주거 외부|주거공간 전반,"주거공간 전반, 복도, 야외 진입로","실내외 보행 동선에서 장애물과 잡동사니 제거, 연속적인 미끄럼 방지 바닥면 확보, 휴식용 의자 배치 및 적절한 조명과 손잡이(난간) 설치","장거리 보행 시 안전성과 지구력 유지 지원, 기능적 보행성 향상","공간: 복도. 개선전략: 실내외 보행 동선에서 장애물과 잡동사니 제거, 연속적인 미끄럼 방지 바닥면 확보, 휴식용 의자 배치 및 적절한 조명과 손잡이(난간) 설치. 기대효과: 장거리 보행 시 안전성과 지구력 유지 지원, 기능적 보행성 향상",review study,비체계적 리뷰/문헌고찰,1,0.333,Tier 3,TRUE,"바닥, 휴식용 의자, 난간, 조명",A safe home for older adults from the point of view of an occupational therapist.,,미확인_0.42,10.61983/lcrh.v61i3.67,https://doi.org/10.61983/lcrh.v61i3.67,"위험요인=동작수행 어려움_운동장 한 바퀴(400m)정도 걷기 | 모델요인=동작수행 어려움_운동장 한 바퀴(400m)정도 걷기 | 별칭=동작수행 어려움_운동장 한 바퀴(400m)정도 걷기 | 공간=복도|주거 외부|주거공간 전반 | 개선대상=바닥, 휴식용 의자, 난간, 조명 | 개선전략=실내외 보행 동선에서 장애물과 잡동사니 제거, 연속적인 미끄럼 방지 바닥면 확보, 휴식용 의자 배치 및 적절한 조명과 손잡이(난간) 설치 | 기대효과=장거리 보행 시 안전성과 지구력 유지 지원, 기능적 보행성 향상 | 근거유형=비체계적 리뷰/문헌고찰 | 출처=A safe home for older adults from the point of view of an occupational therapist.",검토필요_리뷰유형모호,체계적 문헌고찰인지 서술적 리뷰인지 원문 확인 필요
E0156,single,동작수행 어려움_쉬지않고 10계단 오르기,,동작수행 어려움_쉬지않고 10계단 오르기,,동작수행 어려움_쉬지않고 10계단 오르기,원문명_유지,동작수행 어려움_쉬지않고 10계단 오르기,계단,계단,계단,"계단 양쪽에 튼튼한 손잡이(난간) 설치, 논슬립 계단 밟음(tread) 또는 논슬립 매트 부착, 계단 상하부에 충분한 조명 및 스위치 접근성 확보",계단 오르내리기 시 안정성 향상 및 낙상 위험 요인 감소,"공간: 계단. 개선전략: 계단 양쪽에 튼튼한 손잡이(난간) 설치, 논슬립 계단 밟음(tread) 또는 논슬립 매트 부착, 계단 상하부에 충분한 조명 및 스위치 접근성 확보. 기대효과: 계단 오르내리기 시 안정성 향상 및 낙상 위험 요인 감소",review study,비체계적 리뷰/문헌고찰,1,0.333,Tier 3,TRUE,"계단 난간, 계단 표면(논슬립 처리), 조명",A safe home for older adults from the point of view of an occupational therapist.,,미확인_0.42,10.61983/lcrh.v61i3.67,https://doi.org/10.61983/lcrh.v61i3.67,"위험요인=동작수행 어려움_쉬지않고 10계단 오르기 | 모델요인=동작수행 어려움_쉬지않고 10계단 오르기 | 별칭=동작수행 어려움_쉬지않고 10계단 오르기 | 공간=계단 | 개선대상=계단 난간, 계단 표면(논슬립 처리), 조명 | 개선전략=계단 양쪽에 튼튼한 손잡이(난간) 설치, 논슬립 계단 밟음(tread) 또는 논슬립 매트 부착, 계단 상하부에 충분한 조명 및 스위치 접근성 확보 | 기대효과=계단 오르내리기 시 안정성 향상 및 낙상 위험 요인 감소 | 근거유형=비체계적 리뷰/문헌고찰 | 출처=A safe home for older adults from the point of view of an occupational therapist.",검토필요_리뷰유형모호,체계적 문헌고찰인지 서술적 리뷰인지 원문 확인 필요
E0157,single,동작수행 어려움_몸 구부리거나 쭈그려 앉거나 무릎 꿇기,,동작수행 어려움_몸 구부리거나 쭈그려 앉거나 무릎 꿇기,,동작수행 어려움_몸 구부리거나 쭈그려 앉거나 무릎 꿇기,원문명_유지,동작수행 어려움_몸 구부리거나 쭈그려 앉거나 무릎 꿇기,주방,주방,"주방, 세탁실, 저장공간",자주 사용하는 물품을 허리~어깨 높이(허리 범위)에 재배치하고 풀아웃 서랍·슬라이딩 선반 설치로 굽히지 않고 접근 가능하게 설계,굽히거나 쭈그려 앉는 동작 감소로 인한 부담 경감 및 접근성 향상,공간: 주방. 개선전략: 자주 사용하는 물품을 허리~어깨 높이(허리 범위)에 재배치하고 풀아웃 서랍·슬라이딩 선반 설치로 굽히지 않고 접근 가능하게 설계. 기대효과: 굽히거나 쭈그려 앉는 동작 감소로 인한 부담 경감 및 접근성 향상,review study,비체계적 리뷰/문헌고찰,1,0.333,Tier 3,TRUE,"주방 캐비닛(풀아웃 서랍), 선반",A safe home for older adults from the point of view of an occupational therapist.,,미확인_0.42,10.61983/lcrh.v61i3.67,https://doi.org/10.61983/lcrh.v61i3.67,"위험요인=동작수행 어려움_몸 구부리거나 쭈그려 앉거나 무릎 꿇기 | 모델요인=동작수행 어려움_몸 구부리거나 쭈그려 앉거나 무릎 꿇기 | 별칭=동작수행 어려움_몸 구부리거나 쭈그려 앉거나 무릎 꿇기 | 공간=주방 | 개선대상=주방 캐비닛(풀아웃 서랍), 선반 | 개선전략=자주 사용하는 물품을 허리~어깨 높이(허리 범위)에 재배치하고 풀아웃 서랍·슬라이딩 선반 설치로 굽히지 않고 접근 가능하게 설계 | 기대효과=굽히거나 쭈그려 앉는 동작 감소로 인한 부담 경감 및 접근성 향상 | 근거유형=비체계적 리뷰/문헌고찰 | 출처=A safe home for older adults from the point of view of an occupational therapist.",검토필요_리뷰유형모호,체계적 문헌고찰인지 서술적 리뷰인지 원문 확인 필요
E0158,single,동작수행 어려움_머리보다 높은 곳에 있는 것 손 뻗쳐 닿기,,동작수행 어려움_머리보다 높은 곳에 있는 것 손 뻗쳐 닿기,,동작수행 어려움_머리보다 높은 곳에 있는 것 손 뻗쳐 닿기,원문명_유지,동작수행 어려움_머리보다 높은 곳에 있는 것 손 뻗쳐 닿기,주방,주방,"주방, 다용도 수납공간","벽걸이 수납장 및 상부 선반에 있는 자주 쓰는 물품을 눈높이~허리높이로 낮춰 재배치하고, 상부 수납에는 풀다운(pull-down) 선반 또는 전자제품을 낮은 위치로 이동","높이로 인한 과도한 손뻗침 및 의자/사다리 사용 감소, 균형상실 위험 감소","공간: 주방. 개선전략: 벽걸이 수납장 및 상부 선반에 있는 자주 쓰는 물품을 눈높이~허리높이로 낮춰 재배치하고, 상부 수납에는 풀다운(pull-down) 선반 또는 전자제품을 낮은 위치로 이동. 기대효과: 높이로 인한 과도한 손뻗침 및 의자/사다리 사용 감소, 균형상실 위험 감소",review study,비체계적 리뷰/문헌고찰,1,0.333,Tier 3,TRUE,"벽걸이 수납장, 상부 선반, 전자레인지 등 주방기기",A safe home for older adults from the point of view of an occupational therapist.,,미확인_0.42,10.61983/lcrh.v61i3.67,https://doi.org/10.61983/lcrh.v61i3.67,"위험요인=동작수행 어려움_머리보다 높은 곳에 있는 것 손 뻗쳐 닿기 | 모델요인=동작수행 어려움_머리보다 높은 곳에 있는 것 손 뻗쳐 닿기 | 별칭=동작수행 어려움_머리보다 높은 곳에 있는 것 손 뻗쳐 닿기 | 공간=주방 | 개선대상=벽걸이 수납장, 상부 선반, 전자레인지 등 주방기기 | 개선전략=벽걸이 수납장 및 상부 선반에 있는 자주 쓰는 물품을 눈높이~허리높이로 낮춰 재배치하고, 상부 수납에는 풀다운(pull-down) 선반 또는 전자제품을 낮은 위치로 이동 | 기대효과=높이로 인한 과도한 손뻗침 및 의자/사다리 사용 감소, 균형상실 위험 감소 | 근거유형=비체계적 리뷰/문헌고찰 | 출처=A safe home for older adults from the point of view of an occupational therapist.",검토필요_리뷰유형모호,체계적 문헌고찰인지 서술적 리뷰인지 원문 확인 필요
E0159,single,동작수행 어려움_쌀 1말(8kg) 정도 물건 들어 올리거나 옮기기,,동작수행 어려움_쌀 1말(8kg) 정도 물건 들어 올리거나 옮기기,,동작수행 어려움_쌀 1말(8kg) 정도 물건 들어 올리거나 옮기기,원문명_유지,동작수행 어려움_쌀 1말(8kg) 정도 물건 들어 올리거나 옮기기,주방,주방,"주방, 식당, 식료품 보관 구역","무거운 물품 운반을 위해 서빙 트롤리(카트) 제공, 무거운 식품·용품은 허리높이 저장으로 재배치",직접적인 중량물 운반 감소로 인한 근력 부담 경감 및 낙상·균형 손실 위험 감소,"공간: 주방. 개선전략: 무거운 물품 운반을 위해 서빙 트롤리(카트) 제공, 무거운 식품·용품은 허리높이 저장으로 재배치. 기대효과: 직접적인 중량물 운반 감소로 인한 근력 부담 경감 및 낙상·균형 손실 위험 감소",review study,비체계적 리뷰/문헌고찰,1,0.333,Tier 3,TRUE,"서빙 트롤리, 저장선반",A safe home for older adults from the point of view of an occupational therapist.,,미확인_0.42,10.61983/lcrh.v61i3.67,https://doi.org/10.61983/lcrh.v61i3.67,"위험요인=동작수행 어려움_쌀 1말(8kg) 정도 물건 들어 올리거나 옮기기 | 모델요인=동작수행 어려움_쌀 1말(8kg) 정도 물건 들어 올리거나 옮기기 | 별칭=동작수행 어려움_쌀 1말(8kg) 정도 물건 들어 올리거나 옮기기 | 공간=주방 | 개선대상=서빙 트롤리, 저장선반 | 개선전략=무거운 물품 운반을 위해 서빙 트롤리(카트) 제공, 무거운 식품·용품은 허리높이 저장으로 재배치 | 기대효과=직접적인 중량물 운반 감소로 인한 근력 부담 경감 및 낙상·균형 손실 위험 감소 | 근거유형=비체계적 리뷰/문헌고찰 | 출처=A safe home for older adults from the point of view of an occupational therapist.",검토필요_리뷰유형모호,체계적 문헌고찰인지 서술적 리뷰인지 원문 확인 필요
E0160,single,Nutritional,,영양상태,,Nutritional|영양상태|영양,대표모델명_자동매핑,Nutritional,주방,주방,주방,조리대와 조리기구를 허리높이에 배치하고 전자기기(전자레인지 등)를 손이 닿는 위치에 설치하여 식사준비를 독립적으로 수행할 수 있도록 구성,"식사 준비 능력 및 IADL 수행성 향상, 영양 섭취 유지 지원","공간: 주방. 개선전략: 조리대와 조리기구를 허리높이에 배치하고 전자기기(전자레인지 등)를 손이 닿는 위치에 설치하여 식사준비를 독립적으로 수행할 수 있도록 구성. 기대효과: 식사 준비 능력 및 IADL 수행성 향상, 영양 섭취 유지 지원",review study,비체계적 리뷰/문헌고찰,1,0.333,Tier 3,TRUE,"조리대, 전자기기, 저장장",A safe home for older adults from the point of view of an occupational therapist.,,미확인_0.42,10.61983/lcrh.v61i3.67,https://doi.org/10.61983/lcrh.v61i3.67,"위험요인=영양상태 | 모델요인=Nutritional | 별칭=Nutritional|영양상태|영양 | 공간=주방 | 개선대상=조리대, 전자기기, 저장장 | 개선전략=조리대와 조리기구를 허리높이에 배치하고 전자기기(전자레인지 등)를 손이 닿는 위치에 설치하여 식사준비를 독립적으로 수행할 수 있도록 구성 | 기대효과=식사 준비 능력 및 IADL 수행성 향상, 영양 섭취 유지 지원 | 근거유형=비체계적 리뷰/문헌고찰 | 출처=A safe home for older adults from the point of view of an occupational therapist.",검토필요_리뷰유형모호,체계적 문헌고찰인지 서술적 리뷰인지 원문 확인 필요
E0161,single,ADL,,ADL,,ADL|일상생활수행능력,대표모델명_자동매핑,ADL,욕실,욕실,욕실/화장실,"변기 옆 및 샤워/욕조 주변에 견고한 손잡이(손레일) 설치, 샤워 의자 또는 욕조 시트 제공, 바닥에 논슬립 처리 및 변기 높이 조절(토일렛 레이저) 적용",세면·배변·목욕 관련 기본 활동 수행성 향상 및 안전성 증대,"공간: 욕실. 개선전략: 변기 옆 및 샤워/욕조 주변에 견고한 손잡이(손레일) 설치, 샤워 의자 또는 욕조 시트 제공, 바닥에 논슬립 처리 및 변기 높이 조절(토일렛 레이저) 적용. 기대효과: 세면·배변·목욕 관련 기본 활동 수행성 향상 및 안전성 증대",review study,비체계적 리뷰/문헌고찰,1,0.333,Tier 3,TRUE,"손잡이(레일), 샤워 의자, 논슬립 바닥, 변기 부속(높이 조절)",A safe home for older adults from the point of view of an occupational therapist.,,미확인_0.42,10.61983/lcrh.v61i3.67,https://doi.org/10.61983/lcrh.v61i3.67,"위험요인=ADL | 모델요인=ADL | 별칭=ADL|일상생활수행능력 | 공간=욕실 | 개선대상=손잡이(레일), 샤워 의자, 논슬립 바닥, 변기 부속(높이 조절) | 개선전략=변기 옆 및 샤워/욕조 주변에 견고한 손잡이(손레일) 설치, 샤워 의자 또는 욕조 시트 제공, 바닥에 논슬립 처리 및 변기 높이 조절(토일렛 레이저) 적용 | 기대효과=세면·배변·목욕 관련 기본 활동 수행성 향상 및 안전성 증대 | 근거유형=비체계적 리뷰/문헌고찰 | 출처=A safe home for older adults from the point of view of an occupational therapist.",검토필요_리뷰유형모호,체계적 문헌고찰인지 서술적 리뷰인지 원문 확인 필요
E0162,single,IADL,,IADL,,IADL|도구적 일상생활수행능력,대표모델명_자동매핑,IADL,주방,주방|주거공간 전반,"주방, 주거공간 전반","조리·청소·세탁 동선을 고려한 수납·기기 배치(자주 쓰는 물품을 접근 가능한 높이에 배치), 외부 출입 시 이동기구(램프·경사로) 및 자동문 등으로 접근성 확보",가사 및 복합적 일상활동(IADL) 수행능력 향상 및 독립성 유지,"공간: 주방. 개선전략: 조리·청소·세탁 동선을 고려한 수납·기기 배치(자주 쓰는 물품을 접근 가능한 높이에 배치), 외부 출입 시 이동기구(램프·경사로) 및 자동문 등으로 접근성 확보. 기대효과: 가사 및 복합적 일상활동(IADL) 수행능력 향상 및 독립성 유지",review study,비체계적 리뷰/문헌고찰,1,0.333,Tier 3,TRUE,"수납장, 전자기기, 출입문(자동문/경사로)",A safe home for older adults from the point of view of an occupational therapist.,,미확인_0.42,10.61983/lcrh.v61i3.67,https://doi.org/10.61983/lcrh.v61i3.67,"위험요인=IADL | 모델요인=IADL | 별칭=IADL|도구적 일상생활수행능력 | 공간=주방|주거공간 전반 | 개선대상=수납장, 전자기기, 출입문(자동문/경사로) | 개선전략=조리·청소·세탁 동선을 고려한 수납·기기 배치(자주 쓰는 물품을 접근 가능한 높이에 배치), 외부 출입 시 이동기구(램프·경사로) 및 자동문 등으로 접근성 확보 | 기대효과=가사 및 복합적 일상활동(IADL) 수행능력 향상 및 독립성 유지 | 근거유형=비체계적 리뷰/문헌고찰 | 출처=A safe home for older adults from the point of view of an occupational therapist.",검토필요_리뷰유형모호,체계적 문헌고찰인지 서술적 리뷰인지 원문 확인 필요
E0163,single,일상생활의 불편함_시력,,시력,,시력|일상생활의 불편함_시력|시각기능,대표모델명_자동매핑,시력,욕실,욕실|침실|복도|주거 외부,"침실, 복도, 욕실, 외부 진입로","침대에서 화장실까지의 경로 및 복도에 동작감지 야간등 설치, 전체적인 실내·외 조도 향상(작업등·범용 조명) 및 계단·수평 변화에 대비한 명암 대비 표시",야간 및 저시력 상황에서 시인성 향상으로 인해 넘어짐·걸림 위험 감소,"공간: 욕실. 개선전략: 침대에서 화장실까지의 경로 및 복도에 동작감지 야간등 설치, 전체적인 실내·외 조도 향상(작업등·범용 조명) 및 계단·수평 변화에 대비한 명암 대비 표시. 기대효과: 야간 및 저시력 상황에서 시인성 향상으로 인해 넘어짐·걸림 위험 감소",review study,비체계적 리뷰/문헌고찰,1,0.333,Tier 3,TRUE,"조명, 야간 센서등, 계단 표식",A safe home for older adults from the point of view of an occupational therapist.,,미확인_0.42,10.61983/lcrh.v61i3.67,https://doi.org/10.61983/lcrh.v61i3.67,"위험요인=시력 | 모델요인=일상생활의 불편함_시력 | 별칭=시력|일상생활의 불편함_시력|시각기능 | 공간=욕실|침실|복도|주거 외부 | 개선대상=조명, 야간 센서등, 계단 표식 | 개선전략=침대에서 화장실까지의 경로 및 복도에 동작감지 야간등 설치, 전체적인 실내·외 조도 향상(작업등·범용 조명) 및 계단·수평 변화에 대비한 명암 대비 표시 | 기대효과=야간 및 저시력 상황에서 시인성 향상으로 인해 넘어짐·걸림 위험 감소 | 근거유형=비체계적 리뷰/문헌고찰 | 출처=A safe home for older adults from the point of view of an occupational therapist.",검토필요_리뷰유형모호,체계적 문헌고찰인지 서술적 리뷰인지 원문 확인 필요
E0164,single,일상생활의 불편함_청력,,청력,,청력|일상생활의 불편함_청력|청각기능,대표모델명_자동매핑,청력,현관,현관|주거공간 전반,"현관, 주거공간 전반","시각적 알림이 가능한 비상알림기(플래시 연동 도어벨·알람) 및 소리가 아닌 시각 신호로 알려주는 장치 배치, 호출기·SOS 브레이슬릿 등 착용형 호출기 제공",청력 저하가 있는 사용자의 방문자·비상 상황 인식 개선 및 응급호출 가능성 향상,"공간: 현관. 개선전략: 시각적 알림이 가능한 비상알림기(플래시 연동 도어벨·알람) 및 소리가 아닌 시각 신호로 알려주는 장치 배치, 호출기·SOS 브레이슬릿 등 착용형 호출기 제공. 기대효과: 청력 저하가 있는 사용자의 방문자·비상 상황 인식 개선 및 응급호출 가능성 향상",review study,비체계적 리뷰/문헌고찰,1,0.333,Tier 3,TRUE,"알람 센서, 도어벨(시각 연동), SOS 호출기",A safe home for older adults from the point of view of an occupational therapist.,,미확인_0.42,10.61983/lcrh.v61i3.67,https://doi.org/10.61983/lcrh.v61i3.67,"위험요인=청력 | 모델요인=일상생활의 불편함_청력 | 별칭=청력|일상생활의 불편함_청력|청각기능 | 공간=현관|주거공간 전반 | 개선대상=알람 센서, 도어벨(시각 연동), SOS 호출기 | 개선전략=시각적 알림이 가능한 비상알림기(플래시 연동 도어벨·알람) 및 소리가 아닌 시각 신호로 알려주는 장치 배치, 호출기·SOS 브레이슬릿 등 착용형 호출기 제공 | 기대효과=청력 저하가 있는 사용자의 방문자·비상 상황 인식 개선 및 응급호출 가능성 향상 | 근거유형=비체계적 리뷰/문헌고찰 | 출처=A safe home for older adults from the point of view of an occupational therapist.",검토필요_리뷰유형모호,체계적 문헌고찰인지 서술적 리뷰인지 원문 확인 필요
E0165,single,GDS,,우울,,우울|GDS|우울증상,대표모델명_자동매핑,우울,현관,현관|주거 외부|주거공간 전반,"주거공간 전반, 현관, 외부(정원/발코니)",현관 접근성 개선(경사로·자동문)과 외부 휴식공간(벤치 등) 설치로 이웃 간 만남·실외 활동 접근성 확대 및 내부 동선 정리로 활동 참여 촉진,환경적 접근성 개선을 통한 사회적 참여 촉진 및 정서적·신체적 안녕감 향상(우울 관련 긍정적 영향 보고),공간: 현관. 개선전략: 현관 접근성 개선(경사로·자동문)과 외부 휴식공간(벤치 등) 설치로 이웃 간 만남·실외 활동 접근성 확대 및 내부 동선 정리로 활동 참여 촉진. 기대효과: 환경적 접근성 개선을 통한 사회적 참여 촉진 및 정서적·신체적 안녕감 향상(우울 관련 긍정적 영향 보고),review study,비체계적 리뷰/문헌고찰,1,0.333,Tier 3,TRUE,"경사로/자동문, 외부 벤치, 현관 공간",A safe home for older adults from the point of view of an occupational therapist.,,미확인_0.42,10.61983/lcrh.v61i3.67,https://doi.org/10.61983/lcrh.v61i3.67,"위험요인=우울 | 모델요인=GDS | 별칭=우울|GDS|우울증상 | 공간=현관|주거 외부|주거공간 전반 | 개선대상=경사로/자동문, 외부 벤치, 현관 공간 | 개선전략=현관 접근성 개선(경사로·자동문)과 외부 휴식공간(벤치 등) 설치로 이웃 간 만남·실외 활동 접근성 확대 및 내부 동선 정리로 활동 참여 촉진 | 기대효과=환경적 접근성 개선을 통한 사회적 참여 촉진 및 정서적·신체적 안녕감 향상(우울 관련 긍정적 영향 보고) | 근거유형=비체계적 리뷰/문헌고찰 | 출처=A safe home for older adults from the point of view of an occupational therapist.",검토필요_리뷰유형모호,체계적 문헌고찰인지 서술적 리뷰인지 원문 확인 필요
E0166,single,인지기능_총점,,인지기능,,인지기능|인지기능_총점|인지저하,대표모델명_자동매핑,인지기능,욕실,욕실|침실|현관|주거공간 전반,"주거공간 전반, 욕실, 침실, 출입구","혼란·인지저하가 있는 환자 대상: 밤 시간 경로에 야간등 설치, 집 안 잡동사니 제거 및 통로 확보, 바닥재(무늬·미끄럼) 단순화, 욕실 손잡이 설치 및 낮은 문턱 제거/완화","인지저하 환자의 주거 내 이동성 및 길찾기 용이성 증대, 낙상 위험 요인 감소(치매 대상 연구에서 유의한 낙상 위험 감소 보고)","공간: 욕실. 개선전략: 혼란·인지저하가 있는 환자 대상: 밤 시간 경로에 야간등 설치, 집 안 잡동사니 제거 및 통로 확보, 바닥재(무늬·미끄럼) 단순화, 욕실 손잡이 설치 및 낮은 문턱 제거/완화. 기대효과: 인지저하 환자의 주거 내 이동성 및 길찾기 용이성 증대, 낙상 위험 요인 감소(치매 대상 연구에서 유의한 낙상 위험 감소 보고)",review study,비체계적 리뷰/문헌고찰,1,0.333,Tier 3,TRUE,"야간등, 바닥재, 손잡이, 문턱(하단부)",A safe home for older adults from the point of view of an occupational therapist.,,미확인_0.42,10.61983/lcrh.v61i3.67,https://doi.org/10.61983/lcrh.v61i3.67,"위험요인=인지기능 | 모델요인=인지기능_총점 | 별칭=인지기능|인지기능_총점|인지저하 | 공간=욕실|침실|현관|주거공간 전반 | 개선대상=야간등, 바닥재, 손잡이, 문턱(하단부) | 개선전략=혼란·인지저하가 있는 환자 대상: 밤 시간 경로에 야간등 설치, 집 안 잡동사니 제거 및 통로 확보, 바닥재(무늬·미끄럼) 단순화, 욕실 손잡이 설치 및 낮은 문턱 제거/완화 | 기대효과=인지저하 환자의 주거 내 이동성 및 길찾기 용이성 증대, 낙상 위험 요인 감소(치매 대상 연구에서 유의한 낙상 위험 감소 보고) | 근거유형=비체계적 리뷰/문헌고찰 | 출처=A safe home for older adults from the point of view of an occupational therapist.",검토필요_리뷰유형모호,체계적 문헌고찰인지 서술적 리뷰인지 원문 확인 필요
E0167,single,수면,,수면,,수면|수면상태,대표모델명_자동매핑,수면,욕실,욕실|침실|복도,"침실, 복도, 욕실로 가는 동선","침대 옆에 고정형 침대등(베드램프) 설치 및 침대에서 화장실까지 이어지는 동선에 동작감지 야간등 설치, 바닥 매트 제거로 통로 정리",야간 기상 시 시인성 향상으로 인한 야간 낙상 위험 감소,"공간: 욕실. 개선전략: 침대 옆에 고정형 침대등(베드램프) 설치 및 침대에서 화장실까지 이어지는 동선에 동작감지 야간등 설치, 바닥 매트 제거로 통로 정리. 기대효과: 야간 기상 시 시인성 향상으로 인한 야간 낙상 위험 감소",review study,비체계적 리뷰/문헌고찰,1,0.333,Tier 3,TRUE,"베드램프, 동작감지 야간등, 바닥매트",A safe home for older adults from the point of view of an occupational therapist.,,미확인_0.42,10.61983/lcrh.v61i3.67,https://doi.org/10.61983/lcrh.v61i3.67,"위험요인=수면 | 모델요인=수면 | 별칭=수면|수면상태 | 공간=욕실|침실|복도 | 개선대상=베드램프, 동작감지 야간등, 바닥매트 | 개선전략=침대 옆에 고정형 침대등(베드램프) 설치 및 침대에서 화장실까지 이어지는 동선에 동작감지 야간등 설치, 바닥 매트 제거로 통로 정리 | 기대효과=야간 기상 시 시인성 향상으로 인한 야간 낙상 위험 감소 | 근거유형=비체계적 리뷰/문헌고찰 | 출처=A safe home for older adults from the point of view of an occupational therapist.",검토필요_리뷰유형모호,체계적 문헌고찰인지 서술적 리뷰인지 원문 확인 필요
E0168,single,규칙적 운동,,규칙적 운동,,규칙적 운동|운동,대표모델명_자동매핑,규칙적 운동,침실,침실|거실|주거 외부,"거실, 침실, 외부 정원·진입로","집 안에서 안전하게 운동할 수 있는 장애물 없는 공간 확보와 미끄럼 방지 바닥 확보, 외부 보행로의 접근성(평탄화·조명) 개선으로 규칙적 보행·운동 장려",주거 환경을 통한 규칙적 신체활동 실천 가능성 증가 및 활동 유지 지원,"공간: 침실. 개선전략: 집 안에서 안전하게 운동할 수 있는 장애물 없는 공간 확보와 미끄럼 방지 바닥 확보, 외부 보행로의 접근성(평탄화·조명) 개선으로 규칙적 보행·운동 장려. 기대효과: 주거 환경을 통한 규칙적 신체활동 실천 가능성 증가 및 활동 유지 지원",review study,비체계적 리뷰/문헌고찰,1,0.333,Tier 3,TRUE,"바닥, 외부 보행로, 조명",A safe home for older adults from the point of view of an occupational therapist.,,미확인_0.42,10.61983/lcrh.v61i3.67,https://doi.org/10.61983/lcrh.v61i3.67,"위험요인=규칙적 운동 | 모델요인=규칙적 운동 | 별칭=규칙적 운동|운동 | 공간=침실|거실|주거 외부 | 개선대상=바닥, 외부 보행로, 조명 | 개선전략=집 안에서 안전하게 운동할 수 있는 장애물 없는 공간 확보와 미끄럼 방지 바닥 확보, 외부 보행로의 접근성(평탄화·조명) 개선으로 규칙적 보행·운동 장려 | 기대효과=주거 환경을 통한 규칙적 신체활동 실천 가능성 증가 및 활동 유지 지원 | 근거유형=비체계적 리뷰/문헌고찰 | 출처=A safe home for older adults from the point of view of an occupational therapist.",검토필요_리뷰유형모호,체계적 문헌고찰인지 서술적 리뷰인지 원문 확인 필요
E0169,single,의사진단 만성질환 총 수,,만성질환,,만성질환|의사진단 만성질환 총 수|만성질환 수,대표모델명_자동매핑,만성질환,욕실,욕실|주거공간 전반,"욕실, 주거공간 전반","만성질환으로 기능이 저하된 경우를 고려하여 욕실 손잡이·샤워 의자 설치, 논슬립 바닥, 변기 높이 조절 등 표준적 보조설비 적용",만성질환으로 인한 일상 동작 수행 부담 경감 및 안전성 증대,"공간: 욕실. 개선전략: 만성질환으로 기능이 저하된 경우를 고려하여 욕실 손잡이·샤워 의자 설치, 논슬립 바닥, 변기 높이 조절 등 표준적 보조설비 적용. 기대효과: 만성질환으로 인한 일상 동작 수행 부담 경감 및 안전성 증대",review study,비체계적 리뷰/문헌고찰,1,0.333,Tier 3,TRUE,"손잡이, 샤워 의자, 논슬립 바닥, 변기",A safe home for older adults from the point of view of an occupational therapist.,,미확인_0.42,10.61983/lcrh.v61i3.67,https://doi.org/10.61983/lcrh.v61i3.67,"위험요인=만성질환 | 모델요인=의사진단 만성질환 총 수 | 별칭=만성질환|의사진단 만성질환 총 수|만성질환 수 | 공간=욕실|주거공간 전반 | 개선대상=손잡이, 샤워 의자, 논슬립 바닥, 변기 | 개선전략=만성질환으로 기능이 저하된 경우를 고려하여 욕실 손잡이·샤워 의자 설치, 논슬립 바닥, 변기 높이 조절 등 표준적 보조설비 적용 | 기대효과=만성질환으로 인한 일상 동작 수행 부담 경감 및 안전성 증대 | 근거유형=비체계적 리뷰/문헌고찰 | 출처=A safe home for older adults from the point of view of an occupational therapist.",검토필요_리뷰유형모호,체계적 문헌고찰인지 서술적 리뷰인지 원문 확인 필요
E0170,single,독거 또는 사회적 고립,,독거 또는 사회적 고립,,독거 또는 사회적 고립|독거|사회적 고립,대표모델명_자동매핑,독거 또는 사회적 고립,침실,침실|주거공간 전반,"주거공간 전반, 침실","휴대폰·긴급 호출기(SOS) 등을 침대 근처 접근 가능한 위치에 배치하고 착용형 호출기나 자동 연결 가능한 비상 통신장치 설치, 이웃 연락처 및 대체 키 보관 위치 명시",응급상황 발생 시 신속한 호출 가능성 향상 및 고립 시 안전 보장(심리적 안정감 제공),"공간: 침실. 개선전략: 휴대폰·긴급 호출기(SOS) 등을 침대 근처 접근 가능한 위치에 배치하고 착용형 호출기나 자동 연결 가능한 비상 통신장치 설치, 이웃 연락처 및 대체 키 보관 위치 명시. 기대효과: 응급상황 발생 시 신속한 호출 가능성 향상 및 고립 시 안전 보장(심리적 안정감 제공)",review study,비체계적 리뷰/문헌고찰,1,0.333,Tier 3,TRUE,"휴대폰 위치, SOS 호출기, 연락처 목록",A safe home for older adults from the point of view of an occupational therapist.,,미확인_0.42,10.61983/lcrh.v61i3.67,https://doi.org/10.61983/lcrh.v61i3.67,"위험요인=독거 또는 사회적 고립 | 모델요인=독거 또는 사회적 고립 | 별칭=독거 또는 사회적 고립|독거|사회적 고립 | 공간=침실|주거공간 전반 | 개선대상=휴대폰 위치, SOS 호출기, 연락처 목록 | 개선전략=휴대폰·긴급 호출기(SOS) 등을 침대 근처 접근 가능한 위치에 배치하고 착용형 호출기나 자동 연결 가능한 비상 통신장치 설치, 이웃 연락처 및 대체 키 보관 위치 명시 | 기대효과=응급상황 발생 시 신속한 호출 가능성 향상 및 고립 시 안전 보장(심리적 안정감 제공) | 근거유형=비체계적 리뷰/문헌고찰 | 출처=A safe home for older adults from the point of view of an occupational therapist.",검토필요_리뷰유형모호,체계적 문헌고찰인지 서술적 리뷰인지 원문 확인 필요
E0171,single,낙상 경험,,낙상 경험,,낙상 경험|낙상경험|과거 낙상,대표모델명_자동매핑,낙상 경험,욕실,욕실|계단|침실|주거공간 전반,"주거공간 전반(침실, 욕실, 계단 포함)","개별 가정 방문 평가를 통한 고위험 지점 우선순위 설정 및 카펫·전선 제거, 손잡이 설치, 논슬립 바닥, 적정 조명, 욕실·침실 간 이동 동선 정비 등의 포괄적 주택 수정 수행(대상자 맞춤형)",고위험자 대상 환경개선은 낙상률 및 낙상자 수 감소에 효과적이라는 근거(리뷰 및 무작위·대조연구 종합 보고),"공간: 욕실. 개선전략: 개별 가정 방문 평가를 통한 고위험 지점 우선순위 설정 및 카펫·전선 제거, 손잡이 설치, 논슬립 바닥, 적정 조명, 욕실·침실 간 이동 동선 정비 등의 포괄적 주택 수정 수행(대상자 맞춤형). 기대효과: 고위험자 대상 환경개선은 낙상률 및 낙상자 수 감소에 효과적이라는 근거(리뷰 및 무작위·대조연구 종합 보고)",review study,비체계적 리뷰/문헌고찰,1,0.333,Tier 3,TRUE,"카펫·전선, 손잡이, 논슬립 바닥, 조명",A safe home for older adults from the point of view of an occupational therapist.,,미확인_0.42,10.61983/lcrh.v61i3.67,https://doi.org/10.61983/lcrh.v61i3.67,"위험요인=낙상 경험 | 모델요인=낙상 경험 | 별칭=낙상 경험|낙상경험|과거 낙상 | 공간=욕실|계단|침실|주거공간 전반 | 개선대상=카펫·전선, 손잡이, 논슬립 바닥, 조명 | 개선전략=개별 가정 방문 평가를 통한 고위험 지점 우선순위 설정 및 카펫·전선 제거, 손잡이 설치, 논슬립 바닥, 적정 조명, 욕실·침실 간 이동 동선 정비 등의 포괄적 주택 수정 수행(대상자 맞춤형) | 기대효과=고위험자 대상 환경개선은 낙상률 및 낙상자 수 감소에 효과적이라는 근거(리뷰 및 무작위·대조연구 종합 보고) | 근거유형=비체계적 리뷰/문헌고찰 | 출처=A safe home for older adults from the point of view of an occupational therapist.",검토필요_리뷰유형모호,체계적 문헌고찰인지 서술적 리뷰인지 원문 확인 필요
E0172,single,ADL,,ADL,,ADL|일상생활수행능력,대표모델명_자동매핑,ADL,현관,현관,현관/출입구,현관 및 실내 출입구에 있는 문턱을 제거하여 실내·외 이동 시 단차(문턱) 제거,주택 개조 설치 후 자기보고된 일상생활 과제 수행의 어려움 감소(최대 6개월 관찰),공간: 현관. 개선전략: 현관 및 실내 출입구에 있는 문턱을 제거하여 실내·외 이동 시 단차(문턱) 제거. 기대효과: 주택 개조 설치 후 자기보고된 일상생활 과제 수행의 어려움 감소(최대 6개월 관찰),비무작위 중재연구,코호트/비무작위 중재연구,2,0.667,Tier 2,TRUE,문턱,Longitudinal changes in everyday life after home modi?cations for people aging with disabilities,Longitudinal changes in everyday life after home modifications for people aging with disabilities.pdf,자동매칭_0.99,10.1080/11038120802409747,https://doi.org/10.1080/11038120802409747,위험요인=ADL | 모델요인=ADL | 별칭=ADL|일상생활수행능력 | 공간=현관 | 개선대상=문턱 | 개선전략=현관 및 실내 출입구에 있는 문턱을 제거하여 실내·외 이동 시 단차(문턱) 제거 | 기대효과=주택 개조 설치 후 자기보고된 일상생활 과제 수행의 어려움 감소(최대 6개월 관찰) | 근거유형=코호트/비무작위 중재연구 | 출처=Longitudinal changes in everyday life after home modi?cations for people aging with disabilities,자동분류완료,
E0173,single,ADL,,ADL,,ADL|일상생활수행능력,대표모델명_자동매핑,ADL,현관,현관,현관/출입구,현관(주출입구)에 자동문 개폐장치(automatic door opener) 설치로 출입 동작의 물리적 부담 경감,주택 개조 설치 후 자기보고된 일상생활 과제 수행의 어려움 감소(최대 6개월 관찰),공간: 현관. 개선전략: 현관(주출입구)에 자동문 개폐장치(automatic door opener) 설치로 출입 동작의 물리적 부담 경감. 기대효과: 주택 개조 설치 후 자기보고된 일상생활 과제 수행의 어려움 감소(최대 6개월 관찰),비무작위 중재연구,코호트/비무작위 중재연구,2,0.667,Tier 2,TRUE,문/자동문 개폐장치,Longitudinal changes in everyday life after home modi?cations for people aging with disabilities,Longitudinal changes in everyday life after home modifications for people aging with disabilities.pdf,자동매칭_0.99,10.1080/11038120802409747,https://doi.org/10.1080/11038120802409747,위험요인=ADL | 모델요인=ADL | 별칭=ADL|일상생활수행능력 | 공간=현관 | 개선대상=문/자동문 개폐장치 | 개선전략=현관(주출입구)에 자동문 개폐장치(automatic door opener) 설치로 출입 동작의 물리적 부담 경감 | 기대효과=주택 개조 설치 후 자기보고된 일상생활 과제 수행의 어려움 감소(최대 6개월 관찰) | 근거유형=코호트/비무작위 중재연구 | 출처=Longitudinal changes in everyday life after home modi?cations for people aging with disabilities,자동분류완료,
E0174,single,ADL,,ADL,,ADL|일상생활수행능력,대표모델명_자동매핑,ADL,현관,현관|주거 외부,현관/출입구(외부),주택 출입부에 경사로(램프) 설치로 계단·단차를 대체하여 접근성 향상,주택 개조 설치 후 자기보고된 일상생활 과제 수행의 어려움 감소(최대 6개월 관찰),공간: 현관. 개선전략: 주택 출입부에 경사로(램프) 설치로 계단·단차를 대체하여 접근성 향상. 기대효과: 주택 개조 설치 후 자기보고된 일상생활 과제 수행의 어려움 감소(최대 6개월 관찰),비무작위 중재연구,코호트/비무작위 중재연구,2,0.667,Tier 2,TRUE,경사로(램프),Longitudinal changes in everyday life after home modi?cations for people aging with disabilities,Longitudinal changes in everyday life after home modifications for people aging with disabilities.pdf,자동매칭_0.99,10.1080/11038120802409747,https://doi.org/10.1080/11038120802409747,위험요인=ADL | 모델요인=ADL | 별칭=ADL|일상생활수행능력 | 공간=현관|주거 외부 | 개선대상=경사로(램프) | 개선전략=주택 출입부에 경사로(램프) 설치로 계단·단차를 대체하여 접근성 향상 | 기대효과=주택 개조 설치 후 자기보고된 일상생활 과제 수행의 어려움 감소(최대 6개월 관찰) | 근거유형=코호트/비무작위 중재연구 | 출처=Longitudinal changes in everyday life after home modi?cations for people aging with disabilities,자동분류완료,
E0175,single,동작수행 어려움_쉬지않고 10계단 오르기,,동작수행 어려움_쉬지않고 10계단 오르기,,동작수행 어려움_쉬지않고 10계단 오르기,원문명_유지,동작수행 어려움_쉬지않고 10계단 오르기,계단,계단,계단,계단 이동이 필요한 주택 구간에 스테어리프트(계단 승강기) 설치 또는 계단 우회 경사로 설치,계단 관련 이동 과제의 수행 어려움 완화 및 전반적 일상생활 과제 수행의 어려움 감소(자기보고),공간: 계단. 개선전략: 계단 이동이 필요한 주택 구간에 스테어리프트(계단 승강기) 설치 또는 계단 우회 경사로 설치. 기대효과: 계단 관련 이동 과제의 수행 어려움 완화 및 전반적 일상생활 과제 수행의 어려움 감소(자기보고),비무작위 중재연구,코호트/비무작위 중재연구,2,0.667,Tier 2,TRUE,계단/스테어리프트,Longitudinal changes in everyday life after home modi?cations for people aging with disabilities,Longitudinal changes in everyday life after home modifications for people aging with disabilities.pdf,자동매칭_0.99,10.1080/11038120802409747,https://doi.org/10.1080/11038120802409747,위험요인=동작수행 어려움_쉬지않고 10계단 오르기 | 모델요인=동작수행 어려움_쉬지않고 10계단 오르기 | 별칭=동작수행 어려움_쉬지않고 10계단 오르기 | 공간=계단 | 개선대상=계단/스테어리프트 | 개선전략=계단 이동이 필요한 주택 구간에 스테어리프트(계단 승강기) 설치 또는 계단 우회 경사로 설치 | 기대효과=계단 관련 이동 과제의 수행 어려움 완화 및 전반적 일상생활 과제 수행의 어려움 감소(자기보고) | 근거유형=코호트/비무작위 중재연구 | 출처=Longitudinal changes in everyday life after home modi?cations for people aging with disabilities,자동분류완료,
E0176,single,ADL,,ADL,,ADL|일상생활수행능력,대표모델명_자동매핑,ADL,욕실,욕실,욕실,욕실 개조(예: 욕조 제거 등)로 욕실 출입 및 목욕 수행 시 물리적 장벽 최소화,개인위생 관련 과제(목욕 등)의 수행 어려움 감소 및 자기보고된 일상생활 과제 수행의 어려움 전반적 감소,공간: 욕실. 개선전략: 욕실 개조(예: 욕조 제거 등)로 욕실 출입 및 목욕 수행 시 물리적 장벽 최소화. 기대효과: 개인위생 관련 과제(목욕 등)의 수행 어려움 감소 및 자기보고된 일상생활 과제 수행의 어려움 전반적 감소,비무작위 중재연구,코호트/비무작위 중재연구,2,0.667,Tier 2,TRUE,욕조,Longitudinal changes in everyday life after home modi?cations for people aging with disabilities,Longitudinal changes in everyday life after home modifications for people aging with disabilities.pdf,자동매칭_0.99,10.1080/11038120802409747,https://doi.org/10.1080/11038120802409747,위험요인=ADL | 모델요인=ADL | 별칭=ADL|일상생활수행능력 | 공간=욕실 | 개선대상=욕조 | 개선전략=욕실 개조(예: 욕조 제거 등)로 욕실 출입 및 목욕 수행 시 물리적 장벽 최소화 | 기대효과=개인위생 관련 과제(목욕 등)의 수행 어려움 감소 및 자기보고된 일상생활 과제 수행의 어려움 전반적 감소 | 근거유형=코호트/비무작위 중재연구 | 출처=Longitudinal changes in everyday life after home modi?cations for people aging with disabilities,자동분류완료,
E0177,single,IADL,,IADL,,IADL|도구적 일상생활수행능력,대표모델명_자동매핑,IADL,주거공간 전반,주거공간 전반,주거공간 전반,신청자의 기능적 어려움에 따라 문턱 제거·자동문·램프·욕실 개조·계단 보조장치 등 구조적·건축적 주택개조를 조합 적용하여 환경적 장벽 제거,도구적 활동 및 이동 관련 과제 수행의 자기보고된 어려움 감소(개입 후 최대 6개월 관찰),공간: 주거공간 전반. 개선전략: 신청자의 기능적 어려움에 따라 문턱 제거·자동문·램프·욕실 개조·계단 보조장치 등 구조적·건축적 주택개조를 조합 적용하여 환경적 장벽 제거. 기대효과: 도구적 활동 및 이동 관련 과제 수행의 자기보고된 어려움 감소(개입 후 최대 6개월 관찰),비무작위 중재연구,코호트/비무작위 중재연구,2,0.667,Tier 2,TRUE,,Longitudinal changes in everyday life after home modi?cations for people aging with disabilities,Longitudinal changes in everyday life after home modifications for people aging with disabilities.pdf,자동매칭_0.99,10.1080/11038120802409747,https://doi.org/10.1080/11038120802409747,위험요인=IADL | 모델요인=IADL | 별칭=IADL|도구적 일상생활수행능력 | 공간=주거공간 전반 | 개선대상= | 개선전략=신청자의 기능적 어려움에 따라 문턱 제거·자동문·램프·욕실 개조·계단 보조장치 등 구조적·건축적 주택개조를 조합 적용하여 환경적 장벽 제거 | 기대효과=도구적 활동 및 이동 관련 과제 수행의 자기보고된 어려움 감소(개입 후 최대 6개월 관찰) | 근거유형=코호트/비무작위 중재연구 | 출처=Longitudinal changes in everyday life after home modi?cations for people aging with disabilities,자동분류완료,
E0178,single,ADL,,ADL,,ADL|일상생활수행능력,대표모델명_자동매핑,ADL,주거공간 전반,주거공간 전반,주거공간 전반,필요성이 확인된 경우 주택 개조를 지체하지 않고 가능한 신속히 설치(논문에서는 장기 대기 시 개입 효과가 상실될 수 있음을 제시),설치 대기 기간이 길어질수록(월별 지연) 일상생활 과제 수행의 어려움이 증가하므로 적시 설치 시 개입 효과 유지,공간: 주거공간 전반. 개선전략: 필요성이 확인된 경우 주택 개조를 지체하지 않고 가능한 신속히 설치(논문에서는 장기 대기 시 개입 효과가 상실될 수 있음을 제시). 기대효과: 설치 대기 기간이 길어질수록(월별 지연) 일상생활 과제 수행의 어려움이 증가하므로 적시 설치 시 개입 효과 유지,비무작위 중재연구,코호트/비무작위 중재연구,2,0.667,Tier 2,TRUE,,Longitudinal changes in everyday life after home modi?cations for people aging with disabilities,Longitudinal changes in everyday life after home modifications for people aging with disabilities.pdf,자동매칭_0.99,10.1080/11038120802409747,https://doi.org/10.1080/11038120802409747,위험요인=ADL | 모델요인=ADL | 별칭=ADL|일상생활수행능력 | 공간=주거공간 전반 | 개선대상= | 개선전략=필요성이 확인된 경우 주택 개조를 지체하지 않고 가능한 신속히 설치(논문에서는 장기 대기 시 개입 효과가 상실될 수 있음을 제시) | 기대효과=설치 대기 기간이 길어질수록(월별 지연) 일상생활 과제 수행의 어려움이 증가하므로 적시 설치 시 개입 효과 유지 | 근거유형=코호트/비무작위 중재연구 | 출처=Longitudinal changes in everyday life after home modi?cations for people aging with disabilities,자동분류완료,
E0179,single,근력상태_의자나 침대에 앉았다가 일어나기 5회 반복,,근력상태_의자나 침대에 앉았다가 일어나기 5회 반복,,근력상태_의자나 침대에 앉았다가 일어나기 5회 반복,원문명_유지,근력상태_의자나 침대에 앉았다가 일어나기 5회 반복,욕실,욕실|침실|거실,"침실, 거실, 욕실",침대와 의자 높이를 사용자의 무릎 높이에 맞춰 조절하거나 맞춤형 좌석 높이 설치; 변기 높이 보정(높임) 및 변기·욕조 주변에 견고한 그랩바(손잡이)·지지대 설치,앉았다 일어서기(기립) 동작의 부담 완화 및 기립 안정성 향상,공간: 욕실. 개선전략: 침대와 의자 높이를 사용자의 무릎 높이에 맞춰 조절하거나 맞춤형 좌석 높이 설치; 변기 높이 보정(높임) 및 변기·욕조 주변에 견고한 그랩바(손잡이)·지지대 설치. 기대효과: 앉았다 일어서기(기립) 동작의 부담 완화 및 기립 안정성 향상,무작위 대조시험,무작위 대조시험,3,1.000,Tier 1,TRUE,"침대, 의자, 변기, 손잡이(그랩바)",Assessing and Adapting the Home Environment to Reduce Falls and Meet the Changing Capacity of Older Adults,Assessing and Adapting the Home Environment to Reduce Falls and Meet the Changing Capacity of Older Adults.pdf,자동매칭_1.00,10.1080/02763893.2012.673382,https://doi.org/10.1080/02763893.2012.673382,"위험요인=근력상태_의자나 침대에 앉았다가 일어나기 5회 반복 | 모델요인=근력상태_의자나 침대에 앉았다가 일어나기 5회 반복 | 별칭=근력상태_의자나 침대에 앉았다가 일어나기 5회 반복 | 공간=욕실|침실|거실 | 개선대상=침대, 의자, 변기, 손잡이(그랩바) | 개선전략=침대와 의자 높이를 사용자의 무릎 높이에 맞춰 조절하거나 맞춤형 좌석 높이 설치; 변기 높이 보정(높임) 및 변기·욕조 주변에 견고한 그랩바(손잡이)·지지대 설치 | 기대효과=앉았다 일어서기(기립) 동작의 부담 완화 및 기립 안정성 향상 | 근거유형=무작위 대조시험 | 출처=Assessing and Adapting the Home Environment to Reduce Falls and Meet the Changing Capacity of Older Adults",자동분류완료,
E0180,single,동작수행 어려움_쉬지않고 10계단 오르기,,동작수행 어려움_쉬지않고 10계단 오르기,,동작수행 어려움_쉬지않고 10계단 오르기,원문명_유지,동작수행 어려움_쉬지않고 10계단 오르기,계단,계단,계단,"계단 양쪽에 견고한 난간 설치 및 난간 손잡이 연장, 계단 모서리 고대비 표시 부착과 미끄럼 방지 마감 적용, 필요 시 계단용 승강기(스텝 글라이드/체어 리프트) 설치 검토",계단 오르내림 시 지지와 시인성 향상으로 계단 이용 안전성 개선,"공간: 계단. 개선전략: 계단 양쪽에 견고한 난간 설치 및 난간 손잡이 연장, 계단 모서리 고대비 표시 부착과 미끄럼 방지 마감 적용, 필요 시 계단용 승강기(스텝 글라이드/체어 리프트) 설치 검토. 기대효과: 계단 오르내림 시 지지와 시인성 향상으로 계단 이용 안전성 개선",,미분류,,,검토 필요,FALSE,"계단, 난간, 계단 가장자리",Assessing and Adapting the Home Environment to Reduce Falls and Meet the Changing Capacity of Older Adults,Assessing and Adapting the Home Environment to Reduce Falls and Meet the Changing Capacity of Older Adults.pdf,자동매칭_1.00,10.1080/02763893.2012.673382,https://doi.org/10.1080/02763893.2012.673382,"위험요인=동작수행 어려움_쉬지않고 10계단 오르기 | 모델요인=동작수행 어려움_쉬지않고 10계단 오르기 | 별칭=동작수행 어려움_쉬지않고 10계단 오르기 | 공간=계단 | 개선대상=계단, 난간, 계단 가장자리 | 개선전략=계단 양쪽에 견고한 난간 설치 및 난간 손잡이 연장, 계단 모서리 고대비 표시 부착과 미끄럼 방지 마감 적용, 필요 시 계단용 승강기(스텝 글라이드/체어 리프트) 설치 검토 | 기대효과=계단 오르내림 시 지지와 시인성 향상으로 계단 이용 안전성 개선 | 근거유형=미분류 | 출처=Assessing and Adapting the Home Environment to Reduce Falls and Meet the Changing Capacity of Older Adults",검토필요_근거유형없음,원문 논문에서 연구설계를 확인한 뒤 evidence_score를 입력해야 함
E0181,single,동작수행 어려움_운동장 한 바퀴(400m)정도 걷기,,동작수행 어려움_운동장 한 바퀴(400m)정도 걷기,,동작수행 어려움_운동장 한 바퀴(400m)정도 걷기,원문명_유지,동작수행 어려움_운동장 한 바퀴(400m)정도 걷기,복도,복도|주거공간 전반,"주거공간 전반, 복도","실내 동선상의 장애물 제거(고정되지 않은 러그·잡동사니 철거), 가구 재배치로 폭 넓은 통로 확보, 문턱을 플러시 혹은 저프로파일로 낮추기 및 문·복도 폭 확장",실내 보행 동선의 장애물·미끄럼 위험 감소로 실내 보행 편의성·안정성 향상,"공간: 복도. 개선전략: 실내 동선상의 장애물 제거(고정되지 않은 러그·잡동사니 철거), 가구 재배치로 폭 넓은 통로 확보, 문턱을 플러시 혹은 저프로파일로 낮추기 및 문·복도 폭 확장. 기대효과: 실내 보행 동선의 장애물·미끄럼 위험 감소로 실내 보행 편의성·안정성 향상",메타분석,체계적 문헌고찰/메타분석,3,1.000,Tier 1,TRUE,"바닥, 문턱, 가구, 러그",Assessing and Adapting the Home Environment to Reduce Falls and Meet the Changing Capacity of Older Adults,Assessing and Adapting the Home Environment to Reduce Falls and Meet the Changing Capacity of Older Adults.pdf,자동매칭_1.00,10.1080/02763893.2012.673382,https://doi.org/10.1080/02763893.2012.673382,"위험요인=동작수행 어려움_운동장 한 바퀴(400m)정도 걷기 | 모델요인=동작수행 어려움_운동장 한 바퀴(400m)정도 걷기 | 별칭=동작수행 어려움_운동장 한 바퀴(400m)정도 걷기 | 공간=복도|주거공간 전반 | 개선대상=바닥, 문턱, 가구, 러그 | 개선전략=실내 동선상의 장애물 제거(고정되지 않은 러그·잡동사니 철거), 가구 재배치로 폭 넓은 통로 확보, 문턱을 플러시 혹은 저프로파일로 낮추기 및 문·복도 폭 확장 | 기대효과=실내 보행 동선의 장애물·미끄럼 위험 감소로 실내 보행 편의성·안정성 향상 | 근거유형=체계적 문헌고찰/메타분석 | 출처=Assessing and Adapting the Home Environment to Reduce Falls and Meet the Changing Capacity of Older Adults",자동분류완료,
E0182,single,일상생활의 불편함_시력,,시력,,시력|일상생활의 불편함_시력|시각기능,대표모델명_자동매핑,시력,계단,계단|침실|복도|주거공간 전반,"침실, 복도, 계단, 주거공간 전반","야간 자동 점등형 센서등 또는 복도·침실의 야간 조명 설치, 계단 모서리·문턱에 고대비 표시 부착, 눈부심을 줄인(글레어 프리) 바닥 마감 및 충분한 표준조도 확보",야간 및 저시력 환경에서 시인성 향상 및 실내 경계 식별 용이성 증대,"공간: 계단. 개선전략: 야간 자동 점등형 센서등 또는 복도·침실의 야간 조명 설치, 계단 모서리·문턱에 고대비 표시 부착, 눈부심을 줄인(글레어 프리) 바닥 마감 및 충분한 표준조도 확보. 기대효과: 야간 및 저시력 환경에서 시인성 향상 및 실내 경계 식별 용이성 증대",,미분류,,,검토 필요,FALSE,"조명, 바닥, 계단 가장자리",Assessing and Adapting the Home Environment to Reduce Falls and Meet the Changing Capacity of Older Adults,Assessing and Adapting the Home Environment to Reduce Falls and Meet the Changing Capacity of Older Adults.pdf,자동매칭_1.00,10.1080/02763893.2012.673382,https://doi.org/10.1080/02763893.2012.673382,"위험요인=시력 | 모델요인=일상생활의 불편함_시력 | 별칭=시력|일상생활의 불편함_시력|시각기능 | 공간=계단|침실|복도|주거공간 전반 | 개선대상=조명, 바닥, 계단 가장자리 | 개선전략=야간 자동 점등형 센서등 또는 복도·침실의 야간 조명 설치, 계단 모서리·문턱에 고대비 표시 부착, 눈부심을 줄인(글레어 프리) 바닥 마감 및 충분한 표준조도 확보 | 기대효과=야간 및 저시력 환경에서 시인성 향상 및 실내 경계 식별 용이성 증대 | 근거유형=미분류 | 출처=Assessing and Adapting the Home Environment to Reduce Falls and Meet the Changing Capacity of Older Adults",검토필요_근거유형없음,원문 논문에서 연구설계를 확인한 뒤 evidence_score를 입력해야 함
E0183,single,동작수행 어려움_머리보다 높은 곳에 있는 것 손 뻗쳐 닿기,,동작수행 어려움_머리보다 높은 곳에 있는 것 손 뻗쳐 닿기,,동작수행 어려움_머리보다 높은 곳에 있는 것 손 뻗쳐 닿기,원문명_유지,동작수행 어려움_머리보다 높은 곳에 있는 것 손 뻗쳐 닿기,주방,주방,"주방, 수납공간","자주 사용하는 물품을 허리~가슴 높이 선반으로 재배치하거나 풀다운(pull-down) 선반 등 접근성 높은 수납장치 설치, 안전한 도달 보조기구 제공",높은 곳을 오르거나 불안정한 받침대에 서서 물건을 꺼내는 행동 감소로 행동 기반 위험 축소,"공간: 주방. 개선전략: 자주 사용하는 물품을 허리~가슴 높이 선반으로 재배치하거나 풀다운(pull-down) 선반 등 접근성 높은 수납장치 설치, 안전한 도달 보조기구 제공. 기대효과: 높은 곳을 오르거나 불안정한 받침대에 서서 물건을 꺼내는 행동 감소로 행동 기반 위험 축소",,미분류,,,검토 필요,FALSE,"수납장, 선반, 도달 보조기구",Assessing and Adapting the Home Environment to Reduce Falls and Meet the Changing Capacity of Older Adults,Assessing and Adapting the Home Environment to Reduce Falls and Meet the Changing Capacity of Older Adults.pdf,자동매칭_1.00,10.1080/02763893.2012.673382,https://doi.org/10.1080/02763893.2012.673382,"위험요인=동작수행 어려움_머리보다 높은 곳에 있는 것 손 뻗쳐 닿기 | 모델요인=동작수행 어려움_머리보다 높은 곳에 있는 것 손 뻗쳐 닿기 | 별칭=동작수행 어려움_머리보다 높은 곳에 있는 것 손 뻗쳐 닿기 | 공간=주방 | 개선대상=수납장, 선반, 도달 보조기구 | 개선전략=자주 사용하는 물품을 허리~가슴 높이 선반으로 재배치하거나 풀다운(pull-down) 선반 등 접근성 높은 수납장치 설치, 안전한 도달 보조기구 제공 | 기대효과=높은 곳을 오르거나 불안정한 받침대에 서서 물건을 꺼내는 행동 감소로 행동 기반 위험 축소 | 근거유형=미분류 | 출처=Assessing and Adapting the Home Environment to Reduce Falls and Meet the Changing Capacity of Older Adults",검토필요_근거유형없음,원문 논문에서 연구설계를 확인한 뒤 evidence_score를 입력해야 함
E0184,single,동작수행 어려움_쌀 1말(8kg) 정도 물건 들어 올리거나 옮기기,,동작수행 어려움_쌀 1말(8kg) 정도 물건 들어 올리거나 옮기기,,동작수행 어려움_쌀 1말(8kg) 정도 물건 들어 올리거나 옮기기,원문명_유지,동작수행 어려움_쌀 1말(8kg) 정도 물건 들어 올리거나 옮기기,주방,주방,"주방, 수납공간",무거운 물건은 허리 높이에 보관하도록 수납 위치 재배치; 슬라이딩 선반·이동식 카트 등 물품 이동을 돕는 장치 도입,무거운 물건을 들고 옮기는 빈도 감소로 근골격계 부담 및 관련 위험 경감,공간: 주방. 개선전략: 무거운 물건은 허리 높이에 보관하도록 수납 위치 재배치; 슬라이딩 선반·이동식 카트 등 물품 이동을 돕는 장치 도입. 기대효과: 무거운 물건을 들고 옮기는 빈도 감소로 근골격계 부담 및 관련 위험 경감,,미분류,,,검토 필요,FALSE,"수납장, 선반, 이동식 카트",Assessing and Adapting the Home Environment to Reduce Falls and Meet the Changing Capacity of Older Adults,Assessing and Adapting the Home Environment to Reduce Falls and Meet the Changing Capacity of Older Adults.pdf,자동매칭_1.00,10.1080/02763893.2012.673382,https://doi.org/10.1080/02763893.2012.673382,"위험요인=동작수행 어려움_쌀 1말(8kg) 정도 물건 들어 올리거나 옮기기 | 모델요인=동작수행 어려움_쌀 1말(8kg) 정도 물건 들어 올리거나 옮기기 | 별칭=동작수행 어려움_쌀 1말(8kg) 정도 물건 들어 올리거나 옮기기 | 공간=주방 | 개선대상=수납장, 선반, 이동식 카트 | 개선전략=무거운 물건은 허리 높이에 보관하도록 수납 위치 재배치; 슬라이딩 선반·이동식 카트 등 물품 이동을 돕는 장치 도입 | 기대효과=무거운 물건을 들고 옮기는 빈도 감소로 근골격계 부담 및 관련 위험 경감 | 근거유형=미분류 | 출처=Assessing and Adapting the Home Environment to Reduce Falls and Meet the Changing Capacity of Older Adults",검토필요_근거유형없음,원문 논문에서 연구설계를 확인한 뒤 evidence_score를 입력해야 함
E0185,single,ADL,,ADL,,ADL|일상생활수행능력,대표모델명_자동매핑,ADL,욕실,욕실,욕실,"커브 없는(무턱) 롤인 샤워나 낮은 진입의 샤워 설치, 미끄럼 방지 바닥재 적용, 욕실 내 그랩바 및 앉을 수 있는 샤워의자·지지대 설치, 1층 접근 가능한 화장실(visitability) 확보",목욕·위생 관련 일상활동 수행의 용이성 및 안전성 향상,"공간: 욕실. 개선전략: 커브 없는(무턱) 롤인 샤워나 낮은 진입의 샤워 설치, 미끄럼 방지 바닥재 적용, 욕실 내 그랩바 및 앉을 수 있는 샤워의자·지지대 설치, 1층 접근 가능한 화장실(visitability) 확보. 기대효과: 목욕·위생 관련 일상활동 수행의 용이성 및 안전성 향상",무작위 대조시험,무작위 대조시험,3,1.000,Tier 1,TRUE,"샤워/욕조(롤인 샤워), 변기, 바닥, 손잡이",Assessing and Adapting the Home Environment to Reduce Falls and Meet the Changing Capacity of Older Adults,Assessing and Adapting the Home Environment to Reduce Falls and Meet the Changing Capacity of Older Adults.pdf,자동매칭_1.00,10.1080/02763893.2012.673382,https://doi.org/10.1080/02763893.2012.673382,"위험요인=ADL | 모델요인=ADL | 별칭=ADL|일상생활수행능력 | 공간=욕실 | 개선대상=샤워/욕조(롤인 샤워), 변기, 바닥, 손잡이 | 개선전략=커브 없는(무턱) 롤인 샤워나 낮은 진입의 샤워 설치, 미끄럼 방지 바닥재 적용, 욕실 내 그랩바 및 앉을 수 있는 샤워의자·지지대 설치, 1층 접근 가능한 화장실(visitability) 확보 | 기대효과=목욕·위생 관련 일상활동 수행의 용이성 및 안전성 향상 | 근거유형=무작위 대조시험 | 출처=Assessing and Adapting the Home Environment to Reduce Falls and Meet the Changing Capacity of Older Adults",자동분류완료,
E0186,single,인지기능_총점,,인지기능,,인지기능|인지기능_총점|인지저하,대표모델명_자동매핑,인지기능,주거공간 전반,주거공간 전반,주거공간 전반,"인지저하자를 고려한 환경평가 후 복잡성·혼란 유발요소 제거 및 명확한 동선 확보, 동작·이상행동을 감지하는 센서 및 개인응급호출(PERS) 등 모니터링 기술 도입, 보호자·돌봄자의 환경개입 계획 포함",인지기능 저하로 인한 환경-행동 상호작용 개선 및 위험 행동 조기 인지·대응 지원,"공간: 주거공간 전반. 개선전략: 인지저하자를 고려한 환경평가 후 복잡성·혼란 유발요소 제거 및 명확한 동선 확보, 동작·이상행동을 감지하는 센서 및 개인응급호출(PERS) 등 모니터링 기술 도입, 보호자·돌봄자의 환경개입 계획 포함. 기대효과: 인지기능 저하로 인한 환경-행동 상호작용 개선 및 위험 행동 조기 인지·대응 지원",체계적 문헌고찰,체계적 문헌고찰/메타분석,3,1.000,Tier 1,TRUE,"센서, PERS(개인응급호출), 바닥, 가구",Assessing and Adapting the Home Environment to Reduce Falls and Meet the Changing Capacity of Older Adults,Assessing and Adapting the Home Environment to Reduce Falls and Meet the Changing Capacity of Older Adults.pdf,자동매칭_1.00,10.1080/02763893.2012.673382,https://doi.org/10.1080/02763893.2012.673382,"위험요인=인지기능 | 모델요인=인지기능_총점 | 별칭=인지기능|인지기능_총점|인지저하 | 공간=주거공간 전반 | 개선대상=센서, PERS(개인응급호출), 바닥, 가구 | 개선전략=인지저하자를 고려한 환경평가 후 복잡성·혼란 유발요소 제거 및 명확한 동선 확보, 동작·이상행동을 감지하는 센서 및 개인응급호출(PERS) 등 모니터링 기술 도입, 보호자·돌봄자의 환경개입 계획 포함 | 기대효과=인지기능 저하로 인한 환경-행동 상호작용 개선 및 위험 행동 조기 인지·대응 지원 | 근거유형=체계적 문헌고찰/메타분석 | 출처=Assessing and Adapting the Home Environment to Reduce Falls and Meet the Changing Capacity of Older Adults",자동분류완료,
E0187,single,낙상 경험,,낙상 경험,,낙상 경험|낙상경험|과거 낙상,대표모델명_자동매핑,낙상 경험,주거공간 전반,주거공간 전반,주거공간 전반,작업치료사 등 자격 있는 평가자가 수행하는 개별화된 환경평가에 따라 추가(손잡이·조명 등)·제거(러그·장애물)·구조적 변형(경사로·문폭확장 등) 조치를 시행하고 사후 추적·재평가 실시,"낙상 이력이 있는 고위험군에서 환경개입을 포함한 다요인 프로그램 적용 시 낙상률 감소(논문 인용: 환경개입 포함 다요인 연구의 메타분석에서 전체적으로 21% 감소, 이전 낙상·시력저하·기능저하군에서 39% 감소 보고)","공간: 주거공간 전반. 개선전략: 작업치료사 등 자격 있는 평가자가 수행하는 개별화된 환경평가에 따라 추가(손잡이·조명 등)·제거(러그·장애물)·구조적 변형(경사로·문폭확장 등) 조치를 시행하고 사후 추적·재평가 실시. 기대효과: 낙상 이력이 있는 고위험군에서 환경개입을 포함한 다요인 프로그램 적용 시 낙상률 감소(논문 인용: 환경개입 포함 다요인 연구의 메타분석에서 전체적으로 21% 감소, 이전 낙상·시력저하·기능저하군에서 39% 감소 보고)",메타분석,체계적 문헌고찰/메타분석,3,1.000,Tier 1,TRUE,"난간, 조명, 바닥, 문턱, 손잡이",Assessing and Adapting the Home Environment to Reduce Falls and Meet the Changing Capacity of Older Adults,Assessing and Adapting the Home Environment to Reduce Falls and Meet the Changing Capacity of Older Adults.pdf,자동매칭_1.00,10.1080/02763893.2012.673382,https://doi.org/10.1080/02763893.2012.673382,"위험요인=낙상 경험 | 모델요인=낙상 경험 | 별칭=낙상 경험|낙상경험|과거 낙상 | 공간=주거공간 전반 | 개선대상=난간, 조명, 바닥, 문턱, 손잡이 | 개선전략=작업치료사 등 자격 있는 평가자가 수행하는 개별화된 환경평가에 따라 추가(손잡이·조명 등)·제거(러그·장애물)·구조적 변형(경사로·문폭확장 등) 조치를 시행하고 사후 추적·재평가 실시 | 기대효과=낙상 이력이 있는 고위험군에서 환경개입을 포함한 다요인 프로그램 적용 시 낙상률 감소(논문 인용: 환경개입 포함 다요인 연구의 메타분석에서 전체적으로 21% 감소, 이전 낙상·시력저하·기능저하군에서 39% 감소 보고) | 근거유형=체계적 문헌고찰/메타분석 | 출처=Assessing and Adapting the Home Environment to Reduce Falls and Meet the Changing Capacity of Older Adults",자동분류완료,
E0188,single,일상생활의 불편함_시력,,시력,,시력|일상생활의 불편함_시력|시각기능,대표모델명_자동매핑,시력,욕실,욕실|침실|복도,"침실 → 욕실 이동 경로, 복도",침대에서 화장실로 이어지는 이동 경로와 복도에 모션(동작) 센서식 야간등 설치,야간 시인성 향상(야간 시야 확보로 방향 찾기 및 경로 식별 용이),공간: 욕실. 개선전략: 침대에서 화장실로 이어지는 이동 경로와 복도에 모션(동작) 센서식 야간등 설치. 기대효과: 야간 시인성 향상(야간 시야 확보로 방향 찾기 및 경로 식별 용이),,미분류,,,검토 필요,FALSE,조명,Environmental Assessment and Modification as Fall-Prevention Strategies for Older Adults,,미확인_0.52,10.1016/j.cger.2010.07.001,https://doi.org/10.1016/j.cger.2010.07.001,위험요인=시력 | 모델요인=일상생활의 불편함_시력 | 별칭=시력|일상생활의 불편함_시력|시각기능 | 공간=욕실|침실|복도 | 개선대상=조명 | 개선전략=침대에서 화장실로 이어지는 이동 경로와 복도에 모션(동작) 센서식 야간등 설치 | 기대효과=야간 시인성 향상(야간 시야 확보로 방향 찾기 및 경로 식별 용이) | 근거유형=미분류 | 출처=Environmental Assessment and Modification as Fall-Prevention Strategies for Older Adults,검토필요_근거유형없음,원문 논문에서 연구설계를 확인한 뒤 evidence_score를 입력해야 함
E0189,single,ADL,,ADL,,ADL|일상생활수행능력,대표모델명_자동매핑,ADL,욕실,욕실,욕실,"샤워/욕조 주변에 견고한 손잡이(그랩바) 설치, 손잡이형(핸드헬드) 샤워기 및 샤워 의자 설치",목욕 및 세면 동작의 수행 용이성 향상(독립적인 세면 동작 지원),"공간: 욕실. 개선전략: 샤워/욕조 주변에 견고한 손잡이(그랩바) 설치, 손잡이형(핸드헬드) 샤워기 및 샤워 의자 설치. 기대효과: 목욕 및 세면 동작의 수행 용이성 향상(독립적인 세면 동작 지원)",,미분류,,,검토 필요,FALSE,"손잡이, 욕조, 샤워기, 샤워 의자",Environmental Assessment and Modification as Fall-Prevention Strategies for Older Adults,,미확인_0.52,10.1016/j.cger.2010.07.001,https://doi.org/10.1016/j.cger.2010.07.001,"위험요인=ADL | 모델요인=ADL | 별칭=ADL|일상생활수행능력 | 공간=욕실 | 개선대상=손잡이, 욕조, 샤워기, 샤워 의자 | 개선전략=샤워/욕조 주변에 견고한 손잡이(그랩바) 설치, 손잡이형(핸드헬드) 샤워기 및 샤워 의자 설치 | 기대효과=목욕 및 세면 동작의 수행 용이성 향상(독립적인 세면 동작 지원) | 근거유형=미분류 | 출처=Environmental Assessment and Modification as Fall-Prevention Strategies for Older Adults",검토필요_근거유형없음,원문 논문에서 연구설계를 확인한 뒤 evidence_score를 입력해야 함
E0190,single,근력상태_의자나 침대에 앉았다가 일어나기 5회 반복,,근력상태_의자나 침대에 앉았다가 일어나기 5회 반복,,근력상태_의자나 침대에 앉았다가 일어나기 5회 반복,원문명_유지,근력상태_의자나 침대에 앉았다가 일어나기 5회 반복,욕실,욕실,욕실/화장실,변기를 comfort-height(편안한 높이)로 교체하거나 변기 옆에 보조 손잡이(그랩바) 설치,앉았다 일어나는 동작의 부담 감소(기립 동작 보조),공간: 욕실. 개선전략: 변기를 comfort-height(편안한 높이)로 교체하거나 변기 옆에 보조 손잡이(그랩바) 설치. 기대효과: 앉았다 일어나는 동작의 부담 감소(기립 동작 보조),,미분류,,,검토 필요,FALSE,"변기, 손잡이",Environmental Assessment and Modification as Fall-Prevention Strategies for Older Adults,,미확인_0.52,10.1016/j.cger.2010.07.001,https://doi.org/10.1016/j.cger.2010.07.001,"위험요인=근력상태_의자나 침대에 앉았다가 일어나기 5회 반복 | 모델요인=근력상태_의자나 침대에 앉았다가 일어나기 5회 반복 | 별칭=근력상태_의자나 침대에 앉았다가 일어나기 5회 반복 | 공간=욕실 | 개선대상=변기, 손잡이 | 개선전략=변기를 comfort-height(편안한 높이)로 교체하거나 변기 옆에 보조 손잡이(그랩바) 설치 | 기대효과=앉았다 일어나는 동작의 부담 감소(기립 동작 보조) | 근거유형=미분류 | 출처=Environmental Assessment and Modification as Fall-Prevention Strategies for Older Adults",검토필요_근거유형없음,원문 논문에서 연구설계를 확인한 뒤 evidence_score를 입력해야 함
E0191,single,동작수행 어려움_쉬지않고 10계단 오르기,,동작수행 어려움_쉬지않고 10계단 오르기,,동작수행 어려움_쉬지않고 10계단 오르기,원문명_유지,동작수행 어려움_쉬지않고 10계단 오르기,계단,계단,계단,계단 양쪽에 손잡이(난간) 설치 및 계단 트레드(밟는 면) 균일·수리하여 평탄화,계단 이동 안전성 향상 및 보행 부담 감소(난간 이용 가능성 증가),공간: 계단. 개선전략: 계단 양쪽에 손잡이(난간) 설치 및 계단 트레드(밟는 면) 균일·수리하여 평탄화. 기대효과: 계단 이동 안전성 향상 및 보행 부담 감소(난간 이용 가능성 증가),,미분류,,,검토 필요,FALSE,"계단, 난간, 계단 트레드",Environmental Assessment and Modification as Fall-Prevention Strategies for Older Adults,,미확인_0.52,10.1016/j.cger.2010.07.001,https://doi.org/10.1016/j.cger.2010.07.001,"위험요인=동작수행 어려움_쉬지않고 10계단 오르기 | 모델요인=동작수행 어려움_쉬지않고 10계단 오르기 | 별칭=동작수행 어려움_쉬지않고 10계단 오르기 | 공간=계단 | 개선대상=계단, 난간, 계단 트레드 | 개선전략=계단 양쪽에 손잡이(난간) 설치 및 계단 트레드(밟는 면) 균일·수리하여 평탄화 | 기대효과=계단 이동 안전성 향상 및 보행 부담 감소(난간 이용 가능성 증가) | 근거유형=미분류 | 출처=Environmental Assessment and Modification as Fall-Prevention Strategies for Older Adults",검토필요_근거유형없음,원문 논문에서 연구설계를 확인한 뒤 evidence_score를 입력해야 함
E0192,single,IADL,,IADL,,IADL|도구적 일상생활수행능력,대표모델명_자동매핑,IADL,현관,현관,현관/주택 출입구,주 출입구에 무단계(zero-step) 출입로 설치 또는 문턱을 저프로파일(플러시)로 낮춤,출입 접근성 향상(휠체어·보행기 사용 및 짐 운반 시 진입 용이),공간: 현관. 개선전략: 주 출입구에 무단계(zero-step) 출입로 설치 또는 문턱을 저프로파일(플러시)로 낮춤. 기대효과: 출입 접근성 향상(휠체어·보행기 사용 및 짐 운반 시 진입 용이),,미분류,,,검토 필요,FALSE,"문턱, 출입구",Environmental Assessment and Modification as Fall-Prevention Strategies for Older Adults,,미확인_0.52,10.1016/j.cger.2010.07.001,https://doi.org/10.1016/j.cger.2010.07.001,"위험요인=IADL | 모델요인=IADL | 별칭=IADL|도구적 일상생활수행능력 | 공간=현관 | 개선대상=문턱, 출입구 | 개선전략=주 출입구에 무단계(zero-step) 출입로 설치 또는 문턱을 저프로파일(플러시)로 낮춤 | 기대효과=출입 접근성 향상(휠체어·보행기 사용 및 짐 운반 시 진입 용이) | 근거유형=미분류 | 출처=Environmental Assessment and Modification as Fall-Prevention Strategies for Older Adults",검토필요_근거유형없음,원문 논문에서 연구설계를 확인한 뒤 evidence_score를 입력해야 함
E0193,single,ADL,,ADL,,ADL|일상생활수행능력,대표모델명_자동매핑,ADL,복도,복도|주거공간 전반,복도 및 주거공간 전반,복도 및 주요 이동 경로의 폭을 넓히고 가구 재배치로 명확한 보행 동선 확보(보행기·휠체어 통행 가능하게 함),보행 부담 감소 및 이동성 향상(보조기 사용 시 통행성 개선),공간: 복도. 개선전략: 복도 및 주요 이동 경로의 폭을 넓히고 가구 재배치로 명확한 보행 동선 확보(보행기·휠체어 통행 가능하게 함). 기대효과: 보행 부담 감소 및 이동성 향상(보조기 사용 시 통행성 개선),,미분류,,,검토 필요,FALSE,"복도, 가구",Environmental Assessment and Modification as Fall-Prevention Strategies for Older Adults,,미확인_0.52,10.1016/j.cger.2010.07.001,https://doi.org/10.1016/j.cger.2010.07.001,"위험요인=ADL | 모델요인=ADL | 별칭=ADL|일상생활수행능력 | 공간=복도|주거공간 전반 | 개선대상=복도, 가구 | 개선전략=복도 및 주요 이동 경로의 폭을 넓히고 가구 재배치로 명확한 보행 동선 확보(보행기·휠체어 통행 가능하게 함) | 기대효과=보행 부담 감소 및 이동성 향상(보조기 사용 시 통행성 개선) | 근거유형=미분류 | 출처=Environmental Assessment and Modification as Fall-Prevention Strategies for Older Adults",검토필요_근거유형없음,원문 논문에서 연구설계를 확인한 뒤 evidence_score를 입력해야 함
E0194,single,동작수행 어려움_쉬지않고 10계단 오르기,,동작수행 어려움_쉬지않고 10계단 오르기,,동작수행 어려움_쉬지않고 10계단 오르기,원문명_유지,동작수행 어려움_쉬지않고 10계단 오르기,침실,침실|주거공간 전반,주거공간 전반/침실,2층에 있던 침실을 1층으로 옮겨 일상적 수면·활동을 1층에서 수행하도록 재배치(계단 이용 최소화),계단 이용 필요성 감소(계단 관련 위험 노출 축소),공간: 침실. 개선전략: 2층에 있던 침실을 1층으로 옮겨 일상적 수면·활동을 1층에서 수행하도록 재배치(계단 이용 최소화). 기대효과: 계단 이용 필요성 감소(계단 관련 위험 노출 축소),,미분류,,,검토 필요,FALSE,,Environmental Assessment and Modification as Fall-Prevention Strategies for Older Adults,,미확인_0.52,10.1016/j.cger.2010.07.001,https://doi.org/10.1016/j.cger.2010.07.001,위험요인=동작수행 어려움_쉬지않고 10계단 오르기 | 모델요인=동작수행 어려움_쉬지않고 10계단 오르기 | 별칭=동작수행 어려움_쉬지않고 10계단 오르기 | 공간=침실|주거공간 전반 | 개선대상= | 개선전략=2층에 있던 침실을 1층으로 옮겨 일상적 수면·활동을 1층에서 수행하도록 재배치(계단 이용 최소화) | 기대효과=계단 이용 필요성 감소(계단 관련 위험 노출 축소) | 근거유형=미분류 | 출처=Environmental Assessment and Modification as Fall-Prevention Strategies for Older Adults,검토필요_근거유형없음,원문 논문에서 연구설계를 확인한 뒤 evidence_score를 입력해야 함
E0195,single,낙상 경험,,낙상 경험,,낙상 경험|낙상경험|과거 낙상,대표모델명_자동매핑,낙상 경험,주거공간 전반,주거공간 전반,주거공간 전반,작업치료사 등 전문가가 수행하는 종합적 가정 환경 평가 후 맞춤형 환경 수정·교육 및 추적 방문(전문가 주도 홈 어세스먼트 및 설치),낙상 및 재낙상 수 감소(연구에서 전문가 평가·수정군이 유의미하게 적은 낙상 보고됨),공간: 주거공간 전반. 개선전략: 작업치료사 등 전문가가 수행하는 종합적 가정 환경 평가 후 맞춤형 환경 수정·교육 및 추적 방문(전문가 주도 홈 어세스먼트 및 설치). 기대효과: 낙상 및 재낙상 수 감소(연구에서 전문가 평가·수정군이 유의미하게 적은 낙상 보고됨),무작위 대조시험,무작위 대조시험,3,1.000,Tier 1,TRUE,가정 환경 전반(문턱·계단·욕실·조명 등),Environmental Assessment and Modification as Fall-Prevention Strategies for Older Adults,,미확인_0.52,10.1016/j.cger.2010.07.001,https://doi.org/10.1016/j.cger.2010.07.001,위험요인=낙상 경험 | 모델요인=낙상 경험 | 별칭=낙상 경험|낙상경험|과거 낙상 | 공간=주거공간 전반 | 개선대상=가정 환경 전반(문턱·계단·욕실·조명 등) | 개선전략=작업치료사 등 전문가가 수행하는 종합적 가정 환경 평가 후 맞춤형 환경 수정·교육 및 추적 방문(전문가 주도 홈 어세스먼트 및 설치) | 기대효과=낙상 및 재낙상 수 감소(연구에서 전문가 평가·수정군이 유의미하게 적은 낙상 보고됨) | 근거유형=무작위 대조시험 | 출처=Environmental Assessment and Modification as Fall-Prevention Strategies for Older Adults,자동분류완료,
E0196,single,ADL,,ADL,,ADL|일상생활수행능력,대표모델명_자동매핑,ADL,거실,거실|복도|주거공간 전반,"거실, 복도, 주거공간 전반",보행 경로상의 잡동사니·잡물 및 깔개(throw rugs) 제거하고 가구 재배치로 통행선 확보,보행 장애물 감소로 보행 안전성 향상(걸림·걸려넘어짐 위험 축소),공간: 거실. 개선전략: 보행 경로상의 잡동사니·잡물 및 깔개(throw rugs) 제거하고 가구 재배치로 통행선 확보. 기대효과: 보행 장애물 감소로 보행 안전성 향상(걸림·걸려넘어짐 위험 축소),,미분류,,,검토 필요,FALSE,"카펫·깔개, 가구, 잡동사니",Environmental Assessment and Modification as Fall-Prevention Strategies for Older Adults,,미확인_0.52,10.1016/j.cger.2010.07.001,https://doi.org/10.1016/j.cger.2010.07.001,"위험요인=ADL | 모델요인=ADL | 별칭=ADL|일상생활수행능력 | 공간=거실|복도|주거공간 전반 | 개선대상=카펫·깔개, 가구, 잡동사니 | 개선전략=보행 경로상의 잡동사니·잡물 및 깔개(throw rugs) 제거하고 가구 재배치로 통행선 확보 | 기대효과=보행 장애물 감소로 보행 안전성 향상(걸림·걸려넘어짐 위험 축소) | 근거유형=미분류 | 출처=Environmental Assessment and Modification as Fall-Prevention Strategies for Older Adults",검토필요_근거유형없음,원문 논문에서 연구설계를 확인한 뒤 evidence_score를 입력해야 함
E0197,single,일상생활의 불편함_시력,,시력,,시력|일상생활의 불편함_시력|시각기능,대표모델명_자동매핑,시력,계단,계단|주거공간 전반,주거공간 전반(계단 포함),계단 가장자리·문틀·가구 가장자리에 고대비 트림 적용하고 반사광이 적은(글레어 방지) 바닥재 사용,"시인성 향상(주변 환경에서 위험요소 식별 용이), 시야 주변부에서의 위험요소 발견 도움","공간: 계단. 개선전략: 계단 가장자리·문틀·가구 가장자리에 고대비 트림 적용하고 반사광이 적은(글레어 방지) 바닥재 사용. 기대효과: 시인성 향상(주변 환경에서 위험요소 식별 용이), 시야 주변부에서의 위험요소 발견 도움",,미분류,,,검토 필요,FALSE,"바닥, 트림(경계 표시)",Environmental Assessment and Modification as Fall-Prevention Strategies for Older Adults,,미확인_0.52,10.1016/j.cger.2010.07.001,https://doi.org/10.1016/j.cger.2010.07.001,"위험요인=시력 | 모델요인=일상생활의 불편함_시력 | 별칭=시력|일상생활의 불편함_시력|시각기능 | 공간=계단|주거공간 전반 | 개선대상=바닥, 트림(경계 표시) | 개선전략=계단 가장자리·문틀·가구 가장자리에 고대비 트림 적용하고 반사광이 적은(글레어 방지) 바닥재 사용 | 기대효과=시인성 향상(주변 환경에서 위험요소 식별 용이), 시야 주변부에서의 위험요소 발견 도움 | 근거유형=미분류 | 출처=Environmental Assessment and Modification as Fall-Prevention Strategies for Older Adults",검토필요_근거유형없음,원문 논문에서 연구설계를 확인한 뒤 evidence_score를 입력해야 함
E0198,single,낙상 경험,,낙상 경험,,낙상 경험|낙상경험|과거 낙상,대표모델명_자동매핑,낙상 경험,주거공간 전반,주거공간 전반,주거공간 전반,표준화된 가정 내 위험요인 평가(예: Westmead Home Safety Assessment)를 실시하고 평가 결과에 따라 작업치료사가 개인 맞춤형 환경개선 권고안을 제시 및 시행 지원,문헌 전체에서 가정 환경 개선 중재는 낙상 발생률을 감소시키는 것으로 보고됨(메타분석에서 전체 개입군에서 낙상 위험 감소 관찰),공간: 주거공간 전반. 개선전략: 표준화된 가정 내 위험요인 평가(예: Westmead Home Safety Assessment)를 실시하고 평가 결과에 따라 작업치료사가 개인 맞춤형 환경개선 권고안을 제시 및 시행 지원. 기대효과: 문헌 전체에서 가정 환경 개선 중재는 낙상 발생률을 감소시키는 것으로 보고됨(메타분석에서 전체 개입군에서 낙상 위험 감소 관찰),systematic review and meta-analysis,체계적 문헌고찰/메타분석,3,1.000,Tier 1,TRUE,주거환경(전반),Home hazard modification programs for reducing falls in older adults: a systematic review and meta-analysis,,미확인_0.62,10.7717/peerj.15699,https://doi.org/10.7717/peerj.15699,위험요인=낙상 경험 | 모델요인=낙상 경험 | 별칭=낙상 경험|낙상경험|과거 낙상 | 공간=주거공간 전반 | 개선대상=주거환경(전반) | 개선전략=표준화된 가정 내 위험요인 평가(예: Westmead Home Safety Assessment)를 실시하고 평가 결과에 따라 작업치료사가 개인 맞춤형 환경개선 권고안을 제시 및 시행 지원 | 기대효과=문헌 전체에서 가정 환경 개선 중재는 낙상 발생률을 감소시키는 것으로 보고됨(메타분석에서 전체 개입군에서 낙상 위험 감소 관찰) | 근거유형=체계적 문헌고찰/메타분석 | 출처=Home hazard modification programs for reducing falls in older adults: a systematic review and meta-analysis,자동분류완료,
E0199,single,ADL,,ADL,,ADL|일상생활수행능력,대표모델명_자동매핑,ADL,주거공간 전반,주거공간 전반,주거공간 전반,"작업치료사가 가정 방문 후 설치 및 사용법 교육을 포함한 안전장치(예: 손잡이, 샤워의자, 비상호출기) 제공·설치 및 사용 훈련 수행",일부 연구에서 설치·교육을 포함한 중재는 낙상률 감소와 권고사항 준수율 증가와 연관됨(예: 샤워의자·손잡이 사용 준수율이 높음). 그러나 일부 연구에서는 일상생활수행(ADL) 측정치에 유의한 차이를 보이지 않음.,"공간: 주거공간 전반. 개선전략: 작업치료사가 가정 방문 후 설치 및 사용법 교육을 포함한 안전장치(예: 손잡이, 샤워의자, 비상호출기) 제공·설치 및 사용 훈련 수행. 기대효과: 일부 연구에서 설치·교육을 포함한 중재는 낙상률 감소와 권고사항 준수율 증가와 연관됨(예: 샤워의자·손잡이 사용 준수율이 높음). 그러나 일부 연구에서는 일상생활수행(ADL) 측정치에 유의한 차이를 보이지 않음.",systematic review and meta-analysis,체계적 문헌고찰/메타분석,3,1.000,Tier 1,TRUE,"손잡이, 샤워의자, 비상호출기",Home hazard modification programs for reducing falls in older adults: a systematic review and meta-analysis,,미확인_0.62,10.7717/peerj.15699,https://doi.org/10.7717/peerj.15699,"위험요인=ADL | 모델요인=ADL | 별칭=ADL|일상생활수행능력 | 공간=주거공간 전반 | 개선대상=손잡이, 샤워의자, 비상호출기 | 개선전략=작업치료사가 가정 방문 후 설치 및 사용법 교육을 포함한 안전장치(예: 손잡이, 샤워의자, 비상호출기) 제공·설치 및 사용 훈련 수행 | 기대효과=일부 연구에서 설치·교육을 포함한 중재는 낙상률 감소와 권고사항 준수율 증가와 연관됨(예: 샤워의자·손잡이 사용 준수율이 높음). 그러나 일부 연구에서는 일상생활수행(ADL) 측정치에 유의한 차이를 보이지 않음. | 근거유형=체계적 문헌고찰/메타분석 | 출처=Home hazard modification programs for reducing falls in older adults: a systematic review and meta-analysis",자동분류완료,
E0200,single,낙상 경험,,낙상 경험,,낙상 경험|낙상경험|과거 낙상,대표모델명_자동매핑,낙상 경험,욕실,욕실,욕실,욕실 내 목욕·샤워 공간에 안전손잡이(그랩바) 및 샤워의자 설치를 권고·설치하고 사용법 교육 제공,"해당 권고의 준수율이 높았으며(연구에서 샤워의자·손잡이 사용 준수율 높음), 일부 연구에서는 낙상률 감소와 연관된 결과 보고(예: 특정 연구에서 낙상률 감소 보고)","공간: 욕실. 개선전략: 욕실 내 목욕·샤워 공간에 안전손잡이(그랩바) 및 샤워의자 설치를 권고·설치하고 사용법 교육 제공. 기대효과: 해당 권고의 준수율이 높았으며(연구에서 샤워의자·손잡이 사용 준수율 높음), 일부 연구에서는 낙상률 감소와 연관된 결과 보고(예: 특정 연구에서 낙상률 감소 보고)",systematic review and meta-analysis,체계적 문헌고찰/메타분석,3,1.000,Tier 1,TRUE,"손잡이, 샤워의자",Home hazard modification programs for reducing falls in older adults: a systematic review and meta-analysis,,미확인_0.62,10.7717/peerj.15699,https://doi.org/10.7717/peerj.15699,"위험요인=낙상 경험 | 모델요인=낙상 경험 | 별칭=낙상 경험|낙상경험|과거 낙상 | 공간=욕실 | 개선대상=손잡이, 샤워의자 | 개선전략=욕실 내 목욕·샤워 공간에 안전손잡이(그랩바) 및 샤워의자 설치를 권고·설치하고 사용법 교육 제공 | 기대효과=해당 권고의 준수율이 높았으며(연구에서 샤워의자·손잡이 사용 준수율 높음), 일부 연구에서는 낙상률 감소와 연관된 결과 보고(예: 특정 연구에서 낙상률 감소 보고) | 근거유형=체계적 문헌고찰/메타분석 | 출처=Home hazard modification programs for reducing falls in older adults: a systematic review and meta-analysis",자동분류완료,
E0201,single,낙상 경험,,낙상 경험,,낙상 경험|낙상경험|과거 낙상,대표모델명_자동매핑,낙상 경험,기타/검토필요,기타/검토필요,실내 동선/바닥,바닥의 잡동사니·장애물 제거(바닥 정리·정돈) 권고 및 시행 ? 평가 시 우선적으로 '바닥의 잡동사니(clutter)' 제거 권고 항목 포함,"연구들에서 바닥 잡동사니 제거가 가장 높은 수정률을 보였고(예: 한 연구에서 'clutter' 수정률 높음), 개입군에서 낙상 및 낙상 관련 인식 개선이 보고됨","공간: 기타/검토필요. 개선전략: 바닥의 잡동사니·장애물 제거(바닥 정리·정돈) 권고 및 시행 ? 평가 시 우선적으로 '바닥의 잡동사니(clutter)' 제거 권고 항목 포함. 기대효과: 연구들에서 바닥 잡동사니 제거가 가장 높은 수정률을 보였고(예: 한 연구에서 'clutter' 수정률 높음), 개입군에서 낙상 및 낙상 관련 인식 개선이 보고됨",systematic review and meta-analysis,체계적 문헌고찰/메타분석,3,1.000,Tier 1,TRUE,"바닥, 장애물",Home hazard modification programs for reducing falls in older adults: a systematic review and meta-analysis,,미확인_0.62,10.7717/peerj.15699,https://doi.org/10.7717/peerj.15699,"위험요인=낙상 경험 | 모델요인=낙상 경험 | 별칭=낙상 경험|낙상경험|과거 낙상 | 공간=기타/검토필요 | 개선대상=바닥, 장애물 | 개선전략=바닥의 잡동사니·장애물 제거(바닥 정리·정돈) 권고 및 시행 ? 평가 시 우선적으로 '바닥의 잡동사니(clutter)' 제거 권고 항목 포함 | 기대효과=연구들에서 바닥 잡동사니 제거가 가장 높은 수정률을 보였고(예: 한 연구에서 'clutter' 수정률 높음), 개입군에서 낙상 및 낙상 관련 인식 개선이 보고됨 | 근거유형=체계적 문헌고찰/메타분석 | 출처=Home hazard modification programs for reducing falls in older adults: a systematic review and meta-analysis",자동분류완료,
E0202,single,낙상 경험,,낙상 경험,,낙상 경험|낙상경험|과거 낙상,대표모델명_자동매핑,낙상 경험,주거공간 전반,주거공간 전반,주거공간 전반,보조장비 및 안전기구의 구매·설치(필요 시 비용 지원 포함)를 작업치료사 주도로 조율하고 2차 방문으로 설치 확인·사용법 점검 수행,장비 제공 및 설치 확인을 포함한 프로그램에서 위험 관련 및 비위험 관련 낙상이 감소했다는 보고가 있음(해당 연구들에서 낙상 감소 관찰),공간: 주거공간 전반. 개선전략: 보조장비 및 안전기구의 구매·설치(필요 시 비용 지원 포함)를 작업치료사 주도로 조율하고 2차 방문으로 설치 확인·사용법 점검 수행. 기대효과: 장비 제공 및 설치 확인을 포함한 프로그램에서 위험 관련 및 비위험 관련 낙상이 감소했다는 보고가 있음(해당 연구들에서 낙상 감소 관찰),systematic review and meta-analysis,체계적 문헌고찰/메타분석,3,1.000,Tier 1,TRUE,보조장비(설치된 장비),Home hazard modification programs for reducing falls in older adults: a systematic review and meta-analysis,,미확인_0.62,10.7717/peerj.15699,https://doi.org/10.7717/peerj.15699,위험요인=낙상 경험 | 모델요인=낙상 경험 | 별칭=낙상 경험|낙상경험|과거 낙상 | 공간=주거공간 전반 | 개선대상=보조장비(설치된 장비) | 개선전략=보조장비 및 안전기구의 구매·설치(필요 시 비용 지원 포함)를 작업치료사 주도로 조율하고 2차 방문으로 설치 확인·사용법 점검 수행 | 기대효과=장비 제공 및 설치 확인을 포함한 프로그램에서 위험 관련 및 비위험 관련 낙상이 감소했다는 보고가 있음(해당 연구들에서 낙상 감소 관찰) | 근거유형=체계적 문헌고찰/메타분석 | 출처=Home hazard modification programs for reducing falls in older adults: a systematic review and meta-analysis,자동분류완료,
E0203,single,낙상 경험,,낙상 경험,,낙상 경험|낙상경험|과거 낙상,대표모델명_자동매핑,낙상 경험,주거공간 전반,주거공간 전반,주거공간 전반,안전장치(다양한 가정용 안전기구)를 무상으로 제공·설치하고 환자 교육 자료(달력·브로셔 등)로 낙상 원인과 제거 방법을 안내,한 대규모 시행연구에서는 무상 안전기구 제공·설치에도 불구하고 낙상률에 유의한 감소가 관찰되지 않음(무효 결과 보고),공간: 주거공간 전반. 개선전략: 안전장치(다양한 가정용 안전기구)를 무상으로 제공·설치하고 환자 교육 자료(달력·브로셔 등)로 낙상 원인과 제거 방법을 안내. 기대효과: 한 대규모 시행연구에서는 무상 안전기구 제공·설치에도 불구하고 낙상률에 유의한 감소가 관찰되지 않음(무효 결과 보고),systematic review and meta-analysis,체계적 문헌고찰/메타분석,3,1.000,Tier 1,TRUE,안전장치(다양),Home hazard modification programs for reducing falls in older adults: a systematic review and meta-analysis,,미확인_0.62,10.7717/peerj.15699,https://doi.org/10.7717/peerj.15699,위험요인=낙상 경험 | 모델요인=낙상 경험 | 별칭=낙상 경험|낙상경험|과거 낙상 | 공간=주거공간 전반 | 개선대상=안전장치(다양) | 개선전략=안전장치(다양한 가정용 안전기구)를 무상으로 제공·설치하고 환자 교육 자료(달력·브로셔 등)로 낙상 원인과 제거 방법을 안내 | 기대효과=한 대규모 시행연구에서는 무상 안전기구 제공·설치에도 불구하고 낙상률에 유의한 감소가 관찰되지 않음(무효 결과 보고) | 근거유형=체계적 문헌고찰/메타분석 | 출처=Home hazard modification programs for reducing falls in older adults: a systematic review and meta-analysis,자동분류완료,
E0204,single,낙상 경험,,낙상 경험,,낙상 경험|낙상경험|과거 낙상,대표모델명_자동매핑,낙상 경험,주거공간 전반,주거공간 전반,교육/실습(모형주택) 및 주거공간 전반,주거 모형(예: 60 cm × 60 cm mock-up)을 활용한 대면 교육 및 실습을 통해 거주자와 교육자가 함께 장애물 제거 및 안전환경 구성 실습 제공,"모형과 실습을 포함한 프로그램에서 낙상예방 인식이 유의하게 증가했고(연구에서 인식 증가 보고), 전체 낙상률이 감소한 연구 결과도 보고됨(예: 한 연구에서 전체 낙상 10.9% 감소 보고)","공간: 주거공간 전반. 개선전략: 주거 모형(예: 60 cm × 60 cm mock-up)을 활용한 대면 교육 및 실습을 통해 거주자와 교육자가 함께 장애물 제거 및 안전환경 구성 실습 제공. 기대효과: 모형과 실습을 포함한 프로그램에서 낙상예방 인식이 유의하게 증가했고(연구에서 인식 증가 보고), 전체 낙상률이 감소한 연구 결과도 보고됨(예: 한 연구에서 전체 낙상 10.9% 감소 보고)",systematic review and meta-analysis,체계적 문헌고찰/메타분석,3,1.000,Tier 1,TRUE,교육 모형 및 주거환경,Home hazard modification programs for reducing falls in older adults: a systematic review and meta-analysis,,미확인_0.62,10.7717/peerj.15699,https://doi.org/10.7717/peerj.15699,"위험요인=낙상 경험 | 모델요인=낙상 경험 | 별칭=낙상 경험|낙상경험|과거 낙상 | 공간=주거공간 전반 | 개선대상=교육 모형 및 주거환경 | 개선전략=주거 모형(예: 60 cm × 60 cm mock-up)을 활용한 대면 교육 및 실습을 통해 거주자와 교육자가 함께 장애물 제거 및 안전환경 구성 실습 제공 | 기대효과=모형과 실습을 포함한 프로그램에서 낙상예방 인식이 유의하게 증가했고(연구에서 인식 증가 보고), 전체 낙상률이 감소한 연구 결과도 보고됨(예: 한 연구에서 전체 낙상 10.9% 감소 보고) | 근거유형=체계적 문헌고찰/메타분석 | 출처=Home hazard modification programs for reducing falls in older adults: a systematic review and meta-analysis",자동분류완료,
E0205,single,낙상 경험,,낙상 경험,,낙상 경험|낙상경험|과거 낙상,대표모델명_자동매핑,낙상 경험,주거공간 전반,주거공간 전반,주거공간 전반,가정 안전 체크리스트(브로셔) 배포 및 추적 전화로 권고사항 재확인(문서 기반 권고 + 전화 추적),"브로셔 기반 개입은 가정 내 변화 실시 비율이 낮았고(연구에서 개입군과 대조군 모두 소수만 변경), 명확한 낙상 감소 증거는 제한적임","공간: 주거공간 전반. 개선전략: 가정 안전 체크리스트(브로셔) 배포 및 추적 전화로 권고사항 재확인(문서 기반 권고 + 전화 추적). 기대효과: 브로셔 기반 개입은 가정 내 변화 실시 비율이 낮았고(연구에서 개입군과 대조군 모두 소수만 변경), 명확한 낙상 감소 증거는 제한적임",systematic review and meta-analysis,체계적 문헌고찰/메타분석,3,1.000,Tier 1,TRUE,문서(체크리스트)·가정환경,Home hazard modification programs for reducing falls in older adults: a systematic review and meta-analysis,,미확인_0.62,10.7717/peerj.15699,https://doi.org/10.7717/peerj.15699,"위험요인=낙상 경험 | 모델요인=낙상 경험 | 별칭=낙상 경험|낙상경험|과거 낙상 | 공간=주거공간 전반 | 개선대상=문서(체크리스트)·가정환경 | 개선전략=가정 안전 체크리스트(브로셔) 배포 및 추적 전화로 권고사항 재확인(문서 기반 권고 + 전화 추적) | 기대효과=브로셔 기반 개입은 가정 내 변화 실시 비율이 낮았고(연구에서 개입군과 대조군 모두 소수만 변경), 명확한 낙상 감소 증거는 제한적임 | 근거유형=체계적 문헌고찰/메타분석 | 출처=Home hazard modification programs for reducing falls in older adults: a systematic review and meta-analysis",자동분류완료,
E0206,single,낙상 경험,,낙상 경험,,낙상 경험|낙상경험|과거 낙상,대표모델명_자동매핑,낙상 경험,욕실,욕실|침실|주거공간 전반,침실 → 욕실 이동 경로 / 주거공간 전반,"작업치료사가 1~2회의 가정 방문으로 위험요인 평가 및 우선순위가 높은 환경수정(장애물 제거, 안전손잡이 설치 등)을 집중적으로 수행하고, 설치 후 교육 및 적절한 추적 관리를 제공","여러 무작위대조시험을 종합한 결과, 체계적으로 잘 설계된 가정환경개선(평가·맞춤 수정·적절한 추적)은 낙상률 감소와 연관됨(일부 시험에서 유의한 낙상률 감소 보고; 예: 한 연구에서 낙상률 38% 감소 등)","공간: 욕실. 개선전략: 작업치료사가 1~2회의 가정 방문으로 위험요인 평가 및 우선순위가 높은 환경수정(장애물 제거, 안전손잡이 설치 등)을 집중적으로 수행하고, 설치 후 교육 및 적절한 추적 관리를 제공. 기대효과: 여러 무작위대조시험을 종합한 결과, 체계적으로 잘 설계된 가정환경개선(평가·맞춤 수정·적절한 추적)은 낙상률 감소와 연관됨(일부 시험에서 유의한 낙상률 감소 보고; 예: 한 연구에서 낙상률 38% 감소 등)",systematic review and meta-analysis,체계적 문헌고찰/메타분석,3,1.000,Tier 1,TRUE,"손잡이, 바닥정리, 보조기구 등",Home hazard modification programs for reducing falls in older adults: a systematic review and meta-analysis,,미확인_0.62,10.7717/peerj.15699,https://doi.org/10.7717/peerj.15699,"위험요인=낙상 경험 | 모델요인=낙상 경험 | 별칭=낙상 경험|낙상경험|과거 낙상 | 공간=욕실|침실|주거공간 전반 | 개선대상=손잡이, 바닥정리, 보조기구 등 | 개선전략=작업치료사가 1~2회의 가정 방문으로 위험요인 평가 및 우선순위가 높은 환경수정(장애물 제거, 안전손잡이 설치 등)을 집중적으로 수행하고, 설치 후 교육 및 적절한 추적 관리를 제공 | 기대효과=여러 무작위대조시험을 종합한 결과, 체계적으로 잘 설계된 가정환경개선(평가·맞춤 수정·적절한 추적)은 낙상률 감소와 연관됨(일부 시험에서 유의한 낙상률 감소 보고; 예: 한 연구에서 낙상률 38% 감소 등) | 근거유형=체계적 문헌고찰/메타분석 | 출처=Home hazard modification programs for reducing falls in older adults: a systematic review and meta-analysis",자동분류완료,
E0207,single,일상생활의 불편함_시력,,시력,,시력|일상생활의 불편함_시력|시각기능,대표모델명_자동매핑,시력,계단,계단,계단,"실내 계단의 조도(lux)를 계측용 광도계로 측정하고, 계단 구간의 평균 조도를 권장 기준(약 30 footcandles = 323 lux) 이상이 되도록 조명 보강(예: 추가 조명 기구 설치 또는 더 높은 루멘의 전구 교체 등) 시행",해당 실의 조도가 323 lux 이상일 때 낙상률이 약 50% 낮게 관찰됨(논문 보고),"공간: 계단. 개선전략: 실내 계단의 조도(lux)를 계측용 광도계로 측정하고, 계단 구간의 평균 조도를 권장 기준(약 30 footcandles = 323 lux) 이상이 되도록 조명 보강(예: 추가 조명 기구 설치 또는 더 높은 루멘의 전구 교체 등) 시행. 기대효과: 해당 실의 조도가 323 lux 이상일 때 낙상률이 약 50% 낮게 관찰됨(논문 보고)",prospective cohort study,코호트/비무작위 중재연구,2,0.667,Tier 2,TRUE,조명,Environmental Features Contributing to Falls in Persons With Vision Impairment: The Role of Home Lighting and Home Hazards,,미확인_0.40,10.1016/j.ajo.2021.04.022,https://doi.org/10.1016/j.ajo.2021.04.022,"위험요인=시력 | 모델요인=일상생활의 불편함_시력 | 별칭=시력|일상생활의 불편함_시력|시각기능 | 공간=계단 | 개선대상=조명 | 개선전략=실내 계단의 조도(lux)를 계측용 광도계로 측정하고, 계단 구간의 평균 조도를 권장 기준(약 30 footcandles = 323 lux) 이상이 되도록 조명 보강(예: 추가 조명 기구 설치 또는 더 높은 루멘의 전구 교체 등) 시행 | 기대효과=해당 실의 조도가 323 lux 이상일 때 낙상률이 약 50% 낮게 관찰됨(논문 보고) | 근거유형=코호트/비무작위 중재연구 | 출처=Environmental Features Contributing to Falls in Persons With Vision Impairment: The Role of Home Lighting and Home Hazards",자동분류완료,
E0208,single,일상생활의 불편함_시력,,시력,,시력|일상생활의 불편함_시력|시각기능,대표모델명_자동매핑,시력,침실,침실,침실,"침실의 실내 조도를 측정하여 야간·주간 사용 상황을 반영한 조도 수준을 개선하고, 필요 시 천장등·보조등·창가 차광 조절 등을 통해 실내 조도를 323 lux 수준 또는 가능하면 더 높은 수준으로 조정",각 실에서 조도가 10배 향상될 경우 해당 실의 연간 낙상률이 약 35% 감소하는 연관성이 보고됨(논문 보고). 또한 실별 조도가 323 lux 이상인 경우 낙상률이 약 50% 낮음,"공간: 침실. 개선전략: 침실의 실내 조도를 측정하여 야간·주간 사용 상황을 반영한 조도 수준을 개선하고, 필요 시 천장등·보조등·창가 차광 조절 등을 통해 실내 조도를 323 lux 수준 또는 가능하면 더 높은 수준으로 조정. 기대효과: 각 실에서 조도가 10배 향상될 경우 해당 실의 연간 낙상률이 약 35% 감소하는 연관성이 보고됨(논문 보고). 또한 실별 조도가 323 lux 이상인 경우 낙상률이 약 50% 낮음",prospective cohort study,코호트/비무작위 중재연구,2,0.667,Tier 2,TRUE,조명,Environmental Features Contributing to Falls in Persons With Vision Impairment: The Role of Home Lighting and Home Hazards,,미확인_0.40,10.1016/j.ajo.2021.04.022,https://doi.org/10.1016/j.ajo.2021.04.022,"위험요인=시력 | 모델요인=일상생활의 불편함_시력 | 별칭=시력|일상생활의 불편함_시력|시각기능 | 공간=침실 | 개선대상=조명 | 개선전략=침실의 실내 조도를 측정하여 야간·주간 사용 상황을 반영한 조도 수준을 개선하고, 필요 시 천장등·보조등·창가 차광 조절 등을 통해 실내 조도를 323 lux 수준 또는 가능하면 더 높은 수준으로 조정 | 기대효과=각 실에서 조도가 10배 향상될 경우 해당 실의 연간 낙상률이 약 35% 감소하는 연관성이 보고됨(논문 보고). 또한 실별 조도가 323 lux 이상인 경우 낙상률이 약 50% 낮음 | 근거유형=코호트/비무작위 중재연구 | 출처=Environmental Features Contributing to Falls in Persons With Vision Impairment: The Role of Home Lighting and Home Hazards",자동분류완료,
E0209,single,일상생활의 불편함_시력,,시력,,시력|일상생활의 불편함_시력|시각기능,대표모델명_자동매핑,시력,복도,복도,복도,"복도 및 통행로의 조도를 측정하여 조명이 낮은 구간(논문에서 낮게 관찰된 구간: 복도, 현관 등)에 대해 조명기구 추가 또는 조명강도(루멘) 높은 전구로 교체하여 실내 조도 기준(예: 323 lux 수준) 달성하도록 개선","조도가 낮은 복도·통로의 조명 개선은 방별 낙상률 감소와 연관됨(논문: 방별 조도 향상(10배)당 낙상률 약 35% 감소, 323 lux 이상인 경우 약 50% 낮음)","공간: 복도. 개선전략: 복도 및 통행로의 조도를 측정하여 조명이 낮은 구간(논문에서 낮게 관찰된 구간: 복도, 현관 등)에 대해 조명기구 추가 또는 조명강도(루멘) 높은 전구로 교체하여 실내 조도 기준(예: 323 lux 수준) 달성하도록 개선. 기대효과: 조도가 낮은 복도·통로의 조명 개선은 방별 낙상률 감소와 연관됨(논문: 방별 조도 향상(10배)당 낙상률 약 35% 감소, 323 lux 이상인 경우 약 50% 낮음)",prospective cohort study,코호트/비무작위 중재연구,2,0.667,Tier 2,TRUE,조명,Environmental Features Contributing to Falls in Persons With Vision Impairment: The Role of Home Lighting and Home Hazards,,미확인_0.40,10.1016/j.ajo.2021.04.022,https://doi.org/10.1016/j.ajo.2021.04.022,"위험요인=시력 | 모델요인=일상생활의 불편함_시력 | 별칭=시력|일상생활의 불편함_시력|시각기능 | 공간=복도 | 개선대상=조명 | 개선전략=복도 및 통행로의 조도를 측정하여 조명이 낮은 구간(논문에서 낮게 관찰된 구간: 복도, 현관 등)에 대해 조명기구 추가 또는 조명강도(루멘) 높은 전구로 교체하여 실내 조도 기준(예: 323 lux 수준) 달성하도록 개선 | 기대효과=조도가 낮은 복도·통로의 조명 개선은 방별 낙상률 감소와 연관됨(논문: 방별 조도 향상(10배)당 낙상률 약 35% 감소, 323 lux 이상인 경우 약 50% 낮음) | 근거유형=코호트/비무작위 중재연구 | 출처=Environmental Features Contributing to Falls in Persons With Vision Impairment: The Role of Home Lighting and Home Hazards",자동분류완료,
E0210,single,일상생활의 불편함_시력,,시력,,시력|일상생활의 불편함_시력|시각기능,대표모델명_자동매핑,시력,주거공간 전반,주거공간 전반,주거공간 전반,"주택 내 각 실(계단, 침실, 거실, 주방, 욕실 등)을 개별적으로 측정하여 실별 조도값을 기록(lux)하고, 낙상 빈도가 높은 실부터 우선적으로 실별 조도를 10배 수준으로 향상시키거나 최소 323 lux 이상이 되도록 조명 체계를 개선",논문에서 보고된 바와 같이 실별 조도를 10배 향상시키면 해당 실의 연간 낙상률이 약 35% 감소하는 연관성이 관찰됨; 또한 실별 조도가 323 lux 이상인 경우 낙상률이 약 50% 낮음,"공간: 주거공간 전반. 개선전략: 주택 내 각 실(계단, 침실, 거실, 주방, 욕실 등)을 개별적으로 측정하여 실별 조도값을 기록(lux)하고, 낙상 빈도가 높은 실부터 우선적으로 실별 조도를 10배 수준으로 향상시키거나 최소 323 lux 이상이 되도록 조명 체계를 개선. 기대효과: 논문에서 보고된 바와 같이 실별 조도를 10배 향상시키면 해당 실의 연간 낙상률이 약 35% 감소하는 연관성이 관찰됨; 또한 실별 조도가 323 lux 이상인 경우 낙상률이 약 50% 낮음",prospective cohort study,코호트/비무작위 중재연구,2,0.667,Tier 2,TRUE,조명,Environmental Features Contributing to Falls in Persons With Vision Impairment: The Role of Home Lighting and Home Hazards,,미확인_0.40,10.1016/j.ajo.2021.04.022,https://doi.org/10.1016/j.ajo.2021.04.022,"위험요인=시력 | 모델요인=일상생활의 불편함_시력 | 별칭=시력|일상생활의 불편함_시력|시각기능 | 공간=주거공간 전반 | 개선대상=조명 | 개선전략=주택 내 각 실(계단, 침실, 거실, 주방, 욕실 등)을 개별적으로 측정하여 실별 조도값을 기록(lux)하고, 낙상 빈도가 높은 실부터 우선적으로 실별 조도를 10배 수준으로 향상시키거나 최소 323 lux 이상이 되도록 조명 체계를 개선 | 기대효과=논문에서 보고된 바와 같이 실별 조도를 10배 향상시키면 해당 실의 연간 낙상률이 약 35% 감소하는 연관성이 관찰됨; 또한 실별 조도가 323 lux 이상인 경우 낙상률이 약 50% 낮음 | 근거유형=코호트/비무작위 중재연구 | 출처=Environmental Features Contributing to Falls in Persons With Vision Impairment: The Role of Home Lighting and Home Hazards",자동분류완료,
E0211,single,일상생활의 불편함_시력,,시력,,시력|일상생활의 불편함_시력|시각기능,대표모델명_자동매핑,시력,주거공간 전반,주거공간 전반,주거공간 전반,필요 조도를 확보하면서 에너지 소비와 유지비를 고려하여 LED 등 고효율(저에너지) 조명 전구로 교체하여 동일 수준의 조도 제공 및 전구 수명 연장,"논문 논의에서 고효율 전구는 유사한 조도 제공 및 수명 연장 효과가 있어 조명 개선 시 에너지·유지비 측면의 대안이 될 수 있음(단, 초기 비용은 높을 수 있음)","공간: 주거공간 전반. 개선전략: 필요 조도를 확보하면서 에너지 소비와 유지비를 고려하여 LED 등 고효율(저에너지) 조명 전구로 교체하여 동일 수준의 조도 제공 및 전구 수명 연장. 기대효과: 논문 논의에서 고효율 전구는 유사한 조도 제공 및 수명 연장 효과가 있어 조명 개선 시 에너지·유지비 측면의 대안이 될 수 있음(단, 초기 비용은 높을 수 있음)",prospective cohort study,코호트/비무작위 중재연구,2,0.667,Tier 2,TRUE,조명,Environmental Features Contributing to Falls in Persons With Vision Impairment: The Role of Home Lighting and Home Hazards,,미확인_0.40,10.1016/j.ajo.2021.04.022,https://doi.org/10.1016/j.ajo.2021.04.022,"위험요인=시력 | 모델요인=일상생활의 불편함_시력 | 별칭=시력|일상생활의 불편함_시력|시각기능 | 공간=주거공간 전반 | 개선대상=조명 | 개선전략=필요 조도를 확보하면서 에너지 소비와 유지비를 고려하여 LED 등 고효율(저에너지) 조명 전구로 교체하여 동일 수준의 조도 제공 및 전구 수명 연장 | 기대효과=논문 논의에서 고효율 전구는 유사한 조도 제공 및 수명 연장 효과가 있어 조명 개선 시 에너지·유지비 측면의 대안이 될 수 있음(단, 초기 비용은 높을 수 있음) | 근거유형=코호트/비무작위 중재연구 | 출처=Environmental Features Contributing to Falls in Persons With Vision Impairment: The Role of Home Lighting and Home Hazards",자동분류완료,
E0212,single,근력상태_의자나 침대에 앉았다가 일어나기 5회 반복,,근력상태_의자나 침대에 앉았다가 일어나기 5회 반복,,근력상태_의자나 침대에 앉았다가 일어나기 5회 반복,원문명_유지,근력상태_의자나 침대에 앉았다가 일어나기 5회 반복,거실,거실,거실,앉고 일어서기 용이하도록 팔걸이(armrests)가 있고 높이 ≥18인치(약 46cm)인 튼튼한 등받이 의자 제공; 의자 바퀴 제거,"앉았다 일어서는 동작 부담 감소, 기립 안정성 향상","공간: 거실. 개선전략: 앉고 일어서기 용이하도록 팔걸이(armrests)가 있고 높이 ≥18인치(약 46cm)인 튼튼한 등받이 의자 제공; 의자 바퀴 제거. 기대효과: 앉았다 일어서는 동작 부담 감소, 기립 안정성 향상",,미분류,,,검토 필요,FALSE,의자,Reducing the Risk for Falls in the Homes of Older Adults,Reducing the Risk for Falls in the Homes of Older Adults.pdf,자동매칭_1.00,10.1300/J081v18n02_04,https://doi.org/10.1300/J081v18n02_04,"위험요인=근력상태_의자나 침대에 앉았다가 일어나기 5회 반복 | 모델요인=근력상태_의자나 침대에 앉았다가 일어나기 5회 반복 | 별칭=근력상태_의자나 침대에 앉았다가 일어나기 5회 반복 | 공간=거실 | 개선대상=의자 | 개선전략=앉고 일어서기 용이하도록 팔걸이(armrests)가 있고 높이 ≥18인치(약 46cm)인 튼튼한 등받이 의자 제공; 의자 바퀴 제거 | 기대효과=앉았다 일어서는 동작 부담 감소, 기립 안정성 향상 | 근거유형=미분류 | 출처=Reducing the Risk for Falls in the Homes of Older Adults",검토필요_근거유형없음,원문 논문에서 연구설계를 확인한 뒤 evidence_score를 입력해야 함
E0213,single,근력상태_의자나 침대에 앉았다가 일어나기 5회 반복,,근력상태_의자나 침대에 앉았다가 일어나기 5회 반복,,근력상태_의자나 침대에 앉았다가 일어나기 5회 반복,원문명_유지,근력상태_의자나 침대에 앉았다가 일어나기 5회 반복,침실,침실,침실,침대 높이를 사용자가 앉았을 때 발바닥이 바닥에 닿도록 조절; 침대 측면에 체중 지지 가능한 손잡이(바) 설치,침대에서의 안전한 전이(앉고 일어서기) 용이성 향상,공간: 침실. 개선전략: 침대 높이를 사용자가 앉았을 때 발바닥이 바닥에 닿도록 조절; 침대 측면에 체중 지지 가능한 손잡이(바) 설치. 기대효과: 침대에서의 안전한 전이(앉고 일어서기) 용이성 향상,,미분류,,,검토 필요,FALSE,침대,Reducing the Risk for Falls in the Homes of Older Adults,Reducing the Risk for Falls in the Homes of Older Adults.pdf,자동매칭_1.00,10.1300/J081v18n02_04,https://doi.org/10.1300/J081v18n02_04,위험요인=근력상태_의자나 침대에 앉았다가 일어나기 5회 반복 | 모델요인=근력상태_의자나 침대에 앉았다가 일어나기 5회 반복 | 별칭=근력상태_의자나 침대에 앉았다가 일어나기 5회 반복 | 공간=침실 | 개선대상=침대 | 개선전략=침대 높이를 사용자가 앉았을 때 발바닥이 바닥에 닿도록 조절; 침대 측면에 체중 지지 가능한 손잡이(바) 설치 | 기대효과=침대에서의 안전한 전이(앉고 일어서기) 용이성 향상 | 근거유형=미분류 | 출처=Reducing the Risk for Falls in the Homes of Older Adults,검토필요_근거유형없음,원문 논문에서 연구설계를 확인한 뒤 evidence_score를 입력해야 함
E0214,single,동작수행 어려움_쉬지않고 10계단 오르기,,동작수행 어려움_쉬지않고 10계단 오르기,,동작수행 어려움_쉬지않고 10계단 오르기,원문명_유지,동작수행 어려움_쉬지않고 10계단 오르기,계단,계단,계단,계단 양쪽에 손잡이(난간)를 단단히 고정하고 잡기 쉬운 형태로 설치; 계단 모서리에 논슬립 스트립 또는 표시 테이프 부착,"계단 이용 시 안정성 증가, 미끄러짐 및 비틀림 방지로 보행 부담 감소","공간: 계단. 개선전략: 계단 양쪽에 손잡이(난간)를 단단히 고정하고 잡기 쉬운 형태로 설치; 계단 모서리에 논슬립 스트립 또는 표시 테이프 부착. 기대효과: 계단 이용 시 안정성 증가, 미끄러짐 및 비틀림 방지로 보행 부담 감소",,미분류,,,검토 필요,FALSE,"계단, 손잡이, 계단 모서리표시",Reducing the Risk for Falls in the Homes of Older Adults,Reducing the Risk for Falls in the Homes of Older Adults.pdf,자동매칭_1.00,10.1300/J081v18n02_04,https://doi.org/10.1300/J081v18n02_04,"위험요인=동작수행 어려움_쉬지않고 10계단 오르기 | 모델요인=동작수행 어려움_쉬지않고 10계단 오르기 | 별칭=동작수행 어려움_쉬지않고 10계단 오르기 | 공간=계단 | 개선대상=계단, 손잡이, 계단 모서리표시 | 개선전략=계단 양쪽에 손잡이(난간)를 단단히 고정하고 잡기 쉬운 형태로 설치; 계단 모서리에 논슬립 스트립 또는 표시 테이프 부착 | 기대효과=계단 이용 시 안정성 증가, 미끄러짐 및 비틀림 방지로 보행 부담 감소 | 근거유형=미분류 | 출처=Reducing the Risk for Falls in the Homes of Older Adults",검토필요_근거유형없음,원문 논문에서 연구설계를 확인한 뒤 evidence_score를 입력해야 함
E0215,single,일상생활의 불편함_시력,,시력,,시력|일상생활의 불편함_시력|시각기능,대표모델명_자동매핑,시력,주거공간 전반,주거공간 전반,주거공간 전반,"눈부심 없는 간접조명과 충분한 조도 설치(가능한 경우 100와트 전구 권장), 문 입구와 침대 옆 스위치 배치, 야간에는 무동작/동작감지등 설치",야간 및 실내 시인성 향상,"공간: 주거공간 전반. 개선전략: 눈부심 없는 간접조명과 충분한 조도 설치(가능한 경우 100와트 전구 권장), 문 입구와 침대 옆 스위치 배치, 야간에는 무동작/동작감지등 설치. 기대효과: 야간 및 실내 시인성 향상",,미분류,,,검토 필요,FALSE,"조명, 스위치, 야간 센서등",Reducing the Risk for Falls in the Homes of Older Adults,Reducing the Risk for Falls in the Homes of Older Adults.pdf,자동매칭_1.00,10.1300/J081v18n02_04,https://doi.org/10.1300/J081v18n02_04,"위험요인=시력 | 모델요인=일상생활의 불편함_시력 | 별칭=시력|일상생활의 불편함_시력|시각기능 | 공간=주거공간 전반 | 개선대상=조명, 스위치, 야간 센서등 | 개선전략=눈부심 없는 간접조명과 충분한 조도 설치(가능한 경우 100와트 전구 권장), 문 입구와 침대 옆 스위치 배치, 야간에는 무동작/동작감지등 설치 | 기대효과=야간 및 실내 시인성 향상 | 근거유형=미분류 | 출처=Reducing the Risk for Falls in the Homes of Older Adults",검토필요_근거유형없음,원문 논문에서 연구설계를 확인한 뒤 evidence_score를 입력해야 함
E0216,single,일상생활의 불편함_시력,,시력,,시력|일상생활의 불편함_시력|시각기능,대표모델명_자동매핑,시력,계단,계단,계단,계단의 앞·뒷부분을 대비색으로 도색하거나 계단 가장자리에 형광 테이프 부착하여 계단 단계 대비 개선,계단 단계 대비 향상으로 시인성 개선,공간: 계단. 개선전략: 계단의 앞·뒷부분을 대비색으로 도색하거나 계단 가장자리에 형광 테이프 부착하여 계단 단계 대비 개선. 기대효과: 계단 단계 대비 향상으로 시인성 개선,,미분류,,,검토 필요,FALSE,"계단, 계단 모서리 표시",Reducing the Risk for Falls in the Homes of Older Adults,Reducing the Risk for Falls in the Homes of Older Adults.pdf,자동매칭_1.00,10.1300/J081v18n02_04,https://doi.org/10.1300/J081v18n02_04,"위험요인=시력 | 모델요인=일상생활의 불편함_시력 | 별칭=시력|일상생활의 불편함_시력|시각기능 | 공간=계단 | 개선대상=계단, 계단 모서리 표시 | 개선전략=계단의 앞·뒷부분을 대비색으로 도색하거나 계단 가장자리에 형광 테이프 부착하여 계단 단계 대비 개선 | 기대효과=계단 단계 대비 향상으로 시인성 개선 | 근거유형=미분류 | 출처=Reducing the Risk for Falls in the Homes of Older Adults",검토필요_근거유형없음,원문 논문에서 연구설계를 확인한 뒤 evidence_score를 입력해야 함
E0217,single,동작수행 어려움_머리보다 높은 곳에 있는 것 손 뻗쳐 닿기,,동작수행 어려움_머리보다 높은 곳에 있는 것 손 뻗쳐 닿기,,동작수행 어려움_머리보다 높은 곳에 있는 것 손 뻗쳐 닿기,원문명_유지,동작수행 어려움_머리보다 높은 곳에 있는 것 손 뻗쳐 닿기,주방,주방,주방,자주 사용하는 물건은 눈높이 또는 손이 닿기 쉬운 하단 선반에 배치; 주방·욕실에 손 닿기 쉬운 서랍·선반 설치,발판(스텝스툴) 또는 사다리 사용 감소로 높은 곳 접근 시 안전성 향상,공간: 주방. 개선전략: 자주 사용하는 물건은 눈높이 또는 손이 닿기 쉬운 하단 선반에 배치; 주방·욕실에 손 닿기 쉬운 서랍·선반 설치. 기대효과: 발판(스텝스툴) 또는 사다리 사용 감소로 높은 곳 접근 시 안전성 향상,,미분류,,,검토 필요,FALSE,"수납장, 선반, 서랍",Reducing the Risk for Falls in the Homes of Older Adults,Reducing the Risk for Falls in the Homes of Older Adults.pdf,자동매칭_1.00,10.1300/J081v18n02_04,https://doi.org/10.1300/J081v18n02_04,"위험요인=동작수행 어려움_머리보다 높은 곳에 있는 것 손 뻗쳐 닿기 | 모델요인=동작수행 어려움_머리보다 높은 곳에 있는 것 손 뻗쳐 닿기 | 별칭=동작수행 어려움_머리보다 높은 곳에 있는 것 손 뻗쳐 닿기 | 공간=주방 | 개선대상=수납장, 선반, 서랍 | 개선전략=자주 사용하는 물건은 눈높이 또는 손이 닿기 쉬운 하단 선반에 배치; 주방·욕실에 손 닿기 쉬운 서랍·선반 설치 | 기대효과=발판(스텝스툴) 또는 사다리 사용 감소로 높은 곳 접근 시 안전성 향상 | 근거유형=미분류 | 출처=Reducing the Risk for Falls in the Homes of Older Adults",검토필요_근거유형없음,원문 논문에서 연구설계를 확인한 뒤 evidence_score를 입력해야 함
E0218,single,ADL,,ADL,,ADL|일상생활수행능력,대표모델명_자동매핑,ADL,욕실,욕실,욕실,"욕조/샤워에 논슬립 스트립, 샤워 좌석 또는 욕조 벤치 설치; 샤워 호스 설치로 앉아서 샤워 가능; 변기 높이 올리기 및 욕실 내 손잡이(인그립형) 설치",욕창 및 세면·세척 활동의 독립성 향상(목욕·세면 수행 능력 증가),"공간: 욕실. 개선전략: 욕조/샤워에 논슬립 스트립, 샤워 좌석 또는 욕조 벤치 설치; 샤워 호스 설치로 앉아서 샤워 가능; 변기 높이 올리기 및 욕실 내 손잡이(인그립형) 설치. 기대효과: 욕창 및 세면·세척 활동의 독립성 향상(목욕·세면 수행 능력 증가)",,미분류,,,검토 필요,FALSE,"샤워좌석, 샤워호스, 변기, 욕조, 손잡이",Reducing the Risk for Falls in the Homes of Older Adults,Reducing the Risk for Falls in the Homes of Older Adults.pdf,자동매칭_1.00,10.1300/J081v18n02_04,https://doi.org/10.1300/J081v18n02_04,"위험요인=ADL | 모델요인=ADL | 별칭=ADL|일상생활수행능력 | 공간=욕실 | 개선대상=샤워좌석, 샤워호스, 변기, 욕조, 손잡이 | 개선전략=욕조/샤워에 논슬립 스트립, 샤워 좌석 또는 욕조 벤치 설치; 샤워 호스 설치로 앉아서 샤워 가능; 변기 높이 올리기 및 욕실 내 손잡이(인그립형) 설치 | 기대효과=욕창 및 세면·세척 활동의 독립성 향상(목욕·세면 수행 능력 증가) | 근거유형=미분류 | 출처=Reducing the Risk for Falls in the Homes of Older Adults",검토필요_근거유형없음,원문 논문에서 연구설계를 확인한 뒤 evidence_score를 입력해야 함
E0219,single,복용약물,,복용약물,,복용약물|약물복용,대표모델명_자동매핑,복용약물,주거공간 전반,주거공간 전반,주거공간 전반,모든 약병에 큰 글씨 라벨 부착 및 일일·주간 복약 분리 케이스 제공(복약 과다·과소 복용 방지용),복약 오류 감소 및 복용관리 용이성 향상,공간: 주거공간 전반. 개선전략: 모든 약병에 큰 글씨 라벨 부착 및 일일·주간 복약 분리 케이스 제공(복약 과다·과소 복용 방지용). 기대효과: 복약 오류 감소 및 복용관리 용이성 향상,,미분류,,,검토 필요,FALSE,"약병, 복약케이스",Reducing the Risk for Falls in the Homes of Older Adults,Reducing the Risk for Falls in the Homes of Older Adults.pdf,자동매칭_1.00,10.1300/J081v18n02_04,https://doi.org/10.1300/J081v18n02_04,"위험요인=복용약물 | 모델요인=복용약물 | 별칭=복용약물|약물복용 | 공간=주거공간 전반 | 개선대상=약병, 복약케이스 | 개선전략=모든 약병에 큰 글씨 라벨 부착 및 일일·주간 복약 분리 케이스 제공(복약 과다·과소 복용 방지용) | 기대효과=복약 오류 감소 및 복용관리 용이성 향상 | 근거유형=미분류 | 출처=Reducing the Risk for Falls in the Homes of Older Adults",검토필요_근거유형없음,원문 논문에서 연구설계를 확인한 뒤 evidence_score를 입력해야 함
E0220,single,독거 또는 사회적 고립,,독거 또는 사회적 고립,,독거 또는 사회적 고립|독거|사회적 고립,대표모델명_자동매핑,독거 또는 사회적 고립,주거공간 전반,주거공간 전반,주거공간 전반,목걸이형 또는 손목형 긴급 호출 버튼(방수형 포함) 및 전자 응급호출 시스템 설치; 필요 시 집 외관에 긴급 시 식별 가능한 표시등(청색 점멸등) 설치,낙상 발생 시 신속한 응급신고 가능성 증가 및 응급 대응 시간 단축,공간: 주거공간 전반. 개선전략: 목걸이형 또는 손목형 긴급 호출 버튼(방수형 포함) 및 전자 응급호출 시스템 설치; 필요 시 집 외관에 긴급 시 식별 가능한 표시등(청색 점멸등) 설치. 기대효과: 낙상 발생 시 신속한 응급신고 가능성 증가 및 응급 대응 시간 단축,,미분류,,,검토 필요,FALSE,"전자 응급 호출기(펜던트/손목), 집 앞 점멸등",Reducing the Risk for Falls in the Homes of Older Adults,Reducing the Risk for Falls in the Homes of Older Adults.pdf,자동매칭_1.00,10.1300/J081v18n02_04,https://doi.org/10.1300/J081v18n02_04,"위험요인=독거 또는 사회적 고립 | 모델요인=독거 또는 사회적 고립 | 별칭=독거 또는 사회적 고립|독거|사회적 고립 | 공간=주거공간 전반 | 개선대상=전자 응급 호출기(펜던트/손목), 집 앞 점멸등 | 개선전략=목걸이형 또는 손목형 긴급 호출 버튼(방수형 포함) 및 전자 응급호출 시스템 설치; 필요 시 집 외관에 긴급 시 식별 가능한 표시등(청색 점멸등) 설치 | 기대효과=낙상 발생 시 신속한 응급신고 가능성 증가 및 응급 대응 시간 단축 | 근거유형=미분류 | 출처=Reducing the Risk for Falls in the Homes of Older Adults",검토필요_근거유형없음,원문 논문에서 연구설계를 확인한 뒤 evidence_score를 입력해야 함
E0221,single,일상생활의 불편함_시력,,시력,,시력|일상생활의 불편함_시력|시각기능,대표모델명_자동매핑,시력,주거공간 전반,주거공간 전반,주거공간 전반,광택이 심한 바닥 마감제·광택 페인트 사용을 피하고 비반사(non-glare) 표면과 페인트 사용,눈부심 감소로 시인성 및 안전성 향상,공간: 주거공간 전반. 개선전략: 광택이 심한 바닥 마감제·광택 페인트 사용을 피하고 비반사(non-glare) 표면과 페인트 사용. 기대효과: 눈부심 감소로 시인성 및 안전성 향상,,미분류,,,검토 필요,FALSE,"바닥, 페인트, 표면 마감",Reducing the Risk for Falls in the Homes of Older Adults,Reducing the Risk for Falls in the Homes of Older Adults.pdf,자동매칭_1.00,10.1300/J081v18n02_04,https://doi.org/10.1300/J081v18n02_04,"위험요인=시력 | 모델요인=일상생활의 불편함_시력 | 별칭=시력|일상생활의 불편함_시력|시각기능 | 공간=주거공간 전반 | 개선대상=바닥, 페인트, 표면 마감 | 개선전략=광택이 심한 바닥 마감제·광택 페인트 사용을 피하고 비반사(non-glare) 표면과 페인트 사용 | 기대효과=눈부심 감소로 시인성 및 안전성 향상 | 근거유형=미분류 | 출처=Reducing the Risk for Falls in the Homes of Older Adults",검토필요_근거유형없음,원문 논문에서 연구설계를 확인한 뒤 evidence_score를 입력해야 함
E0222,single,인지기능_총점,,인지기능,,인지기능|인지기능_총점|인지저하,대표모델명_자동매핑,인지기능,계단,계단,계단,인지기능 저하자에게는 계단 상단·하단에 차단 게이트 설치하거나 계단실 출입문을 잠가 접근 차단,인지저하로 인한 무단 계단 접근 제한으로 안전성 향상,공간: 계단. 개선전략: 인지기능 저하자에게는 계단 상단·하단에 차단 게이트 설치하거나 계단실 출입문을 잠가 접근 차단. 기대효과: 인지저하로 인한 무단 계단 접근 제한으로 안전성 향상,,미분류,,,검토 필요,FALSE,"게이트, 문",Reducing the Risk for Falls in the Homes of Older Adults,Reducing the Risk for Falls in the Homes of Older Adults.pdf,자동매칭_1.00,10.1300/J081v18n02_04,https://doi.org/10.1300/J081v18n02_04,"위험요인=인지기능 | 모델요인=인지기능_총점 | 별칭=인지기능|인지기능_총점|인지저하 | 공간=계단 | 개선대상=게이트, 문 | 개선전략=인지기능 저하자에게는 계단 상단·하단에 차단 게이트 설치하거나 계단실 출입문을 잠가 접근 차단 | 기대효과=인지저하로 인한 무단 계단 접근 제한으로 안전성 향상 | 근거유형=미분류 | 출처=Reducing the Risk for Falls in the Homes of Older Adults",검토필요_근거유형없음,원문 논문에서 연구설계를 확인한 뒤 evidence_score를 입력해야 함
E0223,single,동작수행 어려움_몸 구부리거나 쭈그려 앉거나 무릎 꿇기,,동작수행 어려움_몸 구부리거나 쭈그려 앉거나 무릎 꿇기,,동작수행 어려움_몸 구부리거나 쭈그려 앉거나 무릎 꿇기,원문명_유지,동작수행 어려움_몸 구부리거나 쭈그려 앉거나 무릎 꿇기,주거공간 전반,주거공간 전반,주거공간 전반,"바닥 통로에서 물건·잡동사니 제거, 바닥에 가로지른 전선 정리·고정, 깔개·러그 제거 또는 미끄럼 방지 고정",보행 동선 장애 제거로 넘어짐·걸림 위험 감소 및 보행 경로 안전성 향상,"공간: 주거공간 전반. 개선전략: 바닥 통로에서 물건·잡동사니 제거, 바닥에 가로지른 전선 정리·고정, 깔개·러그 제거 또는 미끄럼 방지 고정. 기대효과: 보행 동선 장애 제거로 넘어짐·걸림 위험 감소 및 보행 경로 안전성 향상",,미분류,,,검토 필요,FALSE,"바닥, 전선, 러그",Reducing the Risk for Falls in the Homes of Older Adults,Reducing the Risk for Falls in the Homes of Older Adults.pdf,자동매칭_1.00,10.1300/J081v18n02_04,https://doi.org/10.1300/J081v18n02_04,"위험요인=동작수행 어려움_몸 구부리거나 쭈그려 앉거나 무릎 꿇기 | 모델요인=동작수행 어려움_몸 구부리거나 쭈그려 앉거나 무릎 꿇기 | 별칭=동작수행 어려움_몸 구부리거나 쭈그려 앉거나 무릎 꿇기 | 공간=주거공간 전반 | 개선대상=바닥, 전선, 러그 | 개선전략=바닥 통로에서 물건·잡동사니 제거, 바닥에 가로지른 전선 정리·고정, 깔개·러그 제거 또는 미끄럼 방지 고정 | 기대효과=보행 동선 장애 제거로 넘어짐·걸림 위험 감소 및 보행 경로 안전성 향상 | 근거유형=미분류 | 출처=Reducing the Risk for Falls in the Homes of Older Adults",검토필요_근거유형없음,원문 논문에서 연구설계를 확인한 뒤 evidence_score를 입력해야 함
E0224,single,일상생활의 불편함_시력,,시력,,시력|일상생활의 불편함_시력|시각기능,대표모델명_자동매핑,시력,침실,침실,침실,침대 주변에 발을 디디면 자동으로 조명을 켜는 압력감지 바닥 또는 센서식 바닥 등 조명 활성화 시스템 설치,야간 기상 시 시인성 향상으로 안전한 이동 보조,공간: 침실. 개선전략: 침대 주변에 발을 디디면 자동으로 조명을 켜는 압력감지 바닥 또는 센서식 바닥 등 조명 활성화 시스템 설치. 기대효과: 야간 기상 시 시인성 향상으로 안전한 이동 보조,,미분류,,,검토 필요,FALSE,"바닥 센서, 조명 시스템",Reducing the Risk for Falls in the Homes of Older Adults,Reducing the Risk for Falls in the Homes of Older Adults.pdf,자동매칭_1.00,10.1300/J081v18n02_04,https://doi.org/10.1300/J081v18n02_04,"위험요인=시력 | 모델요인=일상생활의 불편함_시력 | 별칭=시력|일상생활의 불편함_시력|시각기능 | 공간=침실 | 개선대상=바닥 센서, 조명 시스템 | 개선전략=침대 주변에 발을 디디면 자동으로 조명을 켜는 압력감지 바닥 또는 센서식 바닥 등 조명 활성화 시스템 설치 | 기대효과=야간 기상 시 시인성 향상으로 안전한 이동 보조 | 근거유형=미분류 | 출처=Reducing the Risk for Falls in the Homes of Older Adults",검토필요_근거유형없음,원문 논문에서 연구설계를 확인한 뒤 evidence_score를 입력해야 함
E0225,single,동작수행 어려움_쉬지않고 10계단 오르기,,동작수행 어려움_쉬지않고 10계단 오르기,,동작수행 어려움_쉬지않고 10계단 오르기,원문명_유지,동작수행 어려움_쉬지않고 10계단 오르기,계단,계단,계단,가능한 경우 계단 경사를 완만하게 하고 계단 폭(깊이)을 넓혀 한 계단의 오르내림 부담을 줄이도록 계단 구조 개조,계단 오르내림 시 신체적 부담 감소,공간: 계단. 개선전략: 가능한 경우 계단 경사를 완만하게 하고 계단 폭(깊이)을 넓혀 한 계단의 오르내림 부담을 줄이도록 계단 구조 개조. 기대효과: 계단 오르내림 시 신체적 부담 감소,,미분류,,,검토 필요,FALSE,계단 구조,Reducing the Risk for Falls in the Homes of Older Adults,Reducing the Risk for Falls in the Homes of Older Adults.pdf,자동매칭_1.00,10.1300/J081v18n02_04,https://doi.org/10.1300/J081v18n02_04,위험요인=동작수행 어려움_쉬지않고 10계단 오르기 | 모델요인=동작수행 어려움_쉬지않고 10계단 오르기 | 별칭=동작수행 어려움_쉬지않고 10계단 오르기 | 공간=계단 | 개선대상=계단 구조 | 개선전략=가능한 경우 계단 경사를 완만하게 하고 계단 폭(깊이)을 넓혀 한 계단의 오르내림 부담을 줄이도록 계단 구조 개조 | 기대효과=계단 오르내림 시 신체적 부담 감소 | 근거유형=미분류 | 출처=Reducing the Risk for Falls in the Homes of Older Adults,검토필요_근거유형없음,원문 논문에서 연구설계를 확인한 뒤 evidence_score를 입력해야 함
E0226,single,낙상 경험,,낙상 경험,,낙상 경험|낙상경험|과거 낙상,대표모델명_자동매핑,낙상 경험,주거공간 전반,주거공간 전반,주거공간 전반,작업치료사 등의 전문가가 가정을 방문해 낙상 위험요인 평가 후 환경위험요소를 식별하고 즉시 수정(홈 안전 평가 및 개조),주거 환경 수정과 평가를 통한 낙상 위험 감소(문헌에서 방문·수정 개입 시 약 25% 감소 보고),공간: 주거공간 전반. 개선전략: 작업치료사 등의 전문가가 가정을 방문해 낙상 위험요인 평가 후 환경위험요소를 식별하고 즉시 수정(홈 안전 평가 및 개조). 기대효과: 주거 환경 수정과 평가를 통한 낙상 위험 감소(문헌에서 방문·수정 개입 시 약 25% 감소 보고),무작위 대조시험,무작위 대조시험,3,1.000,Tier 1,TRUE,주거환경(전반),Reducing the Risk for Falls in the Homes of Older Adults,Reducing the Risk for Falls in the Homes of Older Adults.pdf,자동매칭_1.00,10.1300/J081v18n02_04,https://doi.org/10.1300/J081v18n02_04,위험요인=낙상 경험 | 모델요인=낙상 경험 | 별칭=낙상 경험|낙상경험|과거 낙상 | 공간=주거공간 전반 | 개선대상=주거환경(전반) | 개선전략=작업치료사 등의 전문가가 가정을 방문해 낙상 위험요인 평가 후 환경위험요소를 식별하고 즉시 수정(홈 안전 평가 및 개조) | 기대효과=주거 환경 수정과 평가를 통한 낙상 위험 감소(문헌에서 방문·수정 개입 시 약 25% 감소 보고) | 근거유형=무작위 대조시험 | 출처=Reducing the Risk for Falls in the Homes of Older Adults,자동분류완료,
E0227,single,낙상 경험,,낙상 경험,,낙상 경험|낙상경험|과거 낙상,대표모델명_자동매핑,낙상 경험,주거공간 전반,주거공간 전반,주거공간 전반,"포괄적 환경 수정(조명 개선, 바닥·계단 안전화, 욕실 보조기구 설치 등)을 포함한 주택 개조를 수행",문헌에서 보고된 다요인적 개입의 일부로 주택 수정 시 낙상 발생률 감소(문헌에서 약 30% 감소 보고),"공간: 주거공간 전반. 개선전략: 포괄적 환경 수정(조명 개선, 바닥·계단 안전화, 욕실 보조기구 설치 등)을 포함한 주택 개조를 수행. 기대효과: 문헌에서 보고된 다요인적 개입의 일부로 주택 수정 시 낙상 발생률 감소(문헌에서 약 30% 감소 보고)",,미분류,,,검토 필요,FALSE,주거환경(전반),Reducing the Risk for Falls in the Homes of Older Adults,Reducing the Risk for Falls in the Homes of Older Adults.pdf,자동매칭_1.00,10.1300/J081v18n02_04,https://doi.org/10.1300/J081v18n02_04,"위험요인=낙상 경험 | 모델요인=낙상 경험 | 별칭=낙상 경험|낙상경험|과거 낙상 | 공간=주거공간 전반 | 개선대상=주거환경(전반) | 개선전략=포괄적 환경 수정(조명 개선, 바닥·계단 안전화, 욕실 보조기구 설치 등)을 포함한 주택 개조를 수행 | 기대효과=문헌에서 보고된 다요인적 개입의 일부로 주택 수정 시 낙상 발생률 감소(문헌에서 약 30% 감소 보고) | 근거유형=미분류 | 출처=Reducing the Risk for Falls in the Homes of Older Adults",검토필요_근거유형없음,원문 논문에서 연구설계를 확인한 뒤 evidence_score를 입력해야 함
E0228,single,IADL,,IADL,,IADL|도구적 일상생활수행능력,대표모델명_자동매핑,IADL,주거공간 전반,주거공간 전반,주거공간 전반,작업치료사 등이 HOME FAST 등 표준화된 가정 내 위험요인 도구를 사용하여 가정 내 위험요인 평가 실시 및 평가 결과에 따른 가정 안전 수정 의뢰(홈 해저드 감소를 위한 주택 보수 서비스 연계 포함),가정 내 환경위험요인 식별·제거로 환경 관련 낙상 위험요인 감소,공간: 주거공간 전반. 개선전략: 작업치료사 등이 HOME FAST 등 표준화된 가정 내 위험요인 도구를 사용하여 가정 내 위험요인 평가 실시 및 평가 결과에 따른 가정 안전 수정 의뢰(홈 해저드 감소를 위한 주택 보수 서비스 연계 포함). 기대효과: 가정 내 환경위험요인 식별·제거로 환경 관련 낙상 위험요인 감소,무작위 대조시험,무작위 대조시험,3,1.000,Tier 1,TRUE,,Reducing Fall Risk for Frail Older Home-Care Clients Using a Multifactorial and Interdisciplinary Team Approach: Design of a Randomized Controlled Trial,,미확인_0.50,,,위험요인=IADL | 모델요인=IADL | 별칭=IADL|도구적 일상생활수행능력 | 공간=주거공간 전반 | 개선대상= | 개선전략=작업치료사 등이 HOME FAST 등 표준화된 가정 내 위험요인 도구를 사용하여 가정 내 위험요인 평가 실시 및 평가 결과에 따른 가정 안전 수정 의뢰(홈 해저드 감소를 위한 주택 보수 서비스 연계 포함) | 기대효과=가정 내 환경위험요인 식별·제거로 환경 관련 낙상 위험요인 감소 | 근거유형=무작위 대조시험 | 출처=Reducing Fall Risk for Frail Older Home-Care Clients Using a Multifactorial and Interdisciplinary Team Approach: Design of a Randomized Controlled Trial,자동분류완료,
E0229,single,ADL,,ADL,,ADL|일상생활수행능력,대표모델명_자동매핑,ADL,주거공간 전반,주거공간 전반,주거공간 전반,"작업치료사 평가 결과에 따라 일상동작 수행을 지원하기 위한 주거환경 보정 및 서비스(홈 안전 수정, 사례관리 연계) 시행",일상생활 수행 지원 및 환경적 요인으로 인한 위험 감소,"공간: 주거공간 전반. 개선전략: 작업치료사 평가 결과에 따라 일상동작 수행을 지원하기 위한 주거환경 보정 및 서비스(홈 안전 수정, 사례관리 연계) 시행. 기대효과: 일상생활 수행 지원 및 환경적 요인으로 인한 위험 감소",무작위 대조시험,무작위 대조시험,3,1.000,Tier 1,TRUE,,Reducing Fall Risk for Frail Older Home-Care Clients Using a Multifactorial and Interdisciplinary Team Approach: Design of a Randomized Controlled Trial,,미확인_0.50,,,"위험요인=ADL | 모델요인=ADL | 별칭=ADL|일상생활수행능력 | 공간=주거공간 전반 | 개선대상= | 개선전략=작업치료사 평가 결과에 따라 일상동작 수행을 지원하기 위한 주거환경 보정 및 서비스(홈 안전 수정, 사례관리 연계) 시행 | 기대효과=일상생활 수행 지원 및 환경적 요인으로 인한 위험 감소 | 근거유형=무작위 대조시험 | 출처=Reducing Fall Risk for Frail Older Home-Care Clients Using a Multifactorial and Interdisciplinary Team Approach: Design of a Randomized Controlled Trial",자동분류완료,
E0230,single,일상생활의 불편함_시력,,시력,,시력|일상생활의 불편함_시력|시각기능,대표모델명_자동매핑,시력,주거공간 전반,주거공간 전반,주거공간 전반,눈부심을 유발하지 않는 충분한 실내 조명 설치 및 전체 스펙트럼 전구 사용 고려 등 조명 개선,야간·저조도 환경에서의 시인성 향상으로 환경 관련 위험 감소,공간: 주거공간 전반. 개선전략: 눈부심을 유발하지 않는 충분한 실내 조명 설치 및 전체 스펙트럼 전구 사용 고려 등 조명 개선. 기대효과: 야간·저조도 환경에서의 시인성 향상으로 환경 관련 위험 감소,무작위 대조시험,무작위 대조시험,3,1.000,Tier 1,TRUE,조명,Reducing Fall Risk for Frail Older Home-Care Clients Using a Multifactorial and Interdisciplinary Team Approach: Design of a Randomized Controlled Trial,,미확인_0.50,,,위험요인=시력 | 모델요인=일상생활의 불편함_시력 | 별칭=시력|일상생활의 불편함_시력|시각기능 | 공간=주거공간 전반 | 개선대상=조명 | 개선전략=눈부심을 유발하지 않는 충분한 실내 조명 설치 및 전체 스펙트럼 전구 사용 고려 등 조명 개선 | 기대효과=야간·저조도 환경에서의 시인성 향상으로 환경 관련 위험 감소 | 근거유형=무작위 대조시험 | 출처=Reducing Fall Risk for Frail Older Home-Care Clients Using a Multifactorial and Interdisciplinary Team Approach: Design of a Randomized Controlled Trial,자동분류완료,
E0231,single,동작수행 어려움_운동장 한 바퀴(400m)정도 걷기,,동작수행 어려움_운동장 한 바퀴(400m)정도 걷기,,동작수행 어려움_운동장 한 바퀴(400m)정도 걷기,원문명_유지,동작수행 어려움_운동장 한 바퀴(400m)정도 걷기,거실,거실|복도|주거공간 전반,거실/복도/주거공간 전반,보행·이동능력 평가 후 적합한 보행보조기구 필요성 평가 및 적절한 보조기구 제공·사용법 교육 의뢰,보행 안정성 및 이동성 향상,공간: 거실. 개선전략: 보행·이동능력 평가 후 적합한 보행보조기구 필요성 평가 및 적절한 보조기구 제공·사용법 교육 의뢰. 기대효과: 보행 안정성 및 이동성 향상,무작위 대조시험,무작위 대조시험,3,1.000,Tier 1,TRUE,보조기구,Reducing Fall Risk for Frail Older Home-Care Clients Using a Multifactorial and Interdisciplinary Team Approach: Design of a Randomized Controlled Trial,,미확인_0.50,,,위험요인=동작수행 어려움_운동장 한 바퀴(400m)정도 걷기 | 모델요인=동작수행 어려움_운동장 한 바퀴(400m)정도 걷기 | 별칭=동작수행 어려움_운동장 한 바퀴(400m)정도 걷기 | 공간=거실|복도|주거공간 전반 | 개선대상=보조기구 | 개선전략=보행·이동능력 평가 후 적합한 보행보조기구 필요성 평가 및 적절한 보조기구 제공·사용법 교육 의뢰 | 기대효과=보행 안정성 및 이동성 향상 | 근거유형=무작위 대조시험 | 출처=Reducing Fall Risk for Frail Older Home-Care Clients Using a Multifactorial and Interdisciplinary Team Approach: Design of a Randomized Controlled Trial,자동분류완료,
E0232,single,동작수행 어려움_쉬지않고 10계단 오르기,,동작수행 어려움_쉬지않고 10계단 오르기,,동작수행 어려움_쉬지않고 10계단 오르기,원문명_유지,동작수행 어려움_쉬지않고 10계단 오르기,계단,계단,계단,"계단 이용에 대한 가정 내 위험평가 시행 및 필요시 계단 관련 주거환경 안전 수정(예: 난간 설치/보강, 계단 경로 안전성 개선 등) 권고 및 보조기구 평가",계단 이용 시 안전성 향상,"공간: 계단. 개선전략: 계단 이용에 대한 가정 내 위험평가 시행 및 필요시 계단 관련 주거환경 안전 수정(예: 난간 설치/보강, 계단 경로 안전성 개선 등) 권고 및 보조기구 평가. 기대효과: 계단 이용 시 안전성 향상",무작위 대조시험,무작위 대조시험,3,1.000,Tier 1,TRUE,계단,Reducing Fall Risk for Frail Older Home-Care Clients Using a Multifactorial and Interdisciplinary Team Approach: Design of a Randomized Controlled Trial,,미확인_0.50,,,"위험요인=동작수행 어려움_쉬지않고 10계단 오르기 | 모델요인=동작수행 어려움_쉬지않고 10계단 오르기 | 별칭=동작수행 어려움_쉬지않고 10계단 오르기 | 공간=계단 | 개선대상=계단 | 개선전략=계단 이용에 대한 가정 내 위험평가 시행 및 필요시 계단 관련 주거환경 안전 수정(예: 난간 설치/보강, 계단 경로 안전성 개선 등) 권고 및 보조기구 평가 | 기대효과=계단 이용 시 안전성 향상 | 근거유형=무작위 대조시험 | 출처=Reducing Fall Risk for Frail Older Home-Care Clients Using a Multifactorial and Interdisciplinary Team Approach: Design of a Randomized Controlled Trial",자동분류완료,
E0233,single,ADL,,ADL,,ADL|일상생활수행능력,대표모델명_자동매핑,ADL,주거공간 전반,주거공간 전반,주거공간 전반,발 통증·부적절한 신발 여부 평가 및 안전한 신발 사용 권장과 필요 시 족부(포디아트리스트/치로프러스) 연계,보행 안정성 개선(발·신발 관련 환경요인 관리),공간: 주거공간 전반. 개선전략: 발 통증·부적절한 신발 여부 평가 및 안전한 신발 사용 권장과 필요 시 족부(포디아트리스트/치로프러스) 연계. 기대효과: 보행 안정성 개선(발·신발 관련 환경요인 관리),무작위 대조시험,무작위 대조시험,3,1.000,Tier 1,TRUE,신발,Reducing Fall Risk for Frail Older Home-Care Clients Using a Multifactorial and Interdisciplinary Team Approach: Design of a Randomized Controlled Trial,,미확인_0.50,,,위험요인=ADL | 모델요인=ADL | 별칭=ADL|일상생활수행능력 | 공간=주거공간 전반 | 개선대상=신발 | 개선전략=발 통증·부적절한 신발 여부 평가 및 안전한 신발 사용 권장과 필요 시 족부(포디아트리스트/치로프러스) 연계 | 기대효과=보행 안정성 개선(발·신발 관련 환경요인 관리) | 근거유형=무작위 대조시험 | 출처=Reducing Fall Risk for Frail Older Home-Care Clients Using a Multifactorial and Interdisciplinary Team Approach: Design of a Randomized Controlled Trial,자동분류완료,
E0234,single,독거 또는 사회적 고립,,독거 또는 사회적 고립,,독거 또는 사회적 고립|독거|사회적 고립,대표모델명_자동매핑,독거 또는 사회적 고립,주거공간 전반,주거공간 전반,주거공간 전반,낙상 공포나 고립 위험이 있는 대상자에게 개인응급호출기(personal emergency response service) 설치 고려 권고 및 연계,낙상 발생 시 신속한 도움호출 가능성 증가 및 안전감 향상,공간: 주거공간 전반. 개선전략: 낙상 공포나 고립 위험이 있는 대상자에게 개인응급호출기(personal emergency response service) 설치 고려 권고 및 연계. 기대효과: 낙상 발생 시 신속한 도움호출 가능성 증가 및 안전감 향상,무작위 대조시험,무작위 대조시험,3,1.000,Tier 1,TRUE,개인응급호출기,Reducing Fall Risk for Frail Older Home-Care Clients Using a Multifactorial and Interdisciplinary Team Approach: Design of a Randomized Controlled Trial,,미확인_0.50,,,위험요인=독거 또는 사회적 고립 | 모델요인=독거 또는 사회적 고립 | 별칭=독거 또는 사회적 고립|독거|사회적 고립 | 공간=주거공간 전반 | 개선대상=개인응급호출기 | 개선전략=낙상 공포나 고립 위험이 있는 대상자에게 개인응급호출기(personal emergency response service) 설치 고려 권고 및 연계 | 기대효과=낙상 발생 시 신속한 도움호출 가능성 증가 및 안전감 향상 | 근거유형=무작위 대조시험 | 출처=Reducing Fall Risk for Frail Older Home-Care Clients Using a Multifactorial and Interdisciplinary Team Approach: Design of a Randomized Controlled Trial,자동분류완료,
E0235,single,인지기능_총점,,인지기능,,인지기능|인지기능_총점|인지저하,대표모델명_자동매핑,인지기능,주거공간 전반,주거공간 전반,주거공간 전반,인지기능 저하 대상자에 대해 환경 적응 권고(환경 적응 권고 및 지역사회 자원 연계 포함),인지 관련 환경 스트레스 감소를 통한 일상환경에서의 안전성 향상,공간: 주거공간 전반. 개선전략: 인지기능 저하 대상자에 대해 환경 적응 권고(환경 적응 권고 및 지역사회 자원 연계 포함). 기대효과: 인지 관련 환경 스트레스 감소를 통한 일상환경에서의 안전성 향상,무작위 대조시험,무작위 대조시험,3,1.000,Tier 1,TRUE,,Reducing Fall Risk for Frail Older Home-Care Clients Using a Multifactorial and Interdisciplinary Team Approach: Design of a Randomized Controlled Trial,,미확인_0.50,,,위험요인=인지기능 | 모델요인=인지기능_총점 | 별칭=인지기능|인지기능_총점|인지저하 | 공간=주거공간 전반 | 개선대상= | 개선전략=인지기능 저하 대상자에 대해 환경 적응 권고(환경 적응 권고 및 지역사회 자원 연계 포함) | 기대효과=인지 관련 환경 스트레스 감소를 통한 일상환경에서의 안전성 향상 | 근거유형=무작위 대조시험 | 출처=Reducing Fall Risk for Frail Older Home-Care Clients Using a Multifactorial and Interdisciplinary Team Approach: Design of a Randomized Controlled Trial,자동분류완료,
E0236,single,낙상 경험,,낙상 경험,,낙상 경험|낙상경험|과거 낙상,대표모델명_자동매핑,낙상 경험,주거공간 전반,주거공간 전반,주거공간 전반,골다공증·영양취약 등 골절 위험이 있는 대상자에게 힙 프로텍터 착용 고려 권고(보호장비 검사·연계),낙상 시 골반 손상 완화 목적의 보호장비 사용 권고,공간: 주거공간 전반. 개선전략: 골다공증·영양취약 등 골절 위험이 있는 대상자에게 힙 프로텍터 착용 고려 권고(보호장비 검사·연계). 기대효과: 낙상 시 골반 손상 완화 목적의 보호장비 사용 권고,무작위 대조시험,무작위 대조시험,3,1.000,Tier 1,TRUE,힙 프로텍터,Reducing Fall Risk for Frail Older Home-Care Clients Using a Multifactorial and Interdisciplinary Team Approach: Design of a Randomized Controlled Trial,,미확인_0.50,,,위험요인=낙상 경험 | 모델요인=낙상 경험 | 별칭=낙상 경험|낙상경험|과거 낙상 | 공간=주거공간 전반 | 개선대상=힙 프로텍터 | 개선전략=골다공증·영양취약 등 골절 위험이 있는 대상자에게 힙 프로텍터 착용 고려 권고(보호장비 검사·연계) | 기대효과=낙상 시 골반 손상 완화 목적의 보호장비 사용 권고 | 근거유형=무작위 대조시험 | 출처=Reducing Fall Risk for Frail Older Home-Care Clients Using a Multifactorial and Interdisciplinary Team Approach: Design of a Randomized Controlled Trial,자동분류완료,
E0237,single,근력상태_의자나 침대에 앉았다가 일어나기 5회 반복,,근력상태_의자나 침대에 앉았다가 일어나기 5회 반복,,근력상태_의자나 침대에 앉았다가 일어나기 5회 반복,원문명_유지,근력상태_의자나 침대에 앉았다가 일어나기 5회 반복,침실,침실,침실,침대 주변에 수직 및 수평 손잡이(난간)를 설치하여 침대에서 일어나기와 앉기 전이 시 지지 제공,침대 전이(앉았다가 일어서기) 용이성 및 안전성 향상; 사례에서 이동성 및 자신감 개선 보고,공간: 침실. 개선전략: 침대 주변에 수직 및 수평 손잡이(난간)를 설치하여 침대에서 일어나기와 앉기 전이 시 지지 제공. 기대효과: 침대 전이(앉았다가 일어서기) 용이성 및 안전성 향상; 사례에서 이동성 및 자신감 개선 보고,scoping review,탐색적/관찰 연구,1,0.333,Tier 3,TRUE,"손잡이(난간), 침대 주변",From clutter to confidence: home environmental triggers and adaptive solutions for freezing of gait in Parkinson’s disease,,미확인_0.39,10.1007/s00702-025-03077-w,https://doi.org/10.1007/s00702-025-03077-w,"위험요인=근력상태_의자나 침대에 앉았다가 일어나기 5회 반복 | 모델요인=근력상태_의자나 침대에 앉았다가 일어나기 5회 반복 | 별칭=근력상태_의자나 침대에 앉았다가 일어나기 5회 반복 | 공간=침실 | 개선대상=손잡이(난간), 침대 주변 | 개선전략=침대 주변에 수직 및 수평 손잡이(난간)를 설치하여 침대에서 일어나기와 앉기 전이 시 지지 제공 | 기대효과=침대 전이(앉았다가 일어서기) 용이성 및 안전성 향상; 사례에서 이동성 및 자신감 개선 보고 | 근거유형=탐색적/관찰 연구 | 출처=From clutter to confidence: home environmental triggers and adaptive solutions for freezing of gait in Parkinson’s disease",자동분류완료,
E0238,single,동작수행 어려움_몸 구부리거나 쭈그려 앉거나 무릎 꿇기,,동작수행 어려움_몸 구부리거나 쭈그려 앉거나 무릎 꿇기,,동작수행 어려움_몸 구부리거나 쭈그려 앉거나 무릎 꿇기,원문명_유지,동작수행 어려움_몸 구부리거나 쭈그려 앉거나 무릎 꿇기,욕실,욕실,욕실,샤워 구역에 샤워의자 설치 및 샤워·변기 주변에 양측 그랩바(손잡이)를 설치하여 서서 씻기·일어서기 등에서 굽히는 동작을 최소화,샤워·화장실 이용 시 굽히거나 쪼그려 앉는 동작 부담 감소로 안정성 향상 및 불안 경감(사례에서 안전감 증가 보고),공간: 욕실. 개선전략: 샤워 구역에 샤워의자 설치 및 샤워·변기 주변에 양측 그랩바(손잡이)를 설치하여 서서 씻기·일어서기 등에서 굽히는 동작을 최소화. 기대효과: 샤워·화장실 이용 시 굽히거나 쪼그려 앉는 동작 부담 감소로 안정성 향상 및 불안 경감(사례에서 안전감 증가 보고),scoping review,탐색적/관찰 연구,1,0.333,Tier 3,TRUE,"샤워의자, 그랩바(손잡이), 변기 측면",From clutter to confidence: home environmental triggers and adaptive solutions for freezing of gait in Parkinson’s disease,,미확인_0.39,10.1007/s00702-025-03077-w,https://doi.org/10.1007/s00702-025-03077-w,"위험요인=동작수행 어려움_몸 구부리거나 쭈그려 앉거나 무릎 꿇기 | 모델요인=동작수행 어려움_몸 구부리거나 쭈그려 앉거나 무릎 꿇기 | 별칭=동작수행 어려움_몸 구부리거나 쭈그려 앉거나 무릎 꿇기 | 공간=욕실 | 개선대상=샤워의자, 그랩바(손잡이), 변기 측면 | 개선전략=샤워 구역에 샤워의자 설치 및 샤워·변기 주변에 양측 그랩바(손잡이)를 설치하여 서서 씻기·일어서기 등에서 굽히는 동작을 최소화 | 기대효과=샤워·화장실 이용 시 굽히거나 쪼그려 앉는 동작 부담 감소로 안정성 향상 및 불안 경감(사례에서 안전감 증가 보고) | 근거유형=탐색적/관찰 연구 | 출처=From clutter to confidence: home environmental triggers and adaptive solutions for freezing of gait in Parkinson’s disease",자동분류완료,
E0239,single,ADL,,ADL,,ADL|일상생활수행능력,대표모델명_자동매핑,ADL,침실,침실|현관|주거공간 전반,침실·현관·동선(주거공간 전반),침실·출입구·동선의 잡동사니 제거(물품을 수납장에 정리 보관) 및 통로 확보로 보행 경로 넓히기,통행로 장애물 제거에 따른 통과시 망설임 감소 및 이동 안전성 향상; 사례에서 FOG 및 낙상·불안 완화에 기여한 것으로 보고,공간: 침실. 개선전략: 침실·출입구·동선의 잡동사니 제거(물품을 수납장에 정리 보관) 및 통로 확보로 보행 경로 넓히기. 기대효과: 통행로 장애물 제거에 따른 통과시 망설임 감소 및 이동 안전성 향상; 사례에서 FOG 및 낙상·불안 완화에 기여한 것으로 보고,scoping review,탐색적/관찰 연구,1,0.333,Tier 3,TRUE,"수납장, 동선(통로) 정리",From clutter to confidence: home environmental triggers and adaptive solutions for freezing of gait in Parkinson’s disease,,미확인_0.39,10.1007/s00702-025-03077-w,https://doi.org/10.1007/s00702-025-03077-w,"위험요인=ADL | 모델요인=ADL | 별칭=ADL|일상생활수행능력 | 공간=침실|현관|주거공간 전반 | 개선대상=수납장, 동선(통로) 정리 | 개선전략=침실·출입구·동선의 잡동사니 제거(물품을 수납장에 정리 보관) 및 통로 확보로 보행 경로 넓히기 | 기대효과=통행로 장애물 제거에 따른 통과시 망설임 감소 및 이동 안전성 향상; 사례에서 FOG 및 낙상·불안 완화에 기여한 것으로 보고 | 근거유형=탐색적/관찰 연구 | 출처=From clutter to confidence: home environmental triggers and adaptive solutions for freezing of gait in Parkinson’s disease",자동분류완료,
E0240,single,일상생활의 불편함_시력,,시력,,시력|일상생활의 불편함_시력|시각기능,대표모델명_자동매핑,시력,욕실,욕실|침실,침실→화장실 야간 이동 경로,침대에서 화장실로 이어지는 경로에 모션 센서식 야간등 설치 및 전반적 실내 조명 최적화(저조도 시 가시성 확보),"야간 시인성 향상, 야간 이동 시 불안감·주의부담 감소로 FOG 유발 환경 완화; 사례에서 이동성 개선 보고","공간: 욕실. 개선전략: 침대에서 화장실로 이어지는 경로에 모션 센서식 야간등 설치 및 전반적 실내 조명 최적화(저조도 시 가시성 확보). 기대효과: 야간 시인성 향상, 야간 이동 시 불안감·주의부담 감소로 FOG 유발 환경 완화; 사례에서 이동성 개선 보고",scoping review,탐색적/관찰 연구,1,0.333,Tier 3,TRUE,"조명, 모션 센서등",From clutter to confidence: home environmental triggers and adaptive solutions for freezing of gait in Parkinson’s disease,,미확인_0.39,10.1007/s00702-025-03077-w,https://doi.org/10.1007/s00702-025-03077-w,"위험요인=시력 | 모델요인=일상생활의 불편함_시력 | 별칭=시력|일상생활의 불편함_시력|시각기능 | 공간=욕실|침실 | 개선대상=조명, 모션 센서등 | 개선전략=침대에서 화장실로 이어지는 경로에 모션 센서식 야간등 설치 및 전반적 실내 조명 최적화(저조도 시 가시성 확보) | 기대효과=야간 시인성 향상, 야간 이동 시 불안감·주의부담 감소로 FOG 유발 환경 완화; 사례에서 이동성 개선 보고 | 근거유형=탐색적/관찰 연구 | 출처=From clutter to confidence: home environmental triggers and adaptive solutions for freezing of gait in Parkinson’s disease",자동분류완료,
E0241,single,일상생활의 불편함_시력,,시력,,시력|일상생활의 불편함_시력|시각기능,대표모델명_자동매핑,시력,계단,계단,통로·문턱·계단 등 바닥 영역,"대비(콘트라스트)가 강화된 바닥 마감 및 바닥 스트라이프(시각적 큐) 적용, 계단 시각 큐(페인팅된 착시 등) 도입","시각적 기준 제공으로 보행 시작과 보행 연속성 유도, 시야 기반의 망설임(FOG) 감소(시뮬레이션·임상 사례에서 이동성 개선 보고)","공간: 계단. 개선전략: 대비(콘트라스트)가 강화된 바닥 마감 및 바닥 스트라이프(시각적 큐) 적용, 계단 시각 큐(페인팅된 착시 등) 도입. 기대효과: 시각적 기준 제공으로 보행 시작과 보행 연속성 유도, 시야 기반의 망설임(FOG) 감소(시뮬레이션·임상 사례에서 이동성 개선 보고)",scoping review,탐색적/관찰 연구,1,0.333,Tier 3,TRUE,"바닥, 계단, 바닥 표시(스트라이프)",From clutter to confidence: home environmental triggers and adaptive solutions for freezing of gait in Parkinson’s disease,,미확인_0.39,10.1007/s00702-025-03077-w,https://doi.org/10.1007/s00702-025-03077-w,"위험요인=시력 | 모델요인=일상생활의 불편함_시력 | 별칭=시력|일상생활의 불편함_시력|시각기능 | 공간=계단 | 개선대상=바닥, 계단, 바닥 표시(스트라이프) | 개선전략=대비(콘트라스트)가 강화된 바닥 마감 및 바닥 스트라이프(시각적 큐) 적용, 계단 시각 큐(페인팅된 착시 등) 도입 | 기대효과=시각적 기준 제공으로 보행 시작과 보행 연속성 유도, 시야 기반의 망설임(FOG) 감소(시뮬레이션·임상 사례에서 이동성 개선 보고) | 근거유형=탐색적/관찰 연구 | 출처=From clutter to confidence: home environmental triggers and adaptive solutions for freezing of gait in Parkinson’s disease",자동분류완료,
E0242,single,동작수행 어려움_머리보다 높은 곳에 있는 것 손 뻗쳐 닿기,,동작수행 어려움_머리보다 높은 곳에 있는 것 손 뻗쳐 닿기,,동작수행 어려움_머리보다 높은 곳에 있는 것 손 뻗쳐 닿기,원문명_유지,동작수행 어려움_머리보다 높은 곳에 있는 것 손 뻗쳐 닿기,욕실,욕실|침실|주방,욕실·주방·침실 수납 영역,자주 사용하는 물건은 팔이 닿는 낮은 높이 수납으로 재배치하고 높은 선반 물품은 하단 수납장으로 이전하여 손이 닿는 접근성 확보,머리 위·높은 선반에 손을 뻗쳐야 하는 동작 감소로 균형 붕괴 위험과 불필요한 상체 스트레칭 최소화,공간: 욕실. 개선전략: 자주 사용하는 물건은 팔이 닿는 낮은 높이 수납으로 재배치하고 높은 선반 물품은 하단 수납장으로 이전하여 손이 닿는 접근성 확보. 기대효과: 머리 위·높은 선반에 손을 뻗쳐야 하는 동작 감소로 균형 붕괴 위험과 불필요한 상체 스트레칭 최소화,scoping review,탐색적/관찰 연구,1,0.333,Tier 3,TRUE,"수납장, 선반",From clutter to confidence: home environmental triggers and adaptive solutions for freezing of gait in Parkinson’s disease,,미확인_0.39,10.1007/s00702-025-03077-w,https://doi.org/10.1007/s00702-025-03077-w,"위험요인=동작수행 어려움_머리보다 높은 곳에 있는 것 손 뻗쳐 닿기 | 모델요인=동작수행 어려움_머리보다 높은 곳에 있는 것 손 뻗쳐 닿기 | 별칭=동작수행 어려움_머리보다 높은 곳에 있는 것 손 뻗쳐 닿기 | 공간=욕실|침실|주방 | 개선대상=수납장, 선반 | 개선전략=자주 사용하는 물건은 팔이 닿는 낮은 높이 수납으로 재배치하고 높은 선반 물품은 하단 수납장으로 이전하여 손이 닿는 접근성 확보 | 기대효과=머리 위·높은 선반에 손을 뻗쳐야 하는 동작 감소로 균형 붕괴 위험과 불필요한 상체 스트레칭 최소화 | 근거유형=탐색적/관찰 연구 | 출처=From clutter to confidence: home environmental triggers and adaptive solutions for freezing of gait in Parkinson’s disease",자동분류완료,
E0243,single,ADL,,ADL,,ADL|일상생활수행능력,대표모델명_자동매핑,ADL,욕실,욕실,욕실,욕실 바닥에 미끄럼 방지 코팅 적용 및 기존 미끄러운 타일을 미끄럼 저항 있는 바닥재로 교체,욕실 내 미끄럼 위험 감소로 세면·샤워 시 안전성 향상 및 불안 감소(사례에서 안전감 증가 보고),공간: 욕실. 개선전략: 욕실 바닥에 미끄럼 방지 코팅 적용 및 기존 미끄러운 타일을 미끄럼 저항 있는 바닥재로 교체. 기대효과: 욕실 내 미끄럼 위험 감소로 세면·샤워 시 안전성 향상 및 불안 감소(사례에서 안전감 증가 보고),scoping review,탐색적/관찰 연구,1,0.333,Tier 3,TRUE,바닥(욕실 바닥재),From clutter to confidence: home environmental triggers and adaptive solutions for freezing of gait in Parkinson’s disease,,미확인_0.39,10.1007/s00702-025-03077-w,https://doi.org/10.1007/s00702-025-03077-w,위험요인=ADL | 모델요인=ADL | 별칭=ADL|일상생활수행능력 | 공간=욕실 | 개선대상=바닥(욕실 바닥재) | 개선전략=욕실 바닥에 미끄럼 방지 코팅 적용 및 기존 미끄러운 타일을 미끄럼 저항 있는 바닥재로 교체 | 기대효과=욕실 내 미끄럼 위험 감소로 세면·샤워 시 안전성 향상 및 불안 감소(사례에서 안전감 증가 보고) | 근거유형=탐색적/관찰 연구 | 출처=From clutter to confidence: home environmental triggers and adaptive solutions for freezing of gait in Parkinson’s disease,자동분류완료,
E0244,single,ADL,,ADL,,ADL|일상생활수행능력,대표모델명_자동매핑,ADL,주거공간 전반,주거공간 전반,주거공간 전반(평가·계획 단계),신경과·간호·작업·물리치료사·건축가 등 다학제팀(MDT)이 함께하는 개인맞춤형 주택평가 및 가상현실 시뮬레이션을 포함한 개입 설계,개인의 기능과 환경의 P?E fit을 개선하여 맞춤형 환경개선 도출 및 시공 전 시뮬레이션을 통한 효용성 검증(가상환경에서 이동성 개선 보고),공간: 주거공간 전반. 개선전략: 신경과·간호·작업·물리치료사·건축가 등 다학제팀(MDT)이 함께하는 개인맞춤형 주택평가 및 가상현실 시뮬레이션을 포함한 개입 설계. 기대효과: 개인의 기능과 환경의 P?E fit을 개선하여 맞춤형 환경개선 도출 및 시공 전 시뮬레이션을 통한 효용성 검증(가상환경에서 이동성 개선 보고),scoping review,탐색적/관찰 연구,1,0.333,Tier 3,TRUE,,From clutter to confidence: home environmental triggers and adaptive solutions for freezing of gait in Parkinson’s disease,,미확인_0.39,10.1007/s00702-025-03077-w,https://doi.org/10.1007/s00702-025-03077-w,위험요인=ADL | 모델요인=ADL | 별칭=ADL|일상생활수행능력 | 공간=주거공간 전반 | 개선대상= | 개선전략=신경과·간호·작업·물리치료사·건축가 등 다학제팀(MDT)이 함께하는 개인맞춤형 주택평가 및 가상현실 시뮬레이션을 포함한 개입 설계 | 기대효과=개인의 기능과 환경의 P?E fit을 개선하여 맞춤형 환경개선 도출 및 시공 전 시뮬레이션을 통한 효용성 검증(가상환경에서 이동성 개선 보고) | 근거유형=탐색적/관찰 연구 | 출처=From clutter to confidence: home environmental triggers and adaptive solutions for freezing of gait in Parkinson’s disease,자동분류완료,
E0245,single,일상생활의 불편함_시력,,시력,,시력|일상생활의 불편함_시력|시각기능,대표모델명_자동매핑,시력,침실,침실|주방|거실|현관|주거공간 전반,주거공간 전반 (거실/침실/주방/현관 등),실내 주변광(ambient light)을 측정하여 각 실의 평균 조도를 300 lux 이상으로 확보하도록 보완 조명(천장등·스탠드·작업등 등)을 설치한다.,가정 내 전반적인 시인성 향상(논문: 대다수 실내가 300 lux 미만으로 분류되어 조명이 개입 대상임을 제시).,공간: 침실. 개선전략: 실내 주변광(ambient light)을 측정하여 각 실의 평균 조도를 300 lux 이상으로 확보하도록 보완 조명(천장등·스탠드·작업등 등)을 설치한다.. 기대효과: 가정 내 전반적인 시인성 향상(논문: 대다수 실내가 300 lux 미만으로 분류되어 조명이 개입 대상임을 제시).,단면연구,탐색적/관찰 연구,1,0.333,Tier 3,TRUE,"조명 (ambient lighting, 실내등)",Evaluation of the Home Environment Assessment for the Visually Impaired (HEAVI): an instrument designed to quantify fall-related hazards in the visually impaired,,미확인_0.41,10.1186/s12877-016-0391-2,https://doi.org/10.1186/s12877-016-0391-2,"위험요인=시력 | 모델요인=일상생활의 불편함_시력 | 별칭=시력|일상생활의 불편함_시력|시각기능 | 공간=침실|주방|거실|현관|주거공간 전반 | 개선대상=조명 (ambient lighting, 실내등) | 개선전략=실내 주변광(ambient light)을 측정하여 각 실의 평균 조도를 300 lux 이상으로 확보하도록 보완 조명(천장등·스탠드·작업등 등)을 설치한다. | 기대효과=가정 내 전반적인 시인성 향상(논문: 대다수 실내가 300 lux 미만으로 분류되어 조명이 개입 대상임을 제시). | 근거유형=탐색적/관찰 연구 | 출처=Evaluation of the Home Environment Assessment for the Visually Impaired (HEAVI): an instrument designed to quantify fall-related hazards in the visually impaired",자동분류완료,
E0246,single,일상생활의 불편함_시력,,시력,,시력|일상생활의 불편함_시력|시각기능,대표모델명_자동매핑,시력,계단,계단,계단,계단에 그림자가 생기지 않도록 계단 전구 및 조명 배치를 개선하고 계단 수직면과 수평면을 균일하게 밝히는 보조조명을 설치한다.,계단 표면 시인성 개선(논문: 계단의 그림자 항목이 위험으로 자주 분류됨).,공간: 계단. 개선전략: 계단에 그림자가 생기지 않도록 계단 전구 및 조명 배치를 개선하고 계단 수직면과 수평면을 균일하게 밝히는 보조조명을 설치한다.. 기대효과: 계단 표면 시인성 개선(논문: 계단의 그림자 항목이 위험으로 자주 분류됨).,단면연구,탐색적/관찰 연구,1,0.333,Tier 3,TRUE,"조명(계단 조명, 그림자 완화용 보조등)",Evaluation of the Home Environment Assessment for the Visually Impaired (HEAVI): an instrument designed to quantify fall-related hazards in the visually impaired,,미확인_0.41,10.1186/s12877-016-0391-2,https://doi.org/10.1186/s12877-016-0391-2,"위험요인=시력 | 모델요인=일상생활의 불편함_시력 | 별칭=시력|일상생활의 불편함_시력|시각기능 | 공간=계단 | 개선대상=조명(계단 조명, 그림자 완화용 보조등) | 개선전략=계단에 그림자가 생기지 않도록 계단 전구 및 조명 배치를 개선하고 계단 수직면과 수평면을 균일하게 밝히는 보조조명을 설치한다. | 기대효과=계단 표면 시인성 개선(논문: 계단의 그림자 항목이 위험으로 자주 분류됨). | 근거유형=탐색적/관찰 연구 | 출처=Evaluation of the Home Environment Assessment for the Visually Impaired (HEAVI): an instrument designed to quantify fall-related hazards in the visually impaired",자동분류완료,
E0247,single,일상생활의 불편함_시력,,시력,,시력|일상생활의 불편함_시력|시각기능,대표모델명_자동매핑,시력,계단,계단|복도|현관,현관/복도/문통로/계단,문턱·계단 모서리·가구와 바닥 사이에 명확한 색상 대비(contrast)를 적용하여 문턱·계단 끝 및 장애물의 경계를 시각적으로 구분되게 한다.,문턱·계단·가구 경계의 시각적 식별성 향상(논문: 문턱·계단과 바닥·시설물 간 대비 항목이 위험으로 평가됨).,공간: 계단. 개선전략: 문턱·계단 모서리·가구와 바닥 사이에 명확한 색상 대비(contrast)를 적용하여 문턱·계단 끝 및 장애물의 경계를 시각적으로 구분되게 한다.. 기대효과: 문턱·계단·가구 경계의 시각적 식별성 향상(논문: 문턱·계단과 바닥·시설물 간 대비 항목이 위험으로 평가됨).,단면연구,탐색적/관찰 연구,1,0.333,Tier 3,TRUE,"문턱, 계단 난간/트레드-라이저 대비, 바닥과 설치물의 대비",Evaluation of the Home Environment Assessment for the Visually Impaired (HEAVI): an instrument designed to quantify fall-related hazards in the visually impaired,,미확인_0.41,10.1186/s12877-016-0391-2,https://doi.org/10.1186/s12877-016-0391-2,"위험요인=시력 | 모델요인=일상생활의 불편함_시력 | 별칭=시력|일상생활의 불편함_시력|시각기능 | 공간=계단|복도|현관 | 개선대상=문턱, 계단 난간/트레드-라이저 대비, 바닥과 설치물의 대비 | 개선전략=문턱·계단 모서리·가구와 바닥 사이에 명확한 색상 대비(contrast)를 적용하여 문턱·계단 끝 및 장애물의 경계를 시각적으로 구분되게 한다. | 기대효과=문턱·계단·가구 경계의 시각적 식별성 향상(논문: 문턱·계단과 바닥·시설물 간 대비 항목이 위험으로 평가됨). | 근거유형=탐색적/관찰 연구 | 출처=Evaluation of the Home Environment Assessment for the Visually Impaired (HEAVI): an instrument designed to quantify fall-related hazards in the visually impaired",자동분류완료,
E0248,single,근력상태_의자나 침대에 앉았다가 일어나기 5회 반복,,근력상태_의자나 침대에 앉았다가 일어나기 5회 반복,,근력상태_의자나 침대에 앉았다가 일어나기 5회 반복,원문명_유지,근력상태_의자나 침대에 앉았다가 일어나기 5회 반복,침실,침실|거실,침실·거실·식당 등 좌석이 있는 공간,"일상적으로 사용하는 좌석에 팔걸이(armrests)가 있는 의자·좌석을 배치하고, 팔걸이가 없는 좌석은 팔걸이가 있는 모델로 교체하거나 보조 손잡이를 설치한다.",앉고 일어설 때 지지점 제공으로 서기·앉기 동작의 물리적 부담 완화(논문: 좌석의 팔걸이 유무 항목이 위험으로 분류됨).,"공간: 침실. 개선전략: 일상적으로 사용하는 좌석에 팔걸이(armrests)가 있는 의자·좌석을 배치하고, 팔걸이가 없는 좌석은 팔걸이가 있는 모델로 교체하거나 보조 손잡이를 설치한다.. 기대효과: 앉고 일어설 때 지지점 제공으로 서기·앉기 동작의 물리적 부담 완화(논문: 좌석의 팔걸이 유무 항목이 위험으로 분류됨).",단면연구,탐색적/관찰 연구,1,0.333,Tier 3,TRUE,"의자(팔걸이), 좌석",Evaluation of the Home Environment Assessment for the Visually Impaired (HEAVI): an instrument designed to quantify fall-related hazards in the visually impaired,,미확인_0.41,10.1186/s12877-016-0391-2,https://doi.org/10.1186/s12877-016-0391-2,"위험요인=근력상태_의자나 침대에 앉았다가 일어나기 5회 반복 | 모델요인=근력상태_의자나 침대에 앉았다가 일어나기 5회 반복 | 별칭=근력상태_의자나 침대에 앉았다가 일어나기 5회 반복 | 공간=침실|거실 | 개선대상=의자(팔걸이), 좌석 | 개선전략=일상적으로 사용하는 좌석에 팔걸이(armrests)가 있는 의자·좌석을 배치하고, 팔걸이가 없는 좌석은 팔걸이가 있는 모델로 교체하거나 보조 손잡이를 설치한다. | 기대효과=앉고 일어설 때 지지점 제공으로 서기·앉기 동작의 물리적 부담 완화(논문: 좌석의 팔걸이 유무 항목이 위험으로 분류됨). | 근거유형=탐색적/관찰 연구 | 출처=Evaluation of the Home Environment Assessment for the Visually Impaired (HEAVI): an instrument designed to quantify fall-related hazards in the visually impaired",자동분류완료,
E0249,single,ADL,,ADL,,ADL|일상생활수행능력,대표모델명_자동매핑,ADL,욕실,욕실,욕실(욕조/샤워/변기 주변),"욕조·샤워 내부 및 변기 옆에 적절한 위치의 고정형 잡손잡이(grab bars)를 설치하고, 필요 시 손잡이 길이와 설치 위치를 작업치료사 권장 범위에 맞게 배치한다.",욕실 내 전형적인 활동(목욕·배변 등)의 수행 지원 및 해당 공간에 대한 위험 항목 감소(논문: 욕실 항목이 가장 위험 항목이 많음; 'no grab bars' 항목 포함).,"공간: 욕실. 개선전략: 욕조·샤워 내부 및 변기 옆에 적절한 위치의 고정형 잡손잡이(grab bars)를 설치하고, 필요 시 손잡이 길이와 설치 위치를 작업치료사 권장 범위에 맞게 배치한다.. 기대효과: 욕실 내 전형적인 활동(목욕·배변 등)의 수행 지원 및 해당 공간에 대한 위험 항목 감소(논문: 욕실 항목이 가장 위험 항목이 많음; 'no grab bars' 항목 포함).",단면연구,탐색적/관찰 연구,1,0.333,Tier 3,TRUE,"손잡이(욕조/샤워용, 변기 옆 그랩바)",Evaluation of the Home Environment Assessment for the Visually Impaired (HEAVI): an instrument designed to quantify fall-related hazards in the visually impaired,,미확인_0.41,10.1186/s12877-016-0391-2,https://doi.org/10.1186/s12877-016-0391-2,"위험요인=ADL | 모델요인=ADL | 별칭=ADL|일상생활수행능력 | 공간=욕실 | 개선대상=손잡이(욕조/샤워용, 변기 옆 그랩바) | 개선전략=욕조·샤워 내부 및 변기 옆에 적절한 위치의 고정형 잡손잡이(grab bars)를 설치하고, 필요 시 손잡이 길이와 설치 위치를 작업치료사 권장 범위에 맞게 배치한다. | 기대효과=욕실 내 전형적인 활동(목욕·배변 등)의 수행 지원 및 해당 공간에 대한 위험 항목 감소(논문: 욕실 항목이 가장 위험 항목이 많음; 'no grab bars' 항목 포함). | 근거유형=탐색적/관찰 연구 | 출처=Evaluation of the Home Environment Assessment for the Visually Impaired (HEAVI): an instrument designed to quantify fall-related hazards in the visually impaired",자동분류완료,
E0250,single,동작수행 어려움_머리보다 높은 곳에 있는 것 손 뻗쳐 닿기,,동작수행 어려움_머리보다 높은 곳에 있는 것 손 뻗쳐 닿기,,동작수행 어려움_머리보다 높은 곳에 있는 것 손 뻗쳐 닿기,원문명_유지,동작수행 어려움_머리보다 높은 곳에 있는 것 손 뻗쳐 닿기,침실,침실|주방,주방·침실 수납 공간,"전자레인지·자주 사용하는 주방기구·일상용품은 양 발이 바닥에 닿은 상태에서 팔을 뻗지 않고 닿을 수 있는 높이에 배치(전자레인지 설치 높이 조정, 낮은 선반 재배치 등)한다.",높은 위치 접근으로 인한 과도한 스트레인·불안정한 자세 방지(논문: 'Inability to reach microwave with both feet on floor' 항목 포함).,"공간: 침실. 개선전략: 전자레인지·자주 사용하는 주방기구·일상용품은 양 발이 바닥에 닿은 상태에서 팔을 뻗지 않고 닿을 수 있는 높이에 배치(전자레인지 설치 높이 조정, 낮은 선반 재배치 등)한다.. 기대효과: 높은 위치 접근으로 인한 과도한 스트레인·불안정한 자세 방지(논문: 'Inability to reach microwave with both feet on floor' 항목 포함).",단면연구,탐색적/관찰 연구,1,0.333,Tier 3,TRUE,"전자레인지, 상부 수납장",Evaluation of the Home Environment Assessment for the Visually Impaired (HEAVI): an instrument designed to quantify fall-related hazards in the visually impaired,,미확인_0.41,10.1186/s12877-016-0391-2,https://doi.org/10.1186/s12877-016-0391-2,"위험요인=동작수행 어려움_머리보다 높은 곳에 있는 것 손 뻗쳐 닿기 | 모델요인=동작수행 어려움_머리보다 높은 곳에 있는 것 손 뻗쳐 닿기 | 별칭=동작수행 어려움_머리보다 높은 곳에 있는 것 손 뻗쳐 닿기 | 공간=침실|주방 | 개선대상=전자레인지, 상부 수납장 | 개선전략=전자레인지·자주 사용하는 주방기구·일상용품은 양 발이 바닥에 닿은 상태에서 팔을 뻗지 않고 닿을 수 있는 높이에 배치(전자레인지 설치 높이 조정, 낮은 선반 재배치 등)한다. | 기대효과=높은 위치 접근으로 인한 과도한 스트레인·불안정한 자세 방지(논문: 'Inability to reach microwave with both feet on floor' 항목 포함). | 근거유형=탐색적/관찰 연구 | 출처=Evaluation of the Home Environment Assessment for the Visually Impaired (HEAVI): an instrument designed to quantify fall-related hazards in the visually impaired",자동분류완료,
E0251,single,동작수행 어려움_쉬지않고 10계단 오르기,,동작수행 어려움_쉬지않고 10계단 오르기,,동작수행 어려움_쉬지않고 10계단 오르기,원문명_유지,동작수행 어려움_쉬지않고 10계단 오르기,계단,계단,계단,"계단 난간을 양측에 설치하거나 연속성 있는 난간을 확보하고, 난간 잡기용 둘레(perimeter)가 약 4?6.25 인치 범위에 맞도록 유지(논문에서 해당 수치 기준 사용).",계단 이용 시 손지원을 통한 이동 안정성 개선(논문: 손잡이 관련 항목이 전체에서 자주 위험으로 분류됨).,"공간: 계단. 개선전략: 계단 난간을 양측에 설치하거나 연속성 있는 난간을 확보하고, 난간 잡기용 둘레(perimeter)가 약 4?6.25 인치 범위에 맞도록 유지(논문에서 해당 수치 기준 사용).. 기대효과: 계단 이용 시 손지원을 통한 이동 안정성 개선(논문: 손잡이 관련 항목이 전체에서 자주 위험으로 분류됨).",단면연구,탐색적/관찰 연구,1,0.333,Tier 3,TRUE,손잡이(계단 난간),Evaluation of the Home Environment Assessment for the Visually Impaired (HEAVI): an instrument designed to quantify fall-related hazards in the visually impaired,,미확인_0.41,10.1186/s12877-016-0391-2,https://doi.org/10.1186/s12877-016-0391-2,"위험요인=동작수행 어려움_쉬지않고 10계단 오르기 | 모델요인=동작수행 어려움_쉬지않고 10계단 오르기 | 별칭=동작수행 어려움_쉬지않고 10계단 오르기 | 공간=계단 | 개선대상=손잡이(계단 난간) | 개선전략=계단 난간을 양측에 설치하거나 연속성 있는 난간을 확보하고, 난간 잡기용 둘레(perimeter)가 약 4?6.25 인치 범위에 맞도록 유지(논문에서 해당 수치 기준 사용). | 기대효과=계단 이용 시 손지원을 통한 이동 안정성 개선(논문: 손잡이 관련 항목이 전체에서 자주 위험으로 분류됨). | 근거유형=탐색적/관찰 연구 | 출처=Evaluation of the Home Environment Assessment for the Visually Impaired (HEAVI): an instrument designed to quantify fall-related hazards in the visually impaired",자동분류완료,
E0252,single,ADL,,ADL,,ADL|일상생활수행능력,대표모델명_자동매핑,ADL,침실,침실|거실|복도|현관,현관·복도·거실·침실 등 전 실,"문턱 높이·바닥 레벨 차이를 0.5인치 이하로 낮추거나 경사면(비드몰딩) 처리하여 문턱에서의 경계가 급격하지 않도록 개선하고, 문과 복도의 통행 폭을 최소 32인치(문), 복도 및 계단 통로는 36인치 이상 확보하도록 문·바닥 구조를 조정한다.","출입·이동 시 물리적 단차로 인한 불편·장애(동작 수행) 완화(논문: 문턱 높이, 문·복도·계단 폭 항목에서 위험 기준 제시).","공간: 침실. 개선전략: 문턱 높이·바닥 레벨 차이를 0.5인치 이하로 낮추거나 경사면(비드몰딩) 처리하여 문턱에서의 경계가 급격하지 않도록 개선하고, 문과 복도의 통행 폭을 최소 32인치(문), 복도 및 계단 통로는 36인치 이상 확보하도록 문·바닥 구조를 조정한다.. 기대효과: 출입·이동 시 물리적 단차로 인한 불편·장애(동작 수행) 완화(논문: 문턱 높이, 문·복도·계단 폭 항목에서 위험 기준 제시).",단면연구,탐색적/관찰 연구,1,0.333,Tier 3,TRUE,"문턱, 문(폭), 복도·계단 폭",Evaluation of the Home Environment Assessment for the Visually Impaired (HEAVI): an instrument designed to quantify fall-related hazards in the visually impaired,,미확인_0.41,10.1186/s12877-016-0391-2,https://doi.org/10.1186/s12877-016-0391-2,"위험요인=ADL | 모델요인=ADL | 별칭=ADL|일상생활수행능력 | 공간=침실|거실|복도|현관 | 개선대상=문턱, 문(폭), 복도·계단 폭 | 개선전략=문턱 높이·바닥 레벨 차이를 0.5인치 이하로 낮추거나 경사면(비드몰딩) 처리하여 문턱에서의 경계가 급격하지 않도록 개선하고, 문과 복도의 통행 폭을 최소 32인치(문), 복도 및 계단 통로는 36인치 이상 확보하도록 문·바닥 구조를 조정한다. | 기대효과=출입·이동 시 물리적 단차로 인한 불편·장애(동작 수행) 완화(논문: 문턱 높이, 문·복도·계단 폭 항목에서 위험 기준 제시). | 근거유형=탐색적/관찰 연구 | 출처=Evaluation of the Home Environment Assessment for the Visually Impaired (HEAVI): an instrument designed to quantify fall-related hazards in the visually impaired",자동분류완료,
E0253,single,ADL,,ADL,,ADL|일상생활수행능력,대표모델명_자동매핑,ADL,욕실,욕실,욕실(욕조/샤워),"욕조/샤워 바닥에 미끄럼 방지 매트나 논슬립 스트립을 설치하고, 욕실 외부에도 미끄럼 방지 매트를 배치하여 젖은 바닥에서 미끄러짐을 줄인다.",욕실 바닥 미끄럼·낙상 위험 요인 감소(논문: 욕실 내 non-skid rug/mat 항목 포함; 욕실이 가장 위험한 방으로 보고됨).,"공간: 욕실. 개선전략: 욕조/샤워 바닥에 미끄럼 방지 매트나 논슬립 스트립을 설치하고, 욕실 외부에도 미끄럼 방지 매트를 배치하여 젖은 바닥에서 미끄러짐을 줄인다.. 기대효과: 욕실 바닥 미끄럼·낙상 위험 요인 감소(논문: 욕실 내 non-skid rug/mat 항목 포함; 욕실이 가장 위험한 방으로 보고됨).",단면연구,탐색적/관찰 연구,1,0.333,Tier 3,TRUE,"욕실 매트, 논슬립 스트립",Evaluation of the Home Environment Assessment for the Visually Impaired (HEAVI): an instrument designed to quantify fall-related hazards in the visually impaired,,미확인_0.41,10.1186/s12877-016-0391-2,https://doi.org/10.1186/s12877-016-0391-2,"위험요인=ADL | 모델요인=ADL | 별칭=ADL|일상생활수행능력 | 공간=욕실 | 개선대상=욕실 매트, 논슬립 스트립 | 개선전략=욕조/샤워 바닥에 미끄럼 방지 매트나 논슬립 스트립을 설치하고, 욕실 외부에도 미끄럼 방지 매트를 배치하여 젖은 바닥에서 미끄러짐을 줄인다. | 기대효과=욕실 바닥 미끄럼·낙상 위험 요인 감소(논문: 욕실 내 non-skid rug/mat 항목 포함; 욕실이 가장 위험한 방으로 보고됨). | 근거유형=탐색적/관찰 연구 | 출처=Evaluation of the Home Environment Assessment for the Visually Impaired (HEAVI): an instrument designed to quantify fall-related hazards in the visually impaired",자동분류완료,
E0254,single,동작수행 어려움_몸 구부리거나 쭈그려 앉거나 무릎 꿇기,,동작수행 어려움_몸 구부리거나 쭈그려 앉거나 무릎 꿇기,,동작수행 어려움_몸 구부리거나 쭈그려 앉거나 무릎 꿇기,원문명_유지,동작수행 어려움_몸 구부리거나 쭈그려 앉거나 무릎 꿇기,침실,침실|주방|거실|복도,거실·침실·복도·주방 등 보행 동선,"바닥에 놓인 물건·잡동사니를 정리하여 보행 가능한 공간을 확보하고, 러그 가장자리 말림·풀림·해진 부분은 제거하거나 바닥에 고정해 걸림 요소를 제거한다 (바닥 물건이 통로의 50% 이상을 차지하지 않도록 유지).",보행 동선의 장애요소 감소로 보행 안정성 및 동작 수행의 편의성 증가(논문: 바닥의 잡동사니·러그 관련 항목이 위험으로 평가됨).,"공간: 침실. 개선전략: 바닥에 놓인 물건·잡동사니를 정리하여 보행 가능한 공간을 확보하고, 러그 가장자리 말림·풀림·해진 부분은 제거하거나 바닥에 고정해 걸림 요소를 제거한다 (바닥 물건이 통로의 50% 이상을 차지하지 않도록 유지).. 기대효과: 보행 동선의 장애요소 감소로 보행 안정성 및 동작 수행의 편의성 증가(논문: 바닥의 잡동사니·러그 관련 항목이 위험으로 평가됨).",단면연구,탐색적/관찰 연구,1,0.333,Tier 3,TRUE,"러그(고정), 바닥(잡동사니 제거)",Evaluation of the Home Environment Assessment for the Visually Impaired (HEAVI): an instrument designed to quantify fall-related hazards in the visually impaired,,미확인_0.41,10.1186/s12877-016-0391-2,https://doi.org/10.1186/s12877-016-0391-2,"위험요인=동작수행 어려움_몸 구부리거나 쭈그려 앉거나 무릎 꿇기 | 모델요인=동작수행 어려움_몸 구부리거나 쭈그려 앉거나 무릎 꿇기 | 별칭=동작수행 어려움_몸 구부리거나 쭈그려 앉거나 무릎 꿇기 | 공간=침실|주방|거실|복도 | 개선대상=러그(고정), 바닥(잡동사니 제거) | 개선전략=바닥에 놓인 물건·잡동사니를 정리하여 보행 가능한 공간을 확보하고, 러그 가장자리 말림·풀림·해진 부분은 제거하거나 바닥에 고정해 걸림 요소를 제거한다 (바닥 물건이 통로의 50% 이상을 차지하지 않도록 유지). | 기대효과=보행 동선의 장애요소 감소로 보행 안정성 및 동작 수행의 편의성 증가(논문: 바닥의 잡동사니·러그 관련 항목이 위험으로 평가됨). | 근거유형=탐색적/관찰 연구 | 출처=Evaluation of the Home Environment Assessment for the Visually Impaired (HEAVI): an instrument designed to quantify fall-related hazards in the visually impaired",자동분류완료,
E0255,single,일상생활의 불편함_시력,,시력,,시력|일상생활의 불편함_시력|시각기능,대표모델명_자동매핑,시력,침실,침실|거실,거실·식당·침실 등 창문이 있는 실,직사광·눈부심을 줄이기 위해 창문에 얇은 쉬어 커튼(sheer coverings) 또는 빛 확산형 커튼을 설치하여 실내에서의 과도한 밝기 대비와 눈부심을 완화한다.,창문으로 인한 눈부심·시각적 산만 감소(논문: 'windows without sheer coverings' 항목이 위험으로 포함됨).,공간: 침실. 개선전략: 직사광·눈부심을 줄이기 위해 창문에 얇은 쉬어 커튼(sheer coverings) 또는 빛 확산형 커튼을 설치하여 실내에서의 과도한 밝기 대비와 눈부심을 완화한다.. 기대효과: 창문으로 인한 눈부심·시각적 산만 감소(논문: 'windows without sheer coverings' 항목이 위험으로 포함됨).,단면연구,탐색적/관찰 연구,1,0.333,Tier 3,TRUE,창문 커버(쉬어 커튼),Evaluation of the Home Environment Assessment for the Visually Impaired (HEAVI): an instrument designed to quantify fall-related hazards in the visually impaired,,미확인_0.41,10.1186/s12877-016-0391-2,https://doi.org/10.1186/s12877-016-0391-2,위험요인=시력 | 모델요인=일상생활의 불편함_시력 | 별칭=시력|일상생활의 불편함_시력|시각기능 | 공간=침실|거실 | 개선대상=창문 커버(쉬어 커튼) | 개선전략=직사광·눈부심을 줄이기 위해 창문에 얇은 쉬어 커튼(sheer coverings) 또는 빛 확산형 커튼을 설치하여 실내에서의 과도한 밝기 대비와 눈부심을 완화한다. | 기대효과=창문으로 인한 눈부심·시각적 산만 감소(논문: 'windows without sheer coverings' 항목이 위험으로 포함됨). | 근거유형=탐색적/관찰 연구 | 출처=Evaluation of the Home Environment Assessment for the Visually Impaired (HEAVI): an instrument designed to quantify fall-related hazards in the visually impaired,자동분류완료,
E0256,single,일상생활의 불편함_시력,,시력,,시력|일상생활의 불편함_시력|시각기능,대표모델명_자동매핑,시력,주거공간 전반,주거공간 전반,주거공간 전반 (조명 시스템),"노출된 전구나 깨진·누락된 조명기구를 안전한 확산형 기구로 교체하고, 고장 난 전구는 즉시 교체하여 균일한 조명 제공 및 눈부심·그림자 발생을 최소화한다.",조명 품질 개선으로 시인성 및 눈부심/그림자에 의한 시각적 방해 감소(논문: 'broken light fixture/missing bulbs' 및 'exposed light bulbs' 항목 위험으로 보고됨).,"공간: 주거공간 전반. 개선전략: 노출된 전구나 깨진·누락된 조명기구를 안전한 확산형 기구로 교체하고, 고장 난 전구는 즉시 교체하여 균일한 조명 제공 및 눈부심·그림자 발생을 최소화한다.. 기대효과: 조명 품질 개선으로 시인성 및 눈부심/그림자에 의한 시각적 방해 감소(논문: 'broken light fixture/missing bulbs' 및 'exposed light bulbs' 항목 위험으로 보고됨).",단면연구,탐색적/관찰 연구,1,0.333,Tier 3,TRUE,"조명기구(전구, 등갓)",Evaluation of the Home Environment Assessment for the Visually Impaired (HEAVI): an instrument designed to quantify fall-related hazards in the visually impaired,,미확인_0.41,10.1186/s12877-016-0391-2,https://doi.org/10.1186/s12877-016-0391-2,"위험요인=시력 | 모델요인=일상생활의 불편함_시력 | 별칭=시력|일상생활의 불편함_시력|시각기능 | 공간=주거공간 전반 | 개선대상=조명기구(전구, 등갓) | 개선전략=노출된 전구나 깨진·누락된 조명기구를 안전한 확산형 기구로 교체하고, 고장 난 전구는 즉시 교체하여 균일한 조명 제공 및 눈부심·그림자 발생을 최소화한다. | 기대효과=조명 품질 개선으로 시인성 및 눈부심/그림자에 의한 시각적 방해 감소(논문: 'broken light fixture/missing bulbs' 및 'exposed light bulbs' 항목 위험으로 보고됨). | 근거유형=탐색적/관찰 연구 | 출처=Evaluation of the Home Environment Assessment for the Visually Impaired (HEAVI): an instrument designed to quantify fall-related hazards in the visually impaired",자동분류완료,
E0257,single,동작수행 어려움_쉬지않고 10계단 오르기,,동작수행 어려움_쉬지않고 10계단 오르기,,동작수행 어려움_쉬지않고 10계단 오르기,원문명_유지,동작수행 어려움_쉬지않고 10계단 오르기,계단,계단,계단,"계단에서 프런트 스텝(앞 단) 너비·깊이를 권장 기준 이상으로 확보하고(논문에서 'depth of stair treads <10 inches' 및 'stair riser <4 inches or >7.75 inches'를 위험 기준으로 사용), 파손된 계단·돌출부를 수리한다.",계단 구조적 요소 개선을 통한 계단 이용 시 안정성 및 식별성 향상(논문: 계단 높이·깊이 항목을 기준으로 위험 분류).,"공간: 계단. 개선전략: 계단에서 프런트 스텝(앞 단) 너비·깊이를 권장 기준 이상으로 확보하고(논문에서 'depth of stair treads <10 inches' 및 'stair riser <4 inches or >7.75 inches'를 위험 기준으로 사용), 파손된 계단·돌출부를 수리한다.. 기대효과: 계단 구조적 요소 개선을 통한 계단 이용 시 안정성 및 식별성 향상(논문: 계단 높이·깊이 항목을 기준으로 위험 분류).",단면연구,탐색적/관찰 연구,1,0.333,Tier 3,TRUE,"계단(라이저 높이, 트레드 깊이)",Evaluation of the Home Environment Assessment for the Visually Impaired (HEAVI): an instrument designed to quantify fall-related hazards in the visually impaired,,미확인_0.41,10.1186/s12877-016-0391-2,https://doi.org/10.1186/s12877-016-0391-2,"위험요인=동작수행 어려움_쉬지않고 10계단 오르기 | 모델요인=동작수행 어려움_쉬지않고 10계단 오르기 | 별칭=동작수행 어려움_쉬지않고 10계단 오르기 | 공간=계단 | 개선대상=계단(라이저 높이, 트레드 깊이) | 개선전략=계단에서 프런트 스텝(앞 단) 너비·깊이를 권장 기준 이상으로 확보하고(논문에서 'depth of stair treads <10 inches' 및 'stair riser <4 inches or >7.75 inches'를 위험 기준으로 사용), 파손된 계단·돌출부를 수리한다. | 기대효과=계단 구조적 요소 개선을 통한 계단 이용 시 안정성 및 식별성 향상(논문: 계단 높이·깊이 항목을 기준으로 위험 분류). | 근거유형=탐색적/관찰 연구 | 출처=Evaluation of the Home Environment Assessment for the Visually Impaired (HEAVI): an instrument designed to quantify fall-related hazards in the visually impaired",자동분류완료,
E0258,single,동작수행 어려움_쉬지않고 10계단 오르기,,동작수행 어려움_쉬지않고 10계단 오르기,,동작수행 어려움_쉬지않고 10계단 오르기,원문명_유지,동작수행 어려움_쉬지않고 10계단 오르기,계단,계단|현관,계단/현관,"실내외 계단 및 현관에 견고한 난간(손잡이)을 설치하고, 가능한 경우 출입부에 경사로(램프)를 설치하여 계단 오르내림 필요성을 줄임",계단 이용 시 지지 제공으로 접근성·이동성 향상 및 주거 내 활동 수행과 만족도 개선,"공간: 계단. 개선전략: 실내외 계단 및 현관에 견고한 난간(손잡이)을 설치하고, 가능한 경우 출입부에 경사로(램프)를 설치하여 계단 오르내림 필요성을 줄임. 기대효과: 계단 이용 시 지지 제공으로 접근성·이동성 향상 및 주거 내 활동 수행과 만족도 개선",비무작위 중재연구,코호트/비무작위 중재연구,2,0.667,Tier 2,TRUE,"난간, 경사로(램프)",Removing Environmental Barriers in the Homes of Older Adults With Disabilities Improves Occupational Performance,stark-2004-removing-environmental-barriers-in-the-homes-of-older-adults-with-disabilities-improves-occupational.pdf,자동매칭_0.84,,,"위험요인=동작수행 어려움_쉬지않고 10계단 오르기 | 모델요인=동작수행 어려움_쉬지않고 10계단 오르기 | 별칭=동작수행 어려움_쉬지않고 10계단 오르기 | 공간=계단|현관 | 개선대상=난간, 경사로(램프) | 개선전략=실내외 계단 및 현관에 견고한 난간(손잡이)을 설치하고, 가능한 경우 출입부에 경사로(램프)를 설치하여 계단 오르내림 필요성을 줄임 | 기대효과=계단 이용 시 지지 제공으로 접근성·이동성 향상 및 주거 내 활동 수행과 만족도 개선 | 근거유형=코호트/비무작위 중재연구 | 출처=Removing Environmental Barriers in the Homes of Older Adults With Disabilities Improves Occupational Performance",자동분류완료,
E0259,single,동작수행 어려움_몸 구부리거나 쭈그려 앉거나 무릎 꿇기,,동작수행 어려움_몸 구부리거나 쭈그려 앉거나 무릎 꿇기,,동작수행 어려움_몸 구부리거나 쭈그려 앉거나 무릎 꿇기,원문명_유지,동작수행 어려움_몸 구부리거나 쭈그려 앉거나 무릎 꿇기,욕실,욕실,욕실,변기 옆 및 샤워 공간에 지지용 손잡이(그랩바)를 설치하여 변기·샤워 이동 및 입·퇴실 시 지지할 수 있게 함,"앉고 일어서는 동작 및 샤워·대소변 활동 시 안전성·전환 수행 향상, 전반적 수행 만족도 증가","공간: 욕실. 개선전략: 변기 옆 및 샤워 공간에 지지용 손잡이(그랩바)를 설치하여 변기·샤워 이동 및 입·퇴실 시 지지할 수 있게 함. 기대효과: 앉고 일어서는 동작 및 샤워·대소변 활동 시 안전성·전환 수행 향상, 전반적 수행 만족도 증가",비무작위 중재연구,코호트/비무작위 중재연구,2,0.667,Tier 2,TRUE,손잡이 (grab bar),Removing Environmental Barriers in the Homes of Older Adults With Disabilities Improves Occupational Performance,stark-2004-removing-environmental-barriers-in-the-homes-of-older-adults-with-disabilities-improves-occupational.pdf,자동매칭_0.84,,,"위험요인=동작수행 어려움_몸 구부리거나 쭈그려 앉거나 무릎 꿇기 | 모델요인=동작수행 어려움_몸 구부리거나 쭈그려 앉거나 무릎 꿇기 | 별칭=동작수행 어려움_몸 구부리거나 쭈그려 앉거나 무릎 꿇기 | 공간=욕실 | 개선대상=손잡이 (grab bar) | 개선전략=변기 옆 및 샤워 공간에 지지용 손잡이(그랩바)를 설치하여 변기·샤워 이동 및 입·퇴실 시 지지할 수 있게 함 | 기대효과=앉고 일어서는 동작 및 샤워·대소변 활동 시 안전성·전환 수행 향상, 전반적 수행 만족도 증가 | 근거유형=코호트/비무작위 중재연구 | 출처=Removing Environmental Barriers in the Homes of Older Adults With Disabilities Improves Occupational Performance",자동분류완료,
E0260,single,동작수행 어려움_몸 구부리거나 쭈그려 앉거나 무릎 꿇기,,동작수행 어려움_몸 구부리거나 쭈그려 앉거나 무릎 꿇기,,동작수행 어려움_몸 구부리거나 쭈그려 앉거나 무릎 꿇기,원문명_유지,동작수행 어려움_몸 구부리거나 쭈그려 앉거나 무릎 꿇기,욕실,욕실,욕실,샤워를 앉아서 수행할 수 있도록 욕조·샤워부스에 샤워 체어(욕조 벤치) 제공 및 핸드헬드 샤워기 설치,"서서 씻는 부담 감소로 샤워 수행성 및 안전성 향상, 일상활동 만족도 개선","공간: 욕실. 개선전략: 샤워를 앉아서 수행할 수 있도록 욕조·샤워부스에 샤워 체어(욕조 벤치) 제공 및 핸드헬드 샤워기 설치. 기대효과: 서서 씻는 부담 감소로 샤워 수행성 및 안전성 향상, 일상활동 만족도 개선",비무작위 중재연구,코호트/비무작위 중재연구,2,0.667,Tier 2,TRUE,"욕조/샤워 의자, 핸드헬드 샤워기",Removing Environmental Barriers in the Homes of Older Adults With Disabilities Improves Occupational Performance,stark-2004-removing-environmental-barriers-in-the-homes-of-older-adults-with-disabilities-improves-occupational.pdf,자동매칭_0.84,,,"위험요인=동작수행 어려움_몸 구부리거나 쭈그려 앉거나 무릎 꿇기 | 모델요인=동작수행 어려움_몸 구부리거나 쭈그려 앉거나 무릎 꿇기 | 별칭=동작수행 어려움_몸 구부리거나 쭈그려 앉거나 무릎 꿇기 | 공간=욕실 | 개선대상=욕조/샤워 의자, 핸드헬드 샤워기 | 개선전략=샤워를 앉아서 수행할 수 있도록 욕조·샤워부스에 샤워 체어(욕조 벤치) 제공 및 핸드헬드 샤워기 설치 | 기대효과=서서 씻는 부담 감소로 샤워 수행성 및 안전성 향상, 일상활동 만족도 개선 | 근거유형=코호트/비무작위 중재연구 | 출처=Removing Environmental Barriers in the Homes of Older Adults With Disabilities Improves Occupational Performance",자동분류완료,
E0261,single,동작수행 어려움_몸 구부리거나 쭈그려 앉거나 무릎 꿇기,,동작수행 어려움_몸 구부리거나 쭈그려 앉거나 무릎 꿇기,,동작수행 어려움_몸 구부리거나 쭈그려 앉거나 무릎 꿇기,원문명_유지,동작수행 어려움_몸 구부리거나 쭈그려 앉거나 무릎 꿇기,욕실,욕실,욕실,샤워부스를 롤인(장애인용 무단턱 출입) 형태로 개조하여 의자나 이동 보조기구로 직접 출입 가능하게 함,"욕실 접근성 및 샤워 수행 능력 향상, 욕실 관련 활동의 수행 및 만족도 개선","공간: 욕실. 개선전략: 샤워부스를 롤인(장애인용 무단턱 출입) 형태로 개조하여 의자나 이동 보조기구로 직접 출입 가능하게 함. 기대효과: 욕실 접근성 및 샤워 수행 능력 향상, 욕실 관련 활동의 수행 및 만족도 개선",비무작위 중재연구,코호트/비무작위 중재연구,2,0.667,Tier 2,TRUE,샤워부스(롤인 샤워),Removing Environmental Barriers in the Homes of Older Adults With Disabilities Improves Occupational Performance,stark-2004-removing-environmental-barriers-in-the-homes-of-older-adults-with-disabilities-improves-occupational.pdf,자동매칭_0.84,,,"위험요인=동작수행 어려움_몸 구부리거나 쭈그려 앉거나 무릎 꿇기 | 모델요인=동작수행 어려움_몸 구부리거나 쭈그려 앉거나 무릎 꿇기 | 별칭=동작수행 어려움_몸 구부리거나 쭈그려 앉거나 무릎 꿇기 | 공간=욕실 | 개선대상=샤워부스(롤인 샤워) | 개선전략=샤워부스를 롤인(장애인용 무단턱 출입) 형태로 개조하여 의자나 이동 보조기구로 직접 출입 가능하게 함 | 기대효과=욕실 접근성 및 샤워 수행 능력 향상, 욕실 관련 활동의 수행 및 만족도 개선 | 근거유형=코호트/비무작위 중재연구 | 출처=Removing Environmental Barriers in the Homes of Older Adults With Disabilities Improves Occupational Performance",자동분류완료,
E0262,single,동작수행 어려움_몸 구부리거나 쭈그려 앉거나 무릎 꿇기,,동작수행 어려움_몸 구부리거나 쭈그려 앉거나 무릎 꿇기,,동작수행 어려움_몸 구부리거나 쭈그려 앉거나 무릎 꿇기,원문명_유지,동작수행 어려움_몸 구부리거나 쭈그려 앉거나 무릎 꿇기,욕실,욕실,욕실,변기 높이를 올리거나 높임변기(raised toilet)를 설치하여 앉았다 일어날 때 무릎 굽힘·쪼그려 앉기 요구를 줄임,변기에서의 전환(앉기·일어서기) 부담 감소로 화장실 관련 활동 수행성 및 만족도 향상,공간: 욕실. 개선전략: 변기 높이를 올리거나 높임변기(raised toilet)를 설치하여 앉았다 일어날 때 무릎 굽힘·쪼그려 앉기 요구를 줄임. 기대효과: 변기에서의 전환(앉기·일어서기) 부담 감소로 화장실 관련 활동 수행성 및 만족도 향상,비무작위 중재연구,코호트/비무작위 중재연구,2,0.667,Tier 2,TRUE,변기,Removing Environmental Barriers in the Homes of Older Adults With Disabilities Improves Occupational Performance,stark-2004-removing-environmental-barriers-in-the-homes-of-older-adults-with-disabilities-improves-occupational.pdf,자동매칭_0.84,,,위험요인=동작수행 어려움_몸 구부리거나 쭈그려 앉거나 무릎 꿇기 | 모델요인=동작수행 어려움_몸 구부리거나 쭈그려 앉거나 무릎 꿇기 | 별칭=동작수행 어려움_몸 구부리거나 쭈그려 앉거나 무릎 꿇기 | 공간=욕실 | 개선대상=변기 | 개선전략=변기 높이를 올리거나 높임변기(raised toilet)를 설치하여 앉았다 일어날 때 무릎 굽힘·쪼그려 앉기 요구를 줄임 | 기대효과=변기에서의 전환(앉기·일어서기) 부담 감소로 화장실 관련 활동 수행성 및 만족도 향상 | 근거유형=코호트/비무작위 중재연구 | 출처=Removing Environmental Barriers in the Homes of Older Adults With Disabilities Improves Occupational Performance,자동분류완료,
E0263,single,근력상태_의자나 침대에 앉았다가 일어나기 5회 반복,,근력상태_의자나 침대에 앉았다가 일어나기 5회 반복,,근력상태_의자나 침대에 앉았다가 일어나기 5회 반복,원문명_유지,근력상태_의자나 침대에 앉았다가 일어나기 5회 반복,침실,침실,침실,침대에 침대 레일(bed rail)을 설치하여 침대에서 일어나거나 앉을 때 지지할 수 있게 함,침대에서의 전환 시 지지 제공으로 기립·전환 수행성 향상 및 일상활동 만족도 증가,공간: 침실. 개선전략: 침대에 침대 레일(bed rail)을 설치하여 침대에서 일어나거나 앉을 때 지지할 수 있게 함. 기대효과: 침대에서의 전환 시 지지 제공으로 기립·전환 수행성 향상 및 일상활동 만족도 증가,비무작위 중재연구,코호트/비무작위 중재연구,2,0.667,Tier 2,TRUE,침대 레일,Removing Environmental Barriers in the Homes of Older Adults With Disabilities Improves Occupational Performance,stark-2004-removing-environmental-barriers-in-the-homes-of-older-adults-with-disabilities-improves-occupational.pdf,자동매칭_0.84,,,위험요인=근력상태_의자나 침대에 앉았다가 일어나기 5회 반복 | 모델요인=근력상태_의자나 침대에 앉았다가 일어나기 5회 반복 | 별칭=근력상태_의자나 침대에 앉았다가 일어나기 5회 반복 | 공간=침실 | 개선대상=침대 레일 | 개선전략=침대에 침대 레일(bed rail)을 설치하여 침대에서 일어나거나 앉을 때 지지할 수 있게 함 | 기대효과=침대에서의 전환 시 지지 제공으로 기립·전환 수행성 향상 및 일상활동 만족도 증가 | 근거유형=코호트/비무작위 중재연구 | 출처=Removing Environmental Barriers in the Homes of Older Adults With Disabilities Improves Occupational Performance,자동분류완료,
E0264,single,동작수행 어려움_머리보다 높은 곳에 있는 것 손 뻗쳐 닿기,,동작수행 어려움_머리보다 높은 곳에 있는 것 손 뻗쳐 닿기,,동작수행 어려움_머리보다 높은 곳에 있는 것 손 뻗쳐 닿기,원문명_유지,동작수행 어려움_머리보다 높은 곳에 있는 것 손 뻗쳐 닿기,주방,주방|주거공간 전반,주거공간 전반(수납장 등),리처(reacher) 등 긴 손잡이 도구 및 기타 보조기구 제공으로 높은 곳 물건을 손쉽게 집을 수 있게 함,높은 위치 물건 접근성 향상으로 독립적 수납·자기관리 활동 수행성 및 만족도 개선,공간: 주방. 개선전략: 리처(reacher) 등 긴 손잡이 도구 및 기타 보조기구 제공으로 높은 곳 물건을 손쉽게 집을 수 있게 함. 기대효과: 높은 위치 물건 접근성 향상으로 독립적 수납·자기관리 활동 수행성 및 만족도 개선,비무작위 중재연구,코호트/비무작위 중재연구,2,0.667,Tier 2,TRUE,수납장/물건(높은 곳),Removing Environmental Barriers in the Homes of Older Adults With Disabilities Improves Occupational Performance,stark-2004-removing-environmental-barriers-in-the-homes-of-older-adults-with-disabilities-improves-occupational.pdf,자동매칭_0.84,,,위험요인=동작수행 어려움_머리보다 높은 곳에 있는 것 손 뻗쳐 닿기 | 모델요인=동작수행 어려움_머리보다 높은 곳에 있는 것 손 뻗쳐 닿기 | 별칭=동작수행 어려움_머리보다 높은 곳에 있는 것 손 뻗쳐 닿기 | 공간=주방|주거공간 전반 | 개선대상=수납장/물건(높은 곳) | 개선전략=리처(reacher) 등 긴 손잡이 도구 및 기타 보조기구 제공으로 높은 곳 물건을 손쉽게 집을 수 있게 함 | 기대효과=높은 위치 물건 접근성 향상으로 독립적 수납·자기관리 활동 수행성 및 만족도 개선 | 근거유형=코호트/비무작위 중재연구 | 출처=Removing Environmental Barriers in the Homes of Older Adults With Disabilities Improves Occupational Performance,자동분류완료,
E0265,single,일상생활의 불편함_시력,,시력,,시력|일상생활의 불편함_시력|시각기능,대표모델명_자동매핑,시력,욕실,욕실|계단|복도|주거공간 전반,주거공간 전반(복도·계단·욕실 등),"복도, 계단, 욕실 등 이동로와 주요 활동공간에 추가 조명 설치 또는 조도 개선을 통해 야간 및 저휘도 상황에서 시인성 향상",야간·저시력 상황에서 시인성 향상으로 안전성 증가 및 주거 내 활동 수행과 만족도 개선,"공간: 욕실. 개선전략: 복도, 계단, 욕실 등 이동로와 주요 활동공간에 추가 조명 설치 또는 조도 개선을 통해 야간 및 저휘도 상황에서 시인성 향상. 기대효과: 야간·저시력 상황에서 시인성 향상으로 안전성 증가 및 주거 내 활동 수행과 만족도 개선",비무작위 중재연구,코호트/비무작위 중재연구,2,0.667,Tier 2,TRUE,조명,Removing Environmental Barriers in the Homes of Older Adults With Disabilities Improves Occupational Performance,stark-2004-removing-environmental-barriers-in-the-homes-of-older-adults-with-disabilities-improves-occupational.pdf,자동매칭_0.84,,,"위험요인=시력 | 모델요인=일상생활의 불편함_시력 | 별칭=시력|일상생활의 불편함_시력|시각기능 | 공간=욕실|계단|복도|주거공간 전반 | 개선대상=조명 | 개선전략=복도, 계단, 욕실 등 이동로와 주요 활동공간에 추가 조명 설치 또는 조도 개선을 통해 야간 및 저휘도 상황에서 시인성 향상 | 기대효과=야간·저시력 상황에서 시인성 향상으로 안전성 증가 및 주거 내 활동 수행과 만족도 개선 | 근거유형=코호트/비무작위 중재연구 | 출처=Removing Environmental Barriers in the Homes of Older Adults With Disabilities Improves Occupational Performance",자동분류완료,
E0266,single,ADL,,ADL,,ADL|일상생활수행능력,대표모델명_자동매핑,ADL,주거공간 전반,주거공간 전반,주거공간 전반(문·통행부),문 폭을 확대하여 휠체어·보행기 등 보조기구가 통과하기 쉽도록 구조 변경,가정 내 이동성과 접근성 향상으로 일상생활 활동 수행성 및 만족도 개선,공간: 주거공간 전반. 개선전략: 문 폭을 확대하여 휠체어·보행기 등 보조기구가 통과하기 쉽도록 구조 변경. 기대효과: 가정 내 이동성과 접근성 향상으로 일상생활 활동 수행성 및 만족도 개선,비무작위 중재연구,코호트/비무작위 중재연구,2,0.667,Tier 2,TRUE,문,Removing Environmental Barriers in the Homes of Older Adults With Disabilities Improves Occupational Performance,stark-2004-removing-environmental-barriers-in-the-homes-of-older-adults-with-disabilities-improves-occupational.pdf,자동매칭_0.84,,,위험요인=ADL | 모델요인=ADL | 별칭=ADL|일상생활수행능력 | 공간=주거공간 전반 | 개선대상=문 | 개선전략=문 폭을 확대하여 휠체어·보행기 등 보조기구가 통과하기 쉽도록 구조 변경 | 기대효과=가정 내 이동성과 접근성 향상으로 일상생활 활동 수행성 및 만족도 개선 | 근거유형=코호트/비무작위 중재연구 | 출처=Removing Environmental Barriers in the Homes of Older Adults With Disabilities Improves Occupational Performance,자동분류완료,
E0267,single,동작수행 어려움_쉬지않고 10계단 오르기,,동작수행 어려움_쉬지않고 10계단 오르기,,동작수행 어려움_쉬지않고 10계단 오르기,원문명_유지,동작수행 어려움_쉬지않고 10계단 오르기,주방,주방,주거공간(세탁실/층간 이동),지하 또는 계단 아래에 위치한 세탁시설을 1층 생활층으로 이전하여 세탁 활동 수행 시 계단 이용을 제거하거나 단축함,"세탁 관련 활동에서 계단 이용 감소로 수행 부담 및 안전성 개선, 활동 만족도 증가","공간: 주방. 개선전략: 지하 또는 계단 아래에 위치한 세탁시설을 1층 생활층으로 이전하여 세탁 활동 수행 시 계단 이용을 제거하거나 단축함. 기대효과: 세탁 관련 활동에서 계단 이용 감소로 수행 부담 및 안전성 개선, 활동 만족도 증가",비무작위 중재연구,코호트/비무작위 중재연구,2,0.667,Tier 2,TRUE,세탁기 위치(세탁실),Removing Environmental Barriers in the Homes of Older Adults With Disabilities Improves Occupational Performance,stark-2004-removing-environmental-barriers-in-the-homes-of-older-adults-with-disabilities-improves-occupational.pdf,자동매칭_0.84,,,"위험요인=동작수행 어려움_쉬지않고 10계단 오르기 | 모델요인=동작수행 어려움_쉬지않고 10계단 오르기 | 별칭=동작수행 어려움_쉬지않고 10계단 오르기 | 공간=주방 | 개선대상=세탁기 위치(세탁실) | 개선전략=지하 또는 계단 아래에 위치한 세탁시설을 1층 생활층으로 이전하여 세탁 활동 수행 시 계단 이용을 제거하거나 단축함 | 기대효과=세탁 관련 활동에서 계단 이용 감소로 수행 부담 및 안전성 개선, 활동 만족도 증가 | 근거유형=코호트/비무작위 중재연구 | 출처=Removing Environmental Barriers in the Homes of Older Adults With Disabilities Improves Occupational Performance",자동분류완료,
E0268,single,ADL,,ADL,,ADL|일상생활수행능력,대표모델명_자동매핑,ADL,현관,현관,문/현관,기존 돌출형 또는 비틀어 여는 손잡이를 레버형 손잡이로 교체하여 적은 손힘·손기술로도 문 개폐 가능하게 함,문 출입 관련 일상동작의 용이성 증가로 가정 내 활동 수행성 및 만족도 개선,공간: 현관. 개선전략: 기존 돌출형 또는 비틀어 여는 손잡이를 레버형 손잡이로 교체하여 적은 손힘·손기술로도 문 개폐 가능하게 함. 기대효과: 문 출입 관련 일상동작의 용이성 증가로 가정 내 활동 수행성 및 만족도 개선,비무작위 중재연구,코호트/비무작위 중재연구,2,0.667,Tier 2,TRUE,문 손잡이(레버형),Removing Environmental Barriers in the Homes of Older Adults With Disabilities Improves Occupational Performance,stark-2004-removing-environmental-barriers-in-the-homes-of-older-adults-with-disabilities-improves-occupational.pdf,자동매칭_0.84,,,위험요인=ADL | 모델요인=ADL | 별칭=ADL|일상생활수행능력 | 공간=현관 | 개선대상=문 손잡이(레버형) | 개선전략=기존 돌출형 또는 비틀어 여는 손잡이를 레버형 손잡이로 교체하여 적은 손힘·손기술로도 문 개폐 가능하게 함 | 기대효과=문 출입 관련 일상동작의 용이성 증가로 가정 내 활동 수행성 및 만족도 개선 | 근거유형=코호트/비무작위 중재연구 | 출처=Removing Environmental Barriers in the Homes of Older Adults With Disabilities Improves Occupational Performance,자동분류완료,
E0269,single,동작수행 어려움_운동장 한 바퀴(400m)정도 걷기,,동작수행 어려움_운동장 한 바퀴(400m)정도 걷기,,동작수행 어려움_운동장 한 바퀴(400m)정도 걷기,원문명_유지,동작수행 어려움_운동장 한 바퀴(400m)정도 걷기,현관,현관|주거 외부,주거지 외부(도로·현관 앞),거주지 근처에 지정 주차 공간을 확보하여 주차-현관 거리 단축(현관 접근성 개선),외부 이동 시 왕복 보행거리 단축으로 이동 부담 감소 및 외부 활동 수행 용이성 향상,공간: 현관. 개선전략: 거주지 근처에 지정 주차 공간을 확보하여 주차-현관 거리 단축(현관 접근성 개선). 기대효과: 외부 이동 시 왕복 보행거리 단축으로 이동 부담 감소 및 외부 활동 수행 용이성 향상,비무작위 중재연구,코호트/비무작위 중재연구,2,0.667,Tier 2,TRUE,지정 주차 구역,Removing Environmental Barriers in the Homes of Older Adults With Disabilities Improves Occupational Performance,stark-2004-removing-environmental-barriers-in-the-homes-of-older-adults-with-disabilities-improves-occupational.pdf,자동매칭_0.84,,,위험요인=동작수행 어려움_운동장 한 바퀴(400m)정도 걷기 | 모델요인=동작수행 어려움_운동장 한 바퀴(400m)정도 걷기 | 별칭=동작수행 어려움_운동장 한 바퀴(400m)정도 걷기 | 공간=현관|주거 외부 | 개선대상=지정 주차 구역 | 개선전략=거주지 근처에 지정 주차 공간을 확보하여 주차-현관 거리 단축(현관 접근성 개선) | 기대효과=외부 이동 시 왕복 보행거리 단축으로 이동 부담 감소 및 외부 활동 수행 용이성 향상 | 근거유형=코호트/비무작위 중재연구 | 출처=Removing Environmental Barriers in the Homes of Older Adults With Disabilities Improves Occupational Performance,자동분류완료,
E0270,single,ADL,,ADL,,ADL|일상생활수행능력,대표모델명_자동매핑,ADL,주거공간 전반,주거공간 전반,주거공간 전반,주거 내 안전잠금(데드볼트) 및 연기감지기 등 기본 안전장치를 설치하여 주거 안전성 확보,주거 안전성 향상으로 일상생활 관련 불안감 및 수행 만족도 개선,공간: 주거공간 전반. 개선전략: 주거 내 안전잠금(데드볼트) 및 연기감지기 등 기본 안전장치를 설치하여 주거 안전성 확보. 기대효과: 주거 안전성 향상으로 일상생활 관련 불안감 및 수행 만족도 개선,비무작위 중재연구,코호트/비무작위 중재연구,2,0.667,Tier 2,TRUE,"안전장치(데드볼트, 연기감지기 등)",Removing Environmental Barriers in the Homes of Older Adults With Disabilities Improves Occupational Performance,stark-2004-removing-environmental-barriers-in-the-homes-of-older-adults-with-disabilities-improves-occupational.pdf,자동매칭_0.84,,,"위험요인=ADL | 모델요인=ADL | 별칭=ADL|일상생활수행능력 | 공간=주거공간 전반 | 개선대상=안전장치(데드볼트, 연기감지기 등) | 개선전략=주거 내 안전잠금(데드볼트) 및 연기감지기 등 기본 안전장치를 설치하여 주거 안전성 확보 | 기대효과=주거 안전성 향상으로 일상생활 관련 불안감 및 수행 만족도 개선 | 근거유형=코호트/비무작위 중재연구 | 출처=Removing Environmental Barriers in the Homes of Older Adults With Disabilities Improves Occupational Performance",자동분류완료,
E0271,single,근력상태_의자나 침대에 앉았다가 일어나기 5회 반복,,근력상태_의자나 침대에 앉았다가 일어나기 5회 반복,,근력상태_의자나 침대에 앉았다가 일어나기 5회 반복,원문명_유지,근력상태_의자나 침대에 앉았다가 일어나기 5회 반복,욕실,욕실,욕실/화장실,변기 높이가 낮아 전이 곤란한 경우 변기 높이를 약 19인치(사용자 무릎 높이)에 맞추도록 새 높은 변기로 교체하거나 휴대용/고정형 높이 보조(raised toilet seat) 또는 바닥-변기 스페이서를 설치,자가 보고한 일상 수행 능력 및 만족도 향상; FIM 점수 개선; 환경 장벽(사례별 영향도) 감소,공간: 욕실. 개선전략: 변기 높이가 낮아 전이 곤란한 경우 변기 높이를 약 19인치(사용자 무릎 높이)에 맞추도록 새 높은 변기로 교체하거나 휴대용/고정형 높이 보조(raised toilet seat) 또는 바닥-변기 스페이서를 설치. 기대효과: 자가 보고한 일상 수행 능력 및 만족도 향상; FIM 점수 개선; 환경 장벽(사례별 영향도) 감소,비무작위 단일군 전향적 연구,코호트/비무작위 중재연구,2,0.667,Tier 2,TRUE,"변기, raised toilet seat(변기 높이 보조)",Client-centred home modifications improve daily activity performance of older adults,stark-et-al-2009-client-centred-home-modifications-improve-daily-activity-performance-of-older-adults.pdf,자동매칭_0.87,,,"위험요인=근력상태_의자나 침대에 앉았다가 일어나기 5회 반복 | 모델요인=근력상태_의자나 침대에 앉았다가 일어나기 5회 반복 | 별칭=근력상태_의자나 침대에 앉았다가 일어나기 5회 반복 | 공간=욕실 | 개선대상=변기, raised toilet seat(변기 높이 보조) | 개선전략=변기 높이가 낮아 전이 곤란한 경우 변기 높이를 약 19인치(사용자 무릎 높이)에 맞추도록 새 높은 변기로 교체하거나 휴대용/고정형 높이 보조(raised toilet seat) 또는 바닥-변기 스페이서를 설치 | 기대효과=자가 보고한 일상 수행 능력 및 만족도 향상; FIM 점수 개선; 환경 장벽(사례별 영향도) 감소 | 근거유형=코호트/비무작위 중재연구 | 출처=Client-centred home modifications improve daily activity performance of older adults",자동분류완료,
E0272,single,근력상태_의자나 침대에 앉았다가 일어나기 5회 반복,,근력상태_의자나 침대에 앉았다가 일어나기 5회 반복,,근력상태_의자나 침대에 앉았다가 일어나기 5회 반복,원문명_유지,근력상태_의자나 침대에 앉았다가 일어나기 5회 반복,욕실,욕실,욕실/샤워실/화장실,"변기 옆, 샤워실 출입부 및 샤워 내부에 고정형 안전손잡이(grab bar) 설치하여 전이·균형 유지 지원",전이 수행이 용이해져 자가 보고 수행 및 만족도 향상; 환경 장벽 영향도 감소,"공간: 욕실. 개선전략: 변기 옆, 샤워실 출입부 및 샤워 내부에 고정형 안전손잡이(grab bar) 설치하여 전이·균형 유지 지원. 기대효과: 전이 수행이 용이해져 자가 보고 수행 및 만족도 향상; 환경 장벽 영향도 감소",비무작위 단일군 전향적 연구,코호트/비무작위 중재연구,2,0.667,Tier 2,TRUE,손잡이(Grab bar),Client-centred home modifications improve daily activity performance of older adults,stark-et-al-2009-client-centred-home-modifications-improve-daily-activity-performance-of-older-adults.pdf,자동매칭_0.87,,,"위험요인=근력상태_의자나 침대에 앉았다가 일어나기 5회 반복 | 모델요인=근력상태_의자나 침대에 앉았다가 일어나기 5회 반복 | 별칭=근력상태_의자나 침대에 앉았다가 일어나기 5회 반복 | 공간=욕실 | 개선대상=손잡이(Grab bar) | 개선전략=변기 옆, 샤워실 출입부 및 샤워 내부에 고정형 안전손잡이(grab bar) 설치하여 전이·균형 유지 지원 | 기대효과=전이 수행이 용이해져 자가 보고 수행 및 만족도 향상; 환경 장벽 영향도 감소 | 근거유형=코호트/비무작위 중재연구 | 출처=Client-centred home modifications improve daily activity performance of older adults",자동분류완료,
E0273,single,ADL,,ADL,,ADL|일상생활수행능력,대표모델명_자동매핑,ADL,욕실,욕실,욕실,욕조/샤워 사용이 어려운 경우 샤워실 내부에 샤워 의자(샤워 시트/튜브 벤치) 설치하거나 기존 욕조를 워크인(roll-in) 샤워로 구조 변경(욕조-샤워 교체),목욕·샤워 관련 일상 활동 수행 개선 및 만족도 증가; 환경 장벽 영향도 감소,공간: 욕실. 개선전략: 욕조/샤워 사용이 어려운 경우 샤워실 내부에 샤워 의자(샤워 시트/튜브 벤치) 설치하거나 기존 욕조를 워크인(roll-in) 샤워로 구조 변경(욕조-샤워 교체). 기대효과: 목욕·샤워 관련 일상 활동 수행 개선 및 만족도 증가; 환경 장벽 영향도 감소,비무작위 단일군 전향적 연구,코호트/비무작위 중재연구,2,0.667,Tier 2,TRUE,"샤워 의자(욕조 벤치), 욕조/샤워 교체(롤인 샤워)",Client-centred home modifications improve daily activity performance of older adults,stark-et-al-2009-client-centred-home-modifications-improve-daily-activity-performance-of-older-adults.pdf,자동매칭_0.87,,,"위험요인=ADL | 모델요인=ADL | 별칭=ADL|일상생활수행능력 | 공간=욕실 | 개선대상=샤워 의자(욕조 벤치), 욕조/샤워 교체(롤인 샤워) | 개선전략=욕조/샤워 사용이 어려운 경우 샤워실 내부에 샤워 의자(샤워 시트/튜브 벤치) 설치하거나 기존 욕조를 워크인(roll-in) 샤워로 구조 변경(욕조-샤워 교체) | 기대효과=목욕·샤워 관련 일상 활동 수행 개선 및 만족도 증가; 환경 장벽 영향도 감소 | 근거유형=코호트/비무작위 중재연구 | 출처=Client-centred home modifications improve daily activity performance of older adults",자동분류완료,
E0274,single,ADL,,ADL,,ADL|일상생활수행능력,대표모델명_자동매핑,ADL,욕실,욕실,욕실,샤워 시 손으로 조작하기 어렵거나 자세 유지가 힘든 경우 사용 편의성을 위한 핸드헬드(손잡이형) 샤워기 설치,목욕 관련 과제 수행 용이성 향상으로 자가 보고 수행 및 만족도 개선; 환경 장벽 영향도 감소,공간: 욕실. 개선전략: 샤워 시 손으로 조작하기 어렵거나 자세 유지가 힘든 경우 사용 편의성을 위한 핸드헬드(손잡이형) 샤워기 설치. 기대효과: 목욕 관련 과제 수행 용이성 향상으로 자가 보고 수행 및 만족도 개선; 환경 장벽 영향도 감소,비무작위 단일군 전향적 연구,코호트/비무작위 중재연구,2,0.667,Tier 2,TRUE,핸드헬드 샤워기,Client-centred home modifications improve daily activity performance of older adults,stark-et-al-2009-client-centred-home-modifications-improve-daily-activity-performance-of-older-adults.pdf,자동매칭_0.87,,,위험요인=ADL | 모델요인=ADL | 별칭=ADL|일상생활수행능력 | 공간=욕실 | 개선대상=핸드헬드 샤워기 | 개선전략=샤워 시 손으로 조작하기 어렵거나 자세 유지가 힘든 경우 사용 편의성을 위한 핸드헬드(손잡이형) 샤워기 설치 | 기대효과=목욕 관련 과제 수행 용이성 향상으로 자가 보고 수행 및 만족도 개선; 환경 장벽 영향도 감소 | 근거유형=코호트/비무작위 중재연구 | 출처=Client-centred home modifications improve daily activity performance of older adults,자동분류완료,
E0275,single,동작수행 어려움_쉬지않고 10계단 오르기,,동작수행 어려움_쉬지않고 10계단 오르기,,동작수행 어려움_쉬지않고 10계단 오르기,원문명_유지,동작수행 어려움_쉬지않고 10계단 오르기,계단,계단|현관,현관/계단,집 입구 또는 계단 이용이 어려운 경우 출입구에 경사로(램프) 설치 및/또는 계단에 견고한 난간(손잡이) 설치하여 보행·전이 부담 감소,계단·출입 동작에 대한 환경 부담 감소로 일상 수행 개선 및 환경 장벽 영향도 감소,공간: 계단. 개선전략: 집 입구 또는 계단 이용이 어려운 경우 출입구에 경사로(램프) 설치 및/또는 계단에 견고한 난간(손잡이) 설치하여 보행·전이 부담 감소. 기대효과: 계단·출입 동작에 대한 환경 부담 감소로 일상 수행 개선 및 환경 장벽 영향도 감소,비무작위 단일군 전향적 연구,코호트/비무작위 중재연구,2,0.667,Tier 2,TRUE,"램프(경사로), 난간/손잡이",Client-centred home modifications improve daily activity performance of older adults,stark-et-al-2009-client-centred-home-modifications-improve-daily-activity-performance-of-older-adults.pdf,자동매칭_0.87,,,"위험요인=동작수행 어려움_쉬지않고 10계단 오르기 | 모델요인=동작수행 어려움_쉬지않고 10계단 오르기 | 별칭=동작수행 어려움_쉬지않고 10계단 오르기 | 공간=계단|현관 | 개선대상=램프(경사로), 난간/손잡이 | 개선전략=집 입구 또는 계단 이용이 어려운 경우 출입구에 경사로(램프) 설치 및/또는 계단에 견고한 난간(손잡이) 설치하여 보행·전이 부담 감소 | 기대효과=계단·출입 동작에 대한 환경 부담 감소로 일상 수행 개선 및 환경 장벽 영향도 감소 | 근거유형=코호트/비무작위 중재연구 | 출처=Client-centred home modifications improve daily activity performance of older adults",자동분류완료,
E0276,single,일상생활의 불편함_시력,,시력,,시력|일상생활의 불편함_시력|시각기능,대표모델명_자동매핑,시력,침실,침실|거실|주거공간 전반,거실·침실·주거공간 전반,"활동 영역 및 이동 통로에 추가 조명 설치(플로어 램프, 데스크 램프 등)으로 작업·이동 시 시인성 향상",시인성 향상에 따른 자가 보고 활동 수행 및 만족도 향상; 환경 장벽 영향도 감소,"공간: 침실. 개선전략: 활동 영역 및 이동 통로에 추가 조명 설치(플로어 램프, 데스크 램프 등)으로 작업·이동 시 시인성 향상. 기대효과: 시인성 향상에 따른 자가 보고 활동 수행 및 만족도 향상; 환경 장벽 영향도 감소",비무작위 단일군 전향적 연구,코호트/비무작위 중재연구,2,0.667,Tier 2,TRUE,"조명(플로어 램프, 데스크 램프)",Client-centred home modifications improve daily activity performance of older adults,stark-et-al-2009-client-centred-home-modifications-improve-daily-activity-performance-of-older-adults.pdf,자동매칭_0.87,,,"위험요인=시력 | 모델요인=일상생활의 불편함_시력 | 별칭=시력|일상생활의 불편함_시력|시각기능 | 공간=침실|거실|주거공간 전반 | 개선대상=조명(플로어 램프, 데스크 램프) | 개선전략=활동 영역 및 이동 통로에 추가 조명 설치(플로어 램프, 데스크 램프 등)으로 작업·이동 시 시인성 향상 | 기대효과=시인성 향상에 따른 자가 보고 활동 수행 및 만족도 향상; 환경 장벽 영향도 감소 | 근거유형=코호트/비무작위 중재연구 | 출처=Client-centred home modifications improve daily activity performance of older adults",자동분류완료,
E0277,single,동작수행 어려움_머리보다 높은 곳에 있는 것 손 뻗쳐 닿기,,동작수행 어려움_머리보다 높은 곳에 있는 것 손 뻗쳐 닿기,,동작수행 어려움_머리보다 높은 곳에 있는 것 손 뻗쳐 닿기,원문명_유지,동작수행 어려움_머리보다 높은 곳에 있는 것 손 뻗쳐 닿기,주방,주방|거실,주방/수납장/거실,머리 위 수납물 등 손이 닿지 않는 물건을 위해 리처(집게형 도구) 제공 및 사용 또는 수납 위치 재배치·낮은 위치로 재배치,높은 위치 물건 접근성 개선으로 관련 일상과제 수행 향상 및 만족도 증가; 환경 장벽 영향도 감소,공간: 주방. 개선전략: 머리 위 수납물 등 손이 닿지 않는 물건을 위해 리처(집게형 도구) 제공 및 사용 또는 수납 위치 재배치·낮은 위치로 재배치. 기대효과: 높은 위치 물건 접근성 개선으로 관련 일상과제 수행 향상 및 만족도 증가; 환경 장벽 영향도 감소,비무작위 단일군 전향적 연구,코호트/비무작위 중재연구,2,0.667,Tier 2,TRUE,"리처(집게형 보조도구), 수납 위치",Client-centred home modifications improve daily activity performance of older adults,stark-et-al-2009-client-centred-home-modifications-improve-daily-activity-performance-of-older-adults.pdf,자동매칭_0.87,,,"위험요인=동작수행 어려움_머리보다 높은 곳에 있는 것 손 뻗쳐 닿기 | 모델요인=동작수행 어려움_머리보다 높은 곳에 있는 것 손 뻗쳐 닿기 | 별칭=동작수행 어려움_머리보다 높은 곳에 있는 것 손 뻗쳐 닿기 | 공간=주방|거실 | 개선대상=리처(집게형 보조도구), 수납 위치 | 개선전략=머리 위 수납물 등 손이 닿지 않는 물건을 위해 리처(집게형 도구) 제공 및 사용 또는 수납 위치 재배치·낮은 위치로 재배치 | 기대효과=높은 위치 물건 접근성 개선으로 관련 일상과제 수행 향상 및 만족도 증가; 환경 장벽 영향도 감소 | 근거유형=코호트/비무작위 중재연구 | 출처=Client-centred home modifications improve daily activity performance of older adults",자동분류완료,
E0278,single,일상생활의 불편함_청력,,청력,,청력|일상생활의 불편함_청력|청각기능,대표모델명_자동매핑,청력,침실,침실|거실|주거공간 전반,거실·침실·주거공간 전반,전화 사용이 어렵거나 응답이 문제인 경우 증폭 기능이 있는 무선(코드리스) 전화기(또는 증폭기) 설치,전화 응답 등 의사소통 관련 활동 수행 개선으로 자가 보고 성과·만족도 향상; 환경 장벽 영향도 감소,공간: 침실. 개선전략: 전화 사용이 어렵거나 응답이 문제인 경우 증폭 기능이 있는 무선(코드리스) 전화기(또는 증폭기) 설치. 기대효과: 전화 응답 등 의사소통 관련 활동 수행 개선으로 자가 보고 성과·만족도 향상; 환경 장벽 영향도 감소,비무작위 단일군 전향적 연구,코호트/비무작위 중재연구,2,0.667,Tier 2,TRUE,증폭 무선 전화기(Amplified cordless phone),Client-centred home modifications improve daily activity performance of older adults,stark-et-al-2009-client-centred-home-modifications-improve-daily-activity-performance-of-older-adults.pdf,자동매칭_0.87,,,위험요인=청력 | 모델요인=일상생활의 불편함_청력 | 별칭=청력|일상생활의 불편함_청력|청각기능 | 공간=침실|거실|주거공간 전반 | 개선대상=증폭 무선 전화기(Amplified cordless phone) | 개선전략=전화 사용이 어렵거나 응답이 문제인 경우 증폭 기능이 있는 무선(코드리스) 전화기(또는 증폭기) 설치 | 기대효과=전화 응답 등 의사소통 관련 활동 수행 개선으로 자가 보고 성과·만족도 향상; 환경 장벽 영향도 감소 | 근거유형=코호트/비무작위 중재연구 | 출처=Client-centred home modifications improve daily activity performance of older adults,자동분류완료,
E0279,single,ADL,,ADL,,ADL|일상생활수행능력,대표모델명_자동매핑,ADL,욕실,욕실|계단|주방|복도,"욕실, 주방, 복도, 계단",미끄러운 바닥과 계단 모서리에 비접착식 논슬립(미끄럼 방지) 접착 테이프 부착,해당 공간의 미끄러짐 관련 환경 위험 점수 감소(총 환경 위험 점수 감소) 및 신체적 삶의 질 향상,공간: 욕실. 개선전략: 미끄러운 바닥과 계단 모서리에 비접착식 논슬립(미끄럼 방지) 접착 테이프 부착. 기대효과: 해당 공간의 미끄러짐 관련 환경 위험 점수 감소(총 환경 위험 점수 감소) 및 신체적 삶의 질 향상,비무작위 중재연구,코호트/비무작위 중재연구,2,0.667,Tier 2,TRUE,"바닥, 계단 모서리",The effect of home modification on quality of life and environmental risk in older adults: a single-group intervention study,The effect of home modification on quality of life and environmental risk in older adults  a single-group intervention study.pdf,자동매칭_1.00,10.1080/17483107.2025.2610356,https://doi.org/10.1080/17483107.2025.2610356,"위험요인=ADL | 모델요인=ADL | 별칭=ADL|일상생활수행능력 | 공간=욕실|계단|주방|복도 | 개선대상=바닥, 계단 모서리 | 개선전략=미끄러운 바닥과 계단 모서리에 비접착식 논슬립(미끄럼 방지) 접착 테이프 부착 | 기대효과=해당 공간의 미끄러짐 관련 환경 위험 점수 감소(총 환경 위험 점수 감소) 및 신체적 삶의 질 향상 | 근거유형=코호트/비무작위 중재연구 | 출처=The effect of home modification on quality of life and environmental risk in older adults: a single-group intervention study",자동분류완료,
E0280,single,일상생활의 불편함_시력,,시력,,시력|일상생활의 불편함_시력|시각기능,대표모델명_자동매핑,시력,욕실,욕실|침실|복도|현관,"복도, 출입구, 욕실, 침실(야간 이동 경로)",복도·출입구·욕실 등 야간 시야가 취약한 구역에 배터리 작동 LED 조명 및 동작감지(모션) 야간등 설치,야간 시인성 향상으로 해당 구역의 환경 위험 점수 감소 및 전반적 삶의 질(신체·정신) 점수 개선,공간: 욕실. 개선전략: 복도·출입구·욕실 등 야간 시야가 취약한 구역에 배터리 작동 LED 조명 및 동작감지(모션) 야간등 설치. 기대효과: 야간 시인성 향상으로 해당 구역의 환경 위험 점수 감소 및 전반적 삶의 질(신체·정신) 점수 개선,비무작위 중재연구,코호트/비무작위 중재연구,2,0.667,Tier 2,TRUE,"조명, 야간등",The effect of home modification on quality of life and environmental risk in older adults: a single-group intervention study,The effect of home modification on quality of life and environmental risk in older adults  a single-group intervention study.pdf,자동매칭_1.00,10.1080/17483107.2025.2610356,https://doi.org/10.1080/17483107.2025.2610356,"위험요인=시력 | 모델요인=일상생활의 불편함_시력 | 별칭=시력|일상생활의 불편함_시력|시각기능 | 공간=욕실|침실|복도|현관 | 개선대상=조명, 야간등 | 개선전략=복도·출입구·욕실 등 야간 시야가 취약한 구역에 배터리 작동 LED 조명 및 동작감지(모션) 야간등 설치 | 기대효과=야간 시인성 향상으로 해당 구역의 환경 위험 점수 감소 및 전반적 삶의 질(신체·정신) 점수 개선 | 근거유형=코호트/비무작위 중재연구 | 출처=The effect of home modification on quality of life and environmental risk in older adults: a single-group intervention study",자동분류완료,
E0281,single,IADL,,IADL,,IADL|도구적 일상생활수행능력,대표모델명_자동매핑,IADL,주방,주방,주방,자주 사용하는 조리도구·식기류를 허리 높이 또는 낮은 선반에 재배치하여 고위치 접근(뻗음)과 굽힘·들기 동작을 줄임,주방 내 접근성 향상으로 일상적 가사활동(IADL) 수행 부담 감소 및 환경 위험 점수 감소,공간: 주방. 개선전략: 자주 사용하는 조리도구·식기류를 허리 높이 또는 낮은 선반에 재배치하여 고위치 접근(뻗음)과 굽힘·들기 동작을 줄임. 기대효과: 주방 내 접근성 향상으로 일상적 가사활동(IADL) 수행 부담 감소 및 환경 위험 점수 감소,비무작위 중재연구,코호트/비무작위 중재연구,2,0.667,Tier 2,TRUE,"수납장, 선반",The effect of home modification on quality of life and environmental risk in older adults: a single-group intervention study,The effect of home modification on quality of life and environmental risk in older adults  a single-group intervention study.pdf,자동매칭_1.00,10.1080/17483107.2025.2610356,https://doi.org/10.1080/17483107.2025.2610356,"위험요인=IADL | 모델요인=IADL | 별칭=IADL|도구적 일상생활수행능력 | 공간=주방 | 개선대상=수납장, 선반 | 개선전략=자주 사용하는 조리도구·식기류를 허리 높이 또는 낮은 선반에 재배치하여 고위치 접근(뻗음)과 굽힘·들기 동작을 줄임 | 기대효과=주방 내 접근성 향상으로 일상적 가사활동(IADL) 수행 부담 감소 및 환경 위험 점수 감소 | 근거유형=코호트/비무작위 중재연구 | 출처=The effect of home modification on quality of life and environmental risk in older adults: a single-group intervention study",자동분류완료,
E0282,single,동작수행 어려움_머리보다 높은 곳에 있는 것 손 뻗쳐 닿기,,동작수행 어려움_머리보다 높은 곳에 있는 것 손 뻗쳐 닿기,,동작수행 어려움_머리보다 높은 곳에 있는 것 손 뻗쳐 닿기,원문명_유지,동작수행 어려움_머리보다 높은 곳에 있는 것 손 뻗쳐 닿기,주방,주방,"주방, 수납공간",빈번 사용 물품을 높은 선반에서 눈·허리 높이의 접근 가능한 선반으로 이동시켜 높은 곳으로 손을 뻗는 동작 최소화,높은 위치 접근 동작의 필요성 감소로 관련 동작 수행 부담 및 환경 위험 점수 감소,공간: 주방. 개선전략: 빈번 사용 물품을 높은 선반에서 눈·허리 높이의 접근 가능한 선반으로 이동시켜 높은 곳으로 손을 뻗는 동작 최소화. 기대효과: 높은 위치 접근 동작의 필요성 감소로 관련 동작 수행 부담 및 환경 위험 점수 감소,비무작위 중재연구,코호트/비무작위 중재연구,2,0.667,Tier 2,TRUE,"선반, 수납장",The effect of home modification on quality of life and environmental risk in older adults: a single-group intervention study,The effect of home modification on quality of life and environmental risk in older adults  a single-group intervention study.pdf,자동매칭_1.00,10.1080/17483107.2025.2610356,https://doi.org/10.1080/17483107.2025.2610356,"위험요인=동작수행 어려움_머리보다 높은 곳에 있는 것 손 뻗쳐 닿기 | 모델요인=동작수행 어려움_머리보다 높은 곳에 있는 것 손 뻗쳐 닿기 | 별칭=동작수행 어려움_머리보다 높은 곳에 있는 것 손 뻗쳐 닿기 | 공간=주방 | 개선대상=선반, 수납장 | 개선전략=빈번 사용 물품을 높은 선반에서 눈·허리 높이의 접근 가능한 선반으로 이동시켜 높은 곳으로 손을 뻗는 동작 최소화 | 기대효과=높은 위치 접근 동작의 필요성 감소로 관련 동작 수행 부담 및 환경 위험 점수 감소 | 근거유형=코호트/비무작위 중재연구 | 출처=The effect of home modification on quality of life and environmental risk in older adults: a single-group intervention study",자동분류완료,
E0283,single,근력상태_의자나 침대에 앉았다가 일어나기 5회 반복,,근력상태_의자나 침대에 앉았다가 일어나기 5회 반복,,근력상태_의자나 침대에 앉았다가 일어나기 5회 반복,원문명_유지,근력상태_의자나 침대에 앉았다가 일어나기 5회 반복,욕실,욕실,"욕실, 화장실",욕실에 비영구(스티커형) 손잡이 설치 및 변기·욕조 주변에 미끄럼 방지 매트 배치(영구 구조물 없이 적용 가능한 제품 사용),욕실 내 이동·전이 시 안전성 향상으로 욕실 관련 환경 위험 점수 감소 및 신체적 삶의 질 개선,공간: 욕실. 개선전략: 욕실에 비영구(스티커형) 손잡이 설치 및 변기·욕조 주변에 미끄럼 방지 매트 배치(영구 구조물 없이 적용 가능한 제품 사용). 기대효과: 욕실 내 이동·전이 시 안전성 향상으로 욕실 관련 환경 위험 점수 감소 및 신체적 삶의 질 개선,비무작위 중재연구,코호트/비무작위 중재연구,2,0.667,Tier 2,TRUE,"손잡이, 미끄럼 방지 매트, 변기 주변",The effect of home modification on quality of life and environmental risk in older adults: a single-group intervention study,The effect of home modification on quality of life and environmental risk in older adults  a single-group intervention study.pdf,자동매칭_1.00,10.1080/17483107.2025.2610356,https://doi.org/10.1080/17483107.2025.2610356,"위험요인=근력상태_의자나 침대에 앉았다가 일어나기 5회 반복 | 모델요인=근력상태_의자나 침대에 앉았다가 일어나기 5회 반복 | 별칭=근력상태_의자나 침대에 앉았다가 일어나기 5회 반복 | 공간=욕실 | 개선대상=손잡이, 미끄럼 방지 매트, 변기 주변 | 개선전략=욕실에 비영구(스티커형) 손잡이 설치 및 변기·욕조 주변에 미끄럼 방지 매트 배치(영구 구조물 없이 적용 가능한 제품 사용) | 기대효과=욕실 내 이동·전이 시 안전성 향상으로 욕실 관련 환경 위험 점수 감소 및 신체적 삶의 질 개선 | 근거유형=코호트/비무작위 중재연구 | 출처=The effect of home modification on quality of life and environmental risk in older adults: a single-group intervention study",자동분류완료,
E0284,single,ADL,,ADL,,ADL|일상생활수행능력,대표모델명_자동매핑,ADL,침실,침실|거실|복도,"거실, 복도, 침실","통행을 방해하는 가구(커피테이블, 협탁 등)를 재배치하여 동선 확보하고 불안정한 가구는 브라켓·접착 앵커로 고정",보행 동선 개선과 가구 전도·걸림 위험 감소로 해당 공간의 환경 위험 점수 감소 및 신체적 삶의 질 향상,"공간: 침실. 개선전략: 통행을 방해하는 가구(커피테이블, 협탁 등)를 재배치하여 동선 확보하고 불안정한 가구는 브라켓·접착 앵커로 고정. 기대효과: 보행 동선 개선과 가구 전도·걸림 위험 감소로 해당 공간의 환경 위험 점수 감소 및 신체적 삶의 질 향상",비무작위 중재연구,코호트/비무작위 중재연구,2,0.667,Tier 2,TRUE,"가구(테이블, 의자 등)",The effect of home modification on quality of life and environmental risk in older adults: a single-group intervention study,The effect of home modification on quality of life and environmental risk in older adults  a single-group intervention study.pdf,자동매칭_1.00,10.1080/17483107.2025.2610356,https://doi.org/10.1080/17483107.2025.2610356,"위험요인=ADL | 모델요인=ADL | 별칭=ADL|일상생활수행능력 | 공간=침실|거실|복도 | 개선대상=가구(테이블, 의자 등) | 개선전략=통행을 방해하는 가구(커피테이블, 협탁 등)를 재배치하여 동선 확보하고 불안정한 가구는 브라켓·접착 앵커로 고정 | 기대효과=보행 동선 개선과 가구 전도·걸림 위험 감소로 해당 공간의 환경 위험 점수 감소 및 신체적 삶의 질 향상 | 근거유형=코호트/비무작위 중재연구 | 출처=The effect of home modification on quality of life and environmental risk in older adults: a single-group intervention study",자동분류완료,
E0285,single,ADL,,ADL,,ADL|일상생활수행능력,대표모델명_자동매핑,ADL,침실,침실|거실|복도,"거실, 복도, 침실",느슨하거나 주름진 러그·카펫을 고정하거나 제거하여 걸려 넘어질 위험을 줄임,러그·카펫 관련 걸림 위험 완화로 해당 영역 환경 위험 점수 감소 및 신체적 삶의 질 개선,공간: 침실. 개선전략: 느슨하거나 주름진 러그·카펫을 고정하거나 제거하여 걸려 넘어질 위험을 줄임. 기대효과: 러그·카펫 관련 걸림 위험 완화로 해당 영역 환경 위험 점수 감소 및 신체적 삶의 질 개선,비무작위 중재연구,코호트/비무작위 중재연구,2,0.667,Tier 2,TRUE,"카펫, 러그",The effect of home modification on quality of life and environmental risk in older adults: a single-group intervention study,The effect of home modification on quality of life and environmental risk in older adults  a single-group intervention study.pdf,자동매칭_1.00,10.1080/17483107.2025.2610356,https://doi.org/10.1080/17483107.2025.2610356,"위험요인=ADL | 모델요인=ADL | 별칭=ADL|일상생활수행능력 | 공간=침실|거실|복도 | 개선대상=카펫, 러그 | 개선전략=느슨하거나 주름진 러그·카펫을 고정하거나 제거하여 걸려 넘어질 위험을 줄임 | 기대효과=러그·카펫 관련 걸림 위험 완화로 해당 영역 환경 위험 점수 감소 및 신체적 삶의 질 개선 | 근거유형=코호트/비무작위 중재연구 | 출처=The effect of home modification on quality of life and environmental risk in older adults: a single-group intervention study",자동분류완료,
E0286,single,IADL,,IADL,,IADL|도구적 일상생활수행능력,대표모델명_자동매핑,IADL,복도,복도|주거공간 전반,주거공간 전반(복도·주 통로),복도 및 주요 통로에서 애완동물 관련 장애물(장난감·먹이 그릇 등)을 정리하여 보행 경로 확보 및 동선 정리,주거 내 이동성 개선으로 일상적 활동 수행 용이성 증가 및 환경 위험 점수 감소,공간: 복도. 개선전략: 복도 및 주요 통로에서 애완동물 관련 장애물(장난감·먹이 그릇 등)을 정리하여 보행 경로 확보 및 동선 정리. 기대효과: 주거 내 이동성 개선으로 일상적 활동 수행 용이성 증가 및 환경 위험 점수 감소,비무작위 중재연구,코호트/비무작위 중재연구,2,0.667,Tier 2,TRUE,"동선, 바닥",The effect of home modification on quality of life and environmental risk in older adults: a single-group intervention study,The effect of home modification on quality of life and environmental risk in older adults  a single-group intervention study.pdf,자동매칭_1.00,10.1080/17483107.2025.2610356,https://doi.org/10.1080/17483107.2025.2610356,"위험요인=IADL | 모델요인=IADL | 별칭=IADL|도구적 일상생활수행능력 | 공간=복도|주거공간 전반 | 개선대상=동선, 바닥 | 개선전략=복도 및 주요 통로에서 애완동물 관련 장애물(장난감·먹이 그릇 등)을 정리하여 보행 경로 확보 및 동선 정리 | 기대효과=주거 내 이동성 개선으로 일상적 활동 수행 용이성 증가 및 환경 위험 점수 감소 | 근거유형=코호트/비무작위 중재연구 | 출처=The effect of home modification on quality of life and environmental risk in older adults: a single-group intervention study",자동분류완료,
E0287,single,ADL,,ADL,,ADL|일상생활수행능력,대표모델명_자동매핑,ADL,욕실,욕실,욕실,변기 옆 및 욕실 벽면에 견고한 그랩바(안전손잡이)를 설치하여 화장실 앉기·일어서기 및 목욕 중 지지 제공,"체계적 문헌고찰에서 그랩바(secure rails)가 포함된 개입이 낙상자 수 감소와 연관되었으며, 한 연구에서는 욕실 내 낙상 감소가 보고됨","공간: 욕실. 개선전략: 변기 옆 및 욕실 벽면에 견고한 그랩바(안전손잡이)를 설치하여 화장실 앉기·일어서기 및 목욕 중 지지 제공. 기대효과: 체계적 문헌고찰에서 그랩바(secure rails)가 포함된 개입이 낙상자 수 감소와 연관되었으며, 한 연구에서는 욕실 내 낙상 감소가 보고됨",체계적 문헌고찰,체계적 문헌고찰/메타분석,3,1.000,Tier 1,TRUE,"그랩바, 손잡이",The influence of home modifications on falls in community-dwelling older adults: A systematic review,The influence of home modifications on falls in community-dwelling older adults  A systematic review.pdf,자동매칭_1.00,10.1080/10400435.2025.2596022,https://doi.org/10.1080/10400435.2025.2596022,"위험요인=ADL | 모델요인=ADL | 별칭=ADL|일상생활수행능력 | 공간=욕실 | 개선대상=그랩바, 손잡이 | 개선전략=변기 옆 및 욕실 벽면에 견고한 그랩바(안전손잡이)를 설치하여 화장실 앉기·일어서기 및 목욕 중 지지 제공 | 기대효과=체계적 문헌고찰에서 그랩바(secure rails)가 포함된 개입이 낙상자 수 감소와 연관되었으며, 한 연구에서는 욕실 내 낙상 감소가 보고됨 | 근거유형=체계적 문헌고찰/메타분석 | 출처=The influence of home modifications on falls in community-dwelling older adults: A systematic review",자동분류완료,
E0288,single,동작수행 어려움_쉬지않고 10계단 오르기,,동작수행 어려움_쉬지않고 10계단 오르기,,동작수행 어려움_쉬지않고 10계단 오르기,원문명_유지,동작수행 어려움_쉬지않고 10계단 오르기,계단,계단,계단,실내·외 계단 측면에 견고한 핸드레일/난간을 설치하여 계단 오르내릴 때의 지지 제공,문헌에서 핸드레일 등 secure rails 적용이 낙상자 수 및 낙상률 감소와 관련 있음(여러 RCT를 포함한 종합결과),공간: 계단. 개선전략: 실내·외 계단 측면에 견고한 핸드레일/난간을 설치하여 계단 오르내릴 때의 지지 제공. 기대효과: 문헌에서 핸드레일 등 secure rails 적용이 낙상자 수 및 낙상률 감소와 관련 있음(여러 RCT를 포함한 종합결과),체계적 문헌고찰,체계적 문헌고찰/메타분석,3,1.000,Tier 1,TRUE,"난간, 핸드레일",The influence of home modifications on falls in community-dwelling older adults: A systematic review,The influence of home modifications on falls in community-dwelling older adults  A systematic review.pdf,자동매칭_1.00,10.1080/10400435.2025.2596022,https://doi.org/10.1080/10400435.2025.2596022,"위험요인=동작수행 어려움_쉬지않고 10계단 오르기 | 모델요인=동작수행 어려움_쉬지않고 10계단 오르기 | 별칭=동작수행 어려움_쉬지않고 10계단 오르기 | 공간=계단 | 개선대상=난간, 핸드레일 | 개선전략=실내·외 계단 측면에 견고한 핸드레일/난간을 설치하여 계단 오르내릴 때의 지지 제공 | 기대효과=문헌에서 핸드레일 등 secure rails 적용이 낙상자 수 및 낙상률 감소와 관련 있음(여러 RCT를 포함한 종합결과) | 근거유형=체계적 문헌고찰/메타분석 | 출처=The influence of home modifications on falls in community-dwelling older adults: A systematic review",자동분류완료,
E0289,single,근력상태_의자나 침대에 앉았다가 일어나기 5회 반복,,근력상태_의자나 침대에 앉았다가 일어나기 5회 반복,,근력상태_의자나 침대에 앉았다가 일어나기 5회 반복,원문명_유지,근력상태_의자나 침대에 앉았다가 일어나기 5회 반복,욕실,욕실,화장실,변기 높임(raised toilet seat) 또는 변기 안전 프레임 설치로 앉았다 일어서기 동작의 물리적 부담 감소,"여러 연구에서 변기 높임장치가 높은 순응도로 적용되었으며, 조합 개입을 포함한 일부 연구에서 기능적 독립성 유지 및 낙상률에 긍정적 연관성 보고(연구별 상이)","공간: 욕실. 개선전략: 변기 높임(raised toilet seat) 또는 변기 안전 프레임 설치로 앉았다 일어서기 동작의 물리적 부담 감소. 기대효과: 여러 연구에서 변기 높임장치가 높은 순응도로 적용되었으며, 조합 개입을 포함한 일부 연구에서 기능적 독립성 유지 및 낙상률에 긍정적 연관성 보고(연구별 상이)",체계적 문헌고찰,체계적 문헌고찰/메타분석,3,1.000,Tier 1,TRUE,"변기, 변기 높임장치, 변기 안전 프레임",The influence of home modifications on falls in community-dwelling older adults: A systematic review,The influence of home modifications on falls in community-dwelling older adults  A systematic review.pdf,자동매칭_1.00,10.1080/10400435.2025.2596022,https://doi.org/10.1080/10400435.2025.2596022,"위험요인=근력상태_의자나 침대에 앉았다가 일어나기 5회 반복 | 모델요인=근력상태_의자나 침대에 앉았다가 일어나기 5회 반복 | 별칭=근력상태_의자나 침대에 앉았다가 일어나기 5회 반복 | 공간=욕실 | 개선대상=변기, 변기 높임장치, 변기 안전 프레임 | 개선전략=변기 높임(raised toilet seat) 또는 변기 안전 프레임 설치로 앉았다 일어서기 동작의 물리적 부담 감소 | 기대효과=여러 연구에서 변기 높임장치가 높은 순응도로 적용되었으며, 조합 개입을 포함한 일부 연구에서 기능적 독립성 유지 및 낙상률에 긍정적 연관성 보고(연구별 상이) | 근거유형=체계적 문헌고찰/메타분석 | 출처=The influence of home modifications on falls in community-dwelling older adults: A systematic review",자동분류완료,
E0290,single,ADL,,ADL,,ADL|일상생활수행능력,대표모델명_자동매핑,ADL,욕실,욕실,욕실,플러시 플로어(무턱) 워크인 샤워(레벨 접근 샤워) 또는 최소 문턱의 쉬운 접근 샤워 설치로 욕실 출입과 샤워 수행을 용이하게 함,한 연구(BATH-OUT)에서 접근성 높은 샤워 설치가 단기(3개월) 추적에서 낙상 수 및 낙상자 수 감소와 관련 있음,공간: 욕실. 개선전략: 플러시 플로어(무턱) 워크인 샤워(레벨 접근 샤워) 또는 최소 문턱의 쉬운 접근 샤워 설치로 욕실 출입과 샤워 수행을 용이하게 함. 기대효과: 한 연구(BATH-OUT)에서 접근성 높은 샤워 설치가 단기(3개월) 추적에서 낙상 수 및 낙상자 수 감소와 관련 있음,체계적 문헌고찰,체계적 문헌고찰/메타분석,3,1.000,Tier 1,TRUE,"샤워 공간, 욕실 바닥(레벨 접근)",The influence of home modifications on falls in community-dwelling older adults: A systematic review,The influence of home modifications on falls in community-dwelling older adults  A systematic review.pdf,자동매칭_1.00,10.1080/10400435.2025.2596022,https://doi.org/10.1080/10400435.2025.2596022,"위험요인=ADL | 모델요인=ADL | 별칭=ADL|일상생활수행능력 | 공간=욕실 | 개선대상=샤워 공간, 욕실 바닥(레벨 접근) | 개선전략=플러시 플로어(무턱) 워크인 샤워(레벨 접근 샤워) 또는 최소 문턱의 쉬운 접근 샤워 설치로 욕실 출입과 샤워 수행을 용이하게 함 | 기대효과=한 연구(BATH-OUT)에서 접근성 높은 샤워 설치가 단기(3개월) 추적에서 낙상 수 및 낙상자 수 감소와 관련 있음 | 근거유형=체계적 문헌고찰/메타분석 | 출처=The influence of home modifications on falls in community-dwelling older adults: A systematic review",자동분류완료,
E0291,single,IADL,,IADL,,IADL|도구적 일상생활수행능력,대표모델명_자동매핑,IADL,주방,주방,주방,주방에서 이동 및 물품 운반을 돕는 이동식 트롤리(카트) 설치로 조리·정리 등 가사활동 수행 부담 경감,연구에선 트롤리 등 보조장비 설치가 IADL 수행 지원 및 독립성 유지에 기여할 수 있음을 보고함(낙상 결과는 연구별로 상이),공간: 주방. 개선전략: 주방에서 이동 및 물품 운반을 돕는 이동식 트롤리(카트) 설치로 조리·정리 등 가사활동 수행 부담 경감. 기대효과: 연구에선 트롤리 등 보조장비 설치가 IADL 수행 지원 및 독립성 유지에 기여할 수 있음을 보고함(낙상 결과는 연구별로 상이),체계적 문헌고찰,체계적 문헌고찰/메타분석,3,1.000,Tier 1,TRUE,이동식 카트(트롤리),The influence of home modifications on falls in community-dwelling older adults: A systematic review,The influence of home modifications on falls in community-dwelling older adults  A systematic review.pdf,자동매칭_1.00,10.1080/10400435.2025.2596022,https://doi.org/10.1080/10400435.2025.2596022,위험요인=IADL | 모델요인=IADL | 별칭=IADL|도구적 일상생활수행능력 | 공간=주방 | 개선대상=이동식 카트(트롤리) | 개선전략=주방에서 이동 및 물품 운반을 돕는 이동식 트롤리(카트) 설치로 조리·정리 등 가사활동 수행 부담 경감 | 기대효과=연구에선 트롤리 등 보조장비 설치가 IADL 수행 지원 및 독립성 유지에 기여할 수 있음을 보고함(낙상 결과는 연구별로 상이) | 근거유형=체계적 문헌고찰/메타분석 | 출처=The influence of home modifications on falls in community-dwelling older adults: A systematic review,자동분류완료,
E0292,single,동작수행 어려움_머리보다 높은 곳에 있는 것 손 뻗쳐 닿기,,동작수행 어려움_머리보다 높은 곳에 있는 것 손 뻗쳐 닿기,,동작수행 어려움_머리보다 높은 곳에 있는 것 손 뻗쳐 닿기,원문명_유지,동작수행 어려움_머리보다 높은 곳에 있는 것 손 뻗쳐 닿기,주방,주방|주거공간 전반,주거공간 전반 / 주방,높은 곳 물건에 손을 뻗지 않아도 되도록 이지리치(집게형 접근도구) 비치 또는 고정형 손이 닿기 쉬운 수납 재배치 시행,"문헌에 이지리치 등이 설치항목으로 보고되었으며, 높은 곳 물건 접근성 향상으로 낙상 위험을 줄이고 일상활동 수행을 지원할 수 있음","공간: 주방. 개선전략: 높은 곳 물건에 손을 뻗지 않아도 되도록 이지리치(집게형 접근도구) 비치 또는 고정형 손이 닿기 쉬운 수납 재배치 시행. 기대효과: 문헌에 이지리치 등이 설치항목으로 보고되었으며, 높은 곳 물건 접근성 향상으로 낙상 위험을 줄이고 일상활동 수행을 지원할 수 있음",체계적 문헌고찰,체계적 문헌고찰/메타분석,3,1.000,Tier 1,TRUE,"이지리치(집게), 수납장(재배치)",The influence of home modifications on falls in community-dwelling older adults: A systematic review,The influence of home modifications on falls in community-dwelling older adults  A systematic review.pdf,자동매칭_1.00,10.1080/10400435.2025.2596022,https://doi.org/10.1080/10400435.2025.2596022,"위험요인=동작수행 어려움_머리보다 높은 곳에 있는 것 손 뻗쳐 닿기 | 모델요인=동작수행 어려움_머리보다 높은 곳에 있는 것 손 뻗쳐 닿기 | 별칭=동작수행 어려움_머리보다 높은 곳에 있는 것 손 뻗쳐 닿기 | 공간=주방|주거공간 전반 | 개선대상=이지리치(집게), 수납장(재배치) | 개선전략=높은 곳 물건에 손을 뻗지 않아도 되도록 이지리치(집게형 접근도구) 비치 또는 고정형 손이 닿기 쉬운 수납 재배치 시행 | 기대효과=문헌에 이지리치 등이 설치항목으로 보고되었으며, 높은 곳 물건 접근성 향상으로 낙상 위험을 줄이고 일상활동 수행을 지원할 수 있음 | 근거유형=체계적 문헌고찰/메타분석 | 출처=The influence of home modifications on falls in community-dwelling older adults: A systematic review",자동분류완료,
E0293,single,ADL,,ADL,,ADL|일상생활수행능력,대표모델명_자동매핑,ADL,욕실,욕실,욕실,"욕조 출입을 돕기 위해 욕조 보조의자(목욕 의자), 분리형 욕조 보드 또는 배스 리프트 설치","욕실 보조기구(욕조의자·보드·리프트)가 욕실 활동 수행을 용이하게 하며, 조합 개입을 포함한 일부 연구에서 낙상률 감소와 연관되었다고 보고됨","공간: 욕실. 개선전략: 욕조 출입을 돕기 위해 욕조 보조의자(목욕 의자), 분리형 욕조 보드 또는 배스 리프트 설치. 기대효과: 욕실 보조기구(욕조의자·보드·리프트)가 욕실 활동 수행을 용이하게 하며, 조합 개입을 포함한 일부 연구에서 낙상률 감소와 연관되었다고 보고됨",체계적 문헌고찰,체계적 문헌고찰/메타분석,3,1.000,Tier 1,TRUE,"욕조 의자, 욕조 보드, 배스 리프트",The influence of home modifications on falls in community-dwelling older adults: A systematic review,The influence of home modifications on falls in community-dwelling older adults  A systematic review.pdf,자동매칭_1.00,10.1080/10400435.2025.2596022,https://doi.org/10.1080/10400435.2025.2596022,"위험요인=ADL | 모델요인=ADL | 별칭=ADL|일상생활수행능력 | 공간=욕실 | 개선대상=욕조 의자, 욕조 보드, 배스 리프트 | 개선전략=욕조 출입을 돕기 위해 욕조 보조의자(목욕 의자), 분리형 욕조 보드 또는 배스 리프트 설치 | 기대효과=욕실 보조기구(욕조의자·보드·리프트)가 욕실 활동 수행을 용이하게 하며, 조합 개입을 포함한 일부 연구에서 낙상률 감소와 연관되었다고 보고됨 | 근거유형=체계적 문헌고찰/메타분석 | 출처=The influence of home modifications on falls in community-dwelling older adults: A systematic review",자동분류완료,
E0294,single,근력상태_의자나 침대에 앉았다가 일어나기 5회 반복,,근력상태_의자나 침대에 앉았다가 일어나기 5회 반복,,근력상태_의자나 침대에 앉았다가 일어나기 5회 반복,원문명_유지,근력상태_의자나 침대에 앉았다가 일어나기 5회 반복,침실,침실|거실,침실/거실,의자·침대 하단에 가구 높임장치(furniture raisers) 설치로 앉고 일어서기 동작의 물리적 부하 감소,연구에서 가구 높임장치가 적용되었고 높은 순응도가 보고됨; 앉았다 일어서기 동작 부담 감소 및 기능적 독립성 유지에 기여할 수 있음,공간: 침실. 개선전략: 의자·침대 하단에 가구 높임장치(furniture raisers) 설치로 앉고 일어서기 동작의 물리적 부하 감소. 기대효과: 연구에서 가구 높임장치가 적용되었고 높은 순응도가 보고됨; 앉았다 일어서기 동작 부담 감소 및 기능적 독립성 유지에 기여할 수 있음,체계적 문헌고찰,체계적 문헌고찰/메타분석,3,1.000,Tier 1,TRUE,가구 레이저(의자/침대 높임장치),The influence of home modifications on falls in community-dwelling older adults: A systematic review,The influence of home modifications on falls in community-dwelling older adults  A systematic review.pdf,자동매칭_1.00,10.1080/10400435.2025.2596022,https://doi.org/10.1080/10400435.2025.2596022,위험요인=근력상태_의자나 침대에 앉았다가 일어나기 5회 반복 | 모델요인=근력상태_의자나 침대에 앉았다가 일어나기 5회 반복 | 별칭=근력상태_의자나 침대에 앉았다가 일어나기 5회 반복 | 공간=침실|거실 | 개선대상=가구 레이저(의자/침대 높임장치) | 개선전략=의자·침대 하단에 가구 높임장치(furniture raisers) 설치로 앉고 일어서기 동작의 물리적 부하 감소 | 기대효과=연구에서 가구 높임장치가 적용되었고 높은 순응도가 보고됨; 앉았다 일어서기 동작 부담 감소 및 기능적 독립성 유지에 기여할 수 있음 | 근거유형=체계적 문헌고찰/메타분석 | 출처=The influence of home modifications on falls in community-dwelling older adults: A systematic review,자동분류완료,
E0295,single,동작수행 어려움_운동장 한 바퀴(400m)정도 걷기,,동작수행 어려움_운동장 한 바퀴(400m)정도 걷기,,동작수행 어려움_운동장 한 바퀴(400m)정도 걷기,원문명_유지,동작수행 어려움_운동장 한 바퀴(400m)정도 걷기,주거공간 전반,주거공간 전반,주거공간 전반,보행보조기(롤레이터·워커) 제공·설치로 집안 내 보행 안정성 및 이동성 지원,"문헌에서 보행보조기가 다수 설치·순응되었음이 보고되며, 보행 안정성 및 일상 이동 지원에 기여할 수 있음(낙상률 영향은 연구별 상이)","공간: 주거공간 전반. 개선전략: 보행보조기(롤레이터·워커) 제공·설치로 집안 내 보행 안정성 및 이동성 지원. 기대효과: 문헌에서 보행보조기가 다수 설치·순응되었음이 보고되며, 보행 안정성 및 일상 이동 지원에 기여할 수 있음(낙상률 영향은 연구별 상이)",체계적 문헌고찰,체계적 문헌고찰/메타분석,3,1.000,Tier 1,TRUE,"롤레이터, 워커(보행보조기)",The influence of home modifications on falls in community-dwelling older adults: A systematic review,The influence of home modifications on falls in community-dwelling older adults  A systematic review.pdf,자동매칭_1.00,10.1080/10400435.2025.2596022,https://doi.org/10.1080/10400435.2025.2596022,"위험요인=동작수행 어려움_운동장 한 바퀴(400m)정도 걷기 | 모델요인=동작수행 어려움_운동장 한 바퀴(400m)정도 걷기 | 별칭=동작수행 어려움_운동장 한 바퀴(400m)정도 걷기 | 공간=주거공간 전반 | 개선대상=롤레이터, 워커(보행보조기) | 개선전략=보행보조기(롤레이터·워커) 제공·설치로 집안 내 보행 안정성 및 이동성 지원 | 기대효과=문헌에서 보행보조기가 다수 설치·순응되었음이 보고되며, 보행 안정성 및 일상 이동 지원에 기여할 수 있음(낙상률 영향은 연구별 상이) | 근거유형=체계적 문헌고찰/메타분석 | 출처=The influence of home modifications on falls in community-dwelling older adults: A systematic review",자동분류완료,
E0296,single,ADL,,ADL,,ADL|일상생활수행능력,대표모델명_자동매핑,ADL,욕실,욕실|거실|복도|주거공간 전반,주거공간 전반(복도·거실·욕실 등),바닥 매트·카펫·문턱 등 가정 내 위험요소 제거(home hazard removal) 및 반응 없는 계단·반계단 개선(반계단·손잡이 설치 포함),"연구에서 주거위험요소 제거가 공존하는 경우가 많았으며, 환경 위험요소 감소로 일상 수행을 안전하게 하는 데 기여할 수 있으나 낙상 결과는 연구마다 상이하여 결론 불명","공간: 욕실. 개선전략: 바닥 매트·카펫·문턱 등 가정 내 위험요소 제거(home hazard removal) 및 반응 없는 계단·반계단 개선(반계단·손잡이 설치 포함). 기대효과: 연구에서 주거위험요소 제거가 공존하는 경우가 많았으며, 환경 위험요소 감소로 일상 수행을 안전하게 하는 데 기여할 수 있으나 낙상 결과는 연구마다 상이하여 결론 불명",체계적 문헌고찰,체계적 문헌고찰/메타분석,3,1.000,Tier 1,TRUE,"바닥, 문턱, 매트(바닥 위험요소)",The influence of home modifications on falls in community-dwelling older adults: A systematic review,The influence of home modifications on falls in community-dwelling older adults  A systematic review.pdf,자동매칭_1.00,10.1080/10400435.2025.2596022,https://doi.org/10.1080/10400435.2025.2596022,"위험요인=ADL | 모델요인=ADL | 별칭=ADL|일상생활수행능력 | 공간=욕실|거실|복도|주거공간 전반 | 개선대상=바닥, 문턱, 매트(바닥 위험요소) | 개선전략=바닥 매트·카펫·문턱 등 가정 내 위험요소 제거(home hazard removal) 및 반응 없는 계단·반계단 개선(반계단·손잡이 설치 포함) | 기대효과=연구에서 주거위험요소 제거가 공존하는 경우가 많았으며, 환경 위험요소 감소로 일상 수행을 안전하게 하는 데 기여할 수 있으나 낙상 결과는 연구마다 상이하여 결론 불명 | 근거유형=체계적 문헌고찰/메타분석 | 출처=The influence of home modifications on falls in community-dwelling older adults: A systematic review",자동분류완료,
E0297,single,동작수행 어려움_쌀 1말(8kg) 정도 물건 들어 올리거나 옮기기,,동작수행 어려움_쌀 1말(8kg) 정도 물건 들어 올리거나 옮기기,,동작수행 어려움_쌀 1말(8kg) 정도 물건 들어 올리거나 옮기기,원문명_유지,동작수행 어려움_쌀 1말(8kg) 정도 물건 들어 올리거나 옮기기,주방,주방|주거공간 전반,주거공간 전반 / 주방,"무거운 물품을 직접 들지 않도록 이동 보조장치(트롤리), 퍼칭 스툴(perching stool) 또는 보관 재배치를 통해 중량 화물을 처리하는 동작 최소화",문헌에서 트롤리·퍼칭 스툴 등이 설치되어 물건 옮기기 부담을 줄여 IADL 수행을 지원한다고 보고되었음(낙상 결과는 연구별 상이),"공간: 주방. 개선전략: 무거운 물품을 직접 들지 않도록 이동 보조장치(트롤리), 퍼칭 스툴(perching stool) 또는 보관 재배치를 통해 중량 화물을 처리하는 동작 최소화. 기대효과: 문헌에서 트롤리·퍼칭 스툴 등이 설치되어 물건 옮기기 부담을 줄여 IADL 수행을 지원한다고 보고되었음(낙상 결과는 연구별 상이)",체계적 문헌고찰,체계적 문헌고찰/메타분석,3,1.000,Tier 1,TRUE,"트롤리, 퍼칭 스툴",The influence of home modifications on falls in community-dwelling older adults: A systematic review,The influence of home modifications on falls in community-dwelling older adults  A systematic review.pdf,자동매칭_1.00,10.1080/10400435.2025.2596022,https://doi.org/10.1080/10400435.2025.2596022,"위험요인=동작수행 어려움_쌀 1말(8kg) 정도 물건 들어 올리거나 옮기기 | 모델요인=동작수행 어려움_쌀 1말(8kg) 정도 물건 들어 올리거나 옮기기 | 별칭=동작수행 어려움_쌀 1말(8kg) 정도 물건 들어 올리거나 옮기기 | 공간=주방|주거공간 전반 | 개선대상=트롤리, 퍼칭 스툴 | 개선전략=무거운 물품을 직접 들지 않도록 이동 보조장치(트롤리), 퍼칭 스툴(perching stool) 또는 보관 재배치를 통해 중량 화물을 처리하는 동작 최소화 | 기대효과=문헌에서 트롤리·퍼칭 스툴 등이 설치되어 물건 옮기기 부담을 줄여 IADL 수행을 지원한다고 보고되었음(낙상 결과는 연구별 상이) | 근거유형=체계적 문헌고찰/메타분석 | 출처=The influence of home modifications on falls in community-dwelling older adults: A systematic review",자동분류완료,
